,FF68_CN1,FF68_CN10,FF68_CN100,FF68_CN101,FF68_CN102,FF68_CN103,FF68_CN104,FF68_CN105,FF68_CN106,FF68_CN107,FF68_CN108,FF68_CN109,FF68_CN11,FF68_CN110,FF68_CN111,FF68_CN112,FF68_CN113,FF68_CN114,FF68_CN115,FF68_CN116,FF68_CN117,FF68_CN118,FF68_CN119,FF68_CN12,FF68_CN120,FF68_CN121,FF68_CN122,FF68_CN123,FF68_CN124,FF68_CN125,FF68_CN126,FF68_CN127,FF68_CN128,FF68_CN129,FF68_CN13,FF68_CN130,FF68_CN131,FF68_CN132,FF68_CN133,FF68_CN134,FF68_CN135,FF68_CN136,FF68_CN137,FF68_CN138,FF68_CN139,FF68_CN14,FF68_CN140,FF68_CN141,FF68_CN142,FF68_CN143,FF68_CN144,FF68_CN145,FF68_CN146,FF68_CN147,FF68_CN148,FF68_CN149,FF68_CN15,FF68_CN150,FF68_CN151,FF68_CN152,FF68_CN153,FF68_CN154,FF68_CN155,FF68_CN156,FF68_CN157,FF68_CN158,FF68_CN159,FF68_CN16,FF68_CN160,FF68_CN161,FF68_CN162,FF68_CN163,FF68_CN164,FF68_CN165,FF68_CN166,FF68_CN167,FF68_CN168,FF68_CN169,FF68_CN17,FF68_CN170,FF68_CN18,FF68_CN19,FF68_CN2,FF68_CN20,FF68_CN21,FF68_CN22,FF68_CN23,FF68_CN24,FF68_CN25,FF68_CN26,FF68_CN27,FF68_CN28,FF68_CN29,FF68_CN3,FF68_CN30,FF68_CN31,FF68_CN32,FF68_CN33,FF68_CN34,FF68_CN35,FF68_CN36,FF68_CN37,FF68_CN38,FF68_CN39,FF68_CN4,FF68_CN40,FF68_CN41,FF68_CN42,FF68_CN43,FF68_CN44,FF68_CN45,FF68_CN46,FF68_CN47,FF68_CN48,FF68_CN49,FF68_CN5,FF68_CN50,FF68_CN51,FF68_CN52,FF68_CN53,FF68_CN54,FF68_CN55,FF68_CN56,FF68_CN57,FF68_CN58,FF68_CN59,FF68_CN6,FF68_CN60,FF68_CN61,FF68_CN62,FF68_CN63,FF68_CN64,FF68_CN65,FF68_CN66,FF68_CN67,FF68_CN68,FF68_CN69,FF68_CN7,FF68_CN70,FF68_CN71,FF68_CN72,FF68_CN73,FF68_CN74,FF68_CN75,FF68_CN76,FF68_CN77,FF68_CN78,FF68_CN79,FF68_CN8,FF68_CN80,FF68_CN81,FF68_CN82,FF68_CN83,FF68_CN84,FF68_CN85,FF68_CN86,FF68_CN87,FF68_CN88,FF68_CN89,FF68_CN9,FF68_CN90,FF68_CN91,FF68_CN92,FF68_CN93,FF68_CN94,FF68_CN95,FF68_CN96,FF68_CN97,FF68_CN98,FF68_CN99
FF68_CN1,0.745529354730471,0.197007551099296,0.185384061340295,0.185241467666853,0.184985546890015,0.185283629388963,0.185324522461809,0.184792866609747,0.184898924019003,0.185329042024814,0.197832406819912,0.185157194300894,0.197123828646871,0.184838116491252,0.185353405098523,0.184753838952104,0.184980443080638,0.18537541449399,0.185292030017154,0.185340493253704,0.185140885480741,0.159340874513143,0.185285695117207,0.159045258368522,0.161969098470802,0.164351033370383,0.0876249996017899,0.144436307207756,0.162626150287029,0.14568048072268,0.149441883904166,0.148584339599041,0.140466987435261,0.140216959200403,0.167101552613249,0.0733166181602419,0.0387267498961003,0.045560562859055,0.0424659558886415,0.117138885308519,0.123810035735157,0.125806593381449,0.162429463745925,0.0996614639087758,0.160020273753095,0.0830873750369617,0.150721517000676,0.144224726557357,0.0438473855690806,0.159469016435256,0.170917854087752,0.231855965075761,0.236181120101068,0.149296999150309,0.185209450965673,0.157234816577189,0.185494246032848,0.149341831712976,0.150827136225152,0.196934190620926,0.161672647688507,0.168260146554253,0.0806836936527805,0.195214824492598,0.176663921328673,0.15950494341394,0.153849580422258,0.168260893554971,0.151347557854119,0.145138583866357,0.154880971408532,0.158668027178933,0.134566562302881,0.148763310955511,0.0304521561676972,0.157239770151785,0.149827248637889,0.153869995659768,0.172328525299105,0.130517271721637,0.158844394465859,0.160326756880234,0.227257971167961,0.179845213767925,0.165199576108192,0.170676577028907,0.14545463611443,0.153630458820473,0.172277570669098,0.153156330370103,0.155017113332752,0.155810924705078,0.170000629015737,0.149226326205249,0.16985033998294,0.147188199429596,0.0415724553925147,0.149937370732617,0.148619194068314,0.161225982990805,0.0291305449693655,0.152273600873161,0.1575650660121,0.1488860068668,0.13979232476411,0.162005334265426,0.15558456262147,0.148058033774472,0.152473651004092,0.148238949836722,0.172588919733877,0.159915789635856,0.136907174291215,0.0529802956424562,0.156669399631208,0.139484831725386,0.148586805953369,0.146490605088347,0.150691904055997,0.161542702949017,0.143355067486393,0.141457017951593,0.156169835597719,0.14764346506853,0.142078280504351,0.142907079887978,0.18535607593908,0.161616885545497,0.13125056351621,0.130689570149902,0.161949300865171,0.151626956988732,0.153299228686296,0.130144176161724,0.156101862705535,0.158079428171552,0.150662357882332,0.16904837002735,0.183981306667281,0.145994525667147,0.145553002337518,0.187291079056904,0.184767468585323,0.159293129064993,0.184981699210337,0.185355554290534,0.159514111908791,0.144182164209164,0.163050688739989,0.177496610123861,0.160614272866227,0.154895306310586,0.166616473716594,0.160518577483697,0.166540989085343,0.145519141087077,0.15243461917326,0.148556316639132,0.167870833984331,0.153515320553323,0.1606049165779,0.152923804487271,0.161211239116291,0.153481505207955,0.185242060259602,0.185207794209889,0.185332960648694,0.184951493672909,0.185151293412537,0.185229928801008
FF68_CN10,0.197007551099296,0.724938877783851,0.20578309018654,0.205626307672638,0.205352650845223,0.205417326918594,0.205709362467593,0.204886835386088,0.205314270031777,0.205706787610368,0.21761705887421,0.205611559624935,0.219450411469698,0.205177552207562,0.205630409916806,0.204969122314383,0.205296467210188,0.205731876818853,0.20564210736381,0.20561820751401,0.205343398886606,0.171583448420573,0.205668406796922,0.160855487327247,0.167254883900368,0.169362974179058,0.0748214323280514,0.133631238112903,0.166427073562386,0.134043236134808,0.13947608472256,0.138676005221302,0.147474588654729,0.146827272886972,0.167097028877055,0.0526119950759809,0.0106318692579009,0.0184127873216053,0.021507352560135,0.112184584577621,0.115257445063434,0.119021222789103,0.161219598012598,0.0890032493126902,0.16157084693139,0.0809907067748424,0.146114133419042,0.137444322059172,0.0219395488137551,0.137069536357969,0.181579081725841,0.202455711115181,0.203393989922526,0.134315444865858,0.205420477675814,0.163277576645332,0.205620849142249,0.146886895229225,0.142607983304255,0.219494889311354,0.169127906824509,0.178809282352703,0.0776200559132669,0.215212309153806,0.180869226557159,0.157038655857821,0.155576804664288,0.179623759353841,0.156624829979408,0.131722768126741,0.142158280525419,0.164413531039424,0.131079387675617,0.142758326588501,0.00165989402085615,0.145697590795,0.139132852498629,0.142928713696492,0.170191418841673,0.129911850591934,0.148679951517804,0.148932850906262,0.201996601969757,0.187982956130084,0.168270483541847,0.172808183224066,0.140427972297183,0.139332097204203,0.177998244058783,0.148526954085755,0.154531587904942,0.154322248256698,0.176881949555105,0.13450939379539,0.172023093815436,0.141831645071638,0.0139514820257021,0.13936074196918,0.134486132443411,0.147079441967465,0.0018969269471285,0.136483992124475,0.148214353064464,0.142426270163026,0.133805076447676,0.1670357205667,0.13698272569348,0.138458306676752,0.150994906744034,0.139338732573713,0.183484263239567,0.128089953398524,0.127007353217752,0.0326268463595968,0.135101385604916,0.133477719032307,0.136843854504065,0.137184586988163,0.136326145447539,0.151150529111569,0.136556926937632,0.136289175171762,0.149410004918201,0.143522049272673,0.133393024174321,0.14393550373732,0.205393998795601,0.171971634229636,0.13076290976233,0.130124587215512,0.172229558136892,0.141365320483521,0.14195356476989,0.129455750315326,0.15070841736238,0.157129927660678,0.142281452180183,0.176839195240246,0.193123618934056,0.137851283042714,0.144111858504681,0.19702080931875,0.204899037788884,0.157380206286839,0.205281406173357,0.205481447957911,0.169082798831409,0.140744650523511,0.16957728826784,0.190210962976609,0.158653108030507,0.159205608958481,0.177850221067271,0.15850207617018,0.177797438580757,0.146552531030581,0.158820039738527,0.142892573885201,0.176135566468613,0.143351587047292,0.17505740238708,0.148968398124805,0.169348272036428,0.139593201080998,0.205536801128461,0.205469191303666,0.205710706234248,0.205346975309039,0.205514850157631,0.205505514735245
FF68_CN100,0.185384061340295,0.20578309018654,0.721111096618564,0.214450355901503,0.21415825358149,0.214232861843183,0.214480911986754,0.213495213239952,0.213953153892631,0.214506714810451,0.206341195706495,0.214315002709885,0.20557089607745,0.213925690139963,0.214431046558912,0.213676822051471,0.214097103852293,0.214533222902982,0.214459770614468,0.214402526989586,0.214089408492937,0.179827173074598,0.214475428417235,0.155052259925211,0.157178687193602,0.159125024691041,0.0750853531069965,0.134607438682973,0.168697296382469,0.135354293339751,0.141615060768383,0.139783452565634,0.145190193686938,0.144573383926171,0.158442553984448,0.0511860249560609,0.00914488712399984,0.0166810476897575,0.0196904798855231,0.113584322035442,0.110522637348086,0.116337411962344,0.166373702656312,0.089216090265977,0.151854337330302,0.0761466449879474,0.143748862060625,0.137864320083184,0.0200602452411167,0.132866810159896,0.187847010345718,0.190698136813826,0.191950698437375,0.12970691783061,0.21395010746512,0.167969125090028,0.213902883665517,0.148978338659504,0.143663641380905,0.205805504381279,0.161655362342275,0.181883302984883,0.0738210022263001,0.206690499919506,0.185650874138781,0.147622949674499,0.151262696068599,0.183019157222455,0.15820689403715,0.12996690746611,0.143002524879206,0.15920481605269,0.131758332038036,0.143877834447224,0.000102677126674906,0.143206038756484,0.140122532467137,0.144321356734083,0.171733754146124,0.127459317864685,0.145724424396224,0.140198918507076,0.190390848261332,0.185065029435725,0.173001760739833,0.177425949698367,0.141730516197849,0.139434265201897,0.171312470780093,0.145843852701019,0.150198324374631,0.158252565410679,0.181025099315996,0.129590840596077,0.167554326858725,0.14241055810881,0.0120260647215663,0.140531329653562,0.1346620824115,0.143341400294479,9.0695902862469e-05,0.135798679476602,0.146896927574068,0.138783293721127,0.127717362794404,0.166378785599747,0.133308533802567,0.136547078213077,0.14835650020675,0.139307525471076,0.178743070546012,0.123353017357107,0.128434049472449,0.0317095461701913,0.137048102862496,0.127488617820236,0.136844572292465,0.138084877261769,0.134705788213307,0.152380000483863,0.136311468344039,0.136865959882865,0.149339778504298,0.143685938726371,0.134079772398994,0.138301832978789,0.213801604556946,0.173855211147166,0.128451555997664,0.127768538603394,0.174089014025639,0.141649105639112,0.139467688267558,0.127100411145232,0.152550846642574,0.147327575574803,0.142957558774511,0.175455082199685,0.183189310631897,0.13834222526903,0.143757855281564,0.19982807975027,0.213542178301876,0.147360055499893,0.214032381873851,0.214011787189241,0.17401413867989,0.141004314650318,0.175154220357282,0.197101781692709,0.160311082384713,0.154398438156783,0.167869089591592,0.160179914901031,0.167686479214863,0.146502168993322,0.157692744710304,0.145153573958985,0.165911805821057,0.143544563623933,0.179465174022562,0.150444045879091,0.177205350787899,0.140768754859541,0.21426578412624,0.214267699619702,0.214548233861552,0.214133423110684,0.214221840452696,0.214314664681627
FF68_CN101,0.185241467666853,0.205626307672638,0.214450355901503,0.720864432192217,0.214140521704103,0.214156955719907,0.21453412431167,0.213553391659029,0.213897112146,0.214459186368096,0.206334814901476,0.214240515470655,0.20539353974488,0.21390653937853,0.214270007392871,0.213689596181074,0.214112006307965,0.214443127939245,0.214482476932393,0.214303209279549,0.21412772253537,0.179754814161437,0.214637185371675,0.155087736199551,0.157210616257827,0.159291747739642,0.0751257954754978,0.134650009377544,0.168720712142418,0.135407505664666,0.1416498276007,0.139775652876569,0.145239149359716,0.144642203975594,0.158475192490696,0.0512165351362395,0.00911935138435903,0.0167278750364663,0.0196833896384812,0.113660236505095,0.110607065122016,0.116348057765878,0.166356680220947,0.089188426200267,0.15193379901007,0.0761608380015965,0.143745319023698,0.137937396784745,0.0201056537037789,0.132856172702739,0.187923634257394,0.190569731980845,0.191821584162371,0.129677834880854,0.213967847688885,0.167999635270207,0.213703534630233,0.148934357427264,0.143613275170458,0.205689869504713,0.161712121877306,0.181825132912183,0.0738422896601794,0.20667773413628,0.185552265870768,0.147547752993246,0.151271213546064,0.182892880715543,0.158104738559021,0.129959817219068,0.143040838921638,0.159106207784677,0.131762592863363,0.143870034758159,5.58581263430133e-05,0.143223778980248,0.140053011322068,0.14425325447306,0.171727373341105,0.127428106588859,0.145710949170975,0.140215239846794,0.190292949435341,0.184979191124126,0.173005312123137,0.177461425972707,0.141757479167912,0.139483220874674,0.171279840620222,0.145895646141889,0.150240895069201,0.158276690612651,0.180946355424628,0.12953125163933,0.167630241328378,0.142471574295979,0.0120792770464822,0.140510050566059,0.134640093881975,0.14335843107622,0.000121206083041128,0.135830608540827,0.146879905138704,0.138757757981486,0.12773084636603,0.16637737088889,0.133336206214653,0.136591777233716,0.148362889358146,0.13931107685438,0.178779965704398,0.123335994921743,0.128515639478286,0.0317436035604854,0.137050944803777,0.12752976963076,0.136782145567626,0.138151568985122,0.134708630154588,0.152366525258614,0.13633559354601,0.136913496671597,0.149310695554542,0.143666787964937,0.134084742666344,0.138326667622784,0.213855526323885,0.173882174117229,0.128565780336561,0.127828845348541,0.174148611328762,0.141723601224718,0.139559210461718,0.127182001151069,0.152550850815763,0.147454569870114,0.142954015737584,0.175452248604781,0.183130431117173,0.138354999398633,0.143785527693651,0.199674844446483,0.213620221097598,0.147417524476947,0.214161504495231,0.213955745442609,0.174095019243705,0.141020635990037,0.175149258436309,0.197036517199778,0.160283418319003,0.154441008851354,0.168013819937479,0.160159345255551,0.167734725445618,0.146599366723666,0.157786395230533,0.145114558820906,0.165969984240134,0.143639633028208,0.179485042572396,0.150471008849154,0.177133701316761,0.140851763749424,0.214118224358638,0.214371282328254,0.214539724730464,0.214084475784283,0.214190629176871,0.214248690746673
FF68_CN102,0.184985546890015,0.205352650845223,0.21415825358149,0.214140521704103,0.721364883617692,0.213913804899483,0.214212934868713,0.21463051244347,0.215031697734307,0.214178435120451,0.206057610863947,0.21467771955032,0.205141166178157,0.21514257517613,0.213993512797365,0.214780905805976,0.214508062750294,0.214213456517259,0.214160578047413,0.213977763184454,0.213722818933694,0.179495346174483,0.214149277053305,0.154956677218766,0.157585389439465,0.159021638122343,0.0755977622142916,0.134329529376609,0.168425772054313,0.135267223937583,0.14279221705126,0.139548109780652,0.145032180082467,0.14442246474193,0.158919490990591,0.0509591954753551,0.00899964347594293,0.016660665837755,0.0194671976149328,0.114223011822838,0.111138624990744,0.11664408288296,0.166864828502916,0.0889027088584612,0.152932171729955,0.0760162996223744,0.143568146311417,0.137688570428137,0.0199086166148525,0.132647075099421,0.188463707430399,0.190254218074072,0.191500394719414,0.129448872900891,0.213518958681781,0.168419103299296,0.213499403121076,0.148666376136034,0.14325448530028,0.205411246583138,0.162106759435589,0.181573468787483,0.0736878190926348,0.20626006057819,0.185304858398206,0.147190382007113,0.151095459717828,0.182581623460908,0.159235776937213,0.129952201150291,0.142722487246773,0.158814814906687,0.131532921441377,0.143583607974331,0,0.143002620862538,0.139880095261924,0.14393845000831,0.171410440550286,0.127194178514735,0.1455586069295,0.140082761981963,0.190017873723881,0.184878638150332,0.172813241128372,0.177133851551542,0.141634224049381,0.13937557348065,0.171099120697825,0.145726277291861,0.1510086991316,0.158803993829241,0.180728744517034,0.129343437296703,0.167344523986573,0.142310718750227,0.0120255472462084,0.140891918167928,0.134373531474791,0.143234466515666,6.18007465830926e-05,0.135627895915716,0.146577870630368,0.138398968111308,0.127515363784504,0.166284621777349,0.133202309465777,0.136430212245941,0.148258079732214,0.13968159338388,0.178582219173449,0.123055953116121,0.128473970192404,0.0316714282676128,0.136928399127269,0.127334860867903,0.136633350536266,0.138018381678269,0.134631488767554,0.152241851256036,0.136752223807008,0.136750512799776,0.149210852022771,0.143413704956191,0.133877773389095,0.138754648956149,0.213493189243592,0.175052941248711,0.128361648827404,0.127603430578693,0.175326472880474,0.141573387309312,0.139335924017939,0.126979288525958,0.152366583683251,0.147804512580946,0.142739952040104,0.175898675430746,0.182797181159825,0.138069282056827,0.143579977300448,0.199390545988723,0.214707983512385,0.147832026411875,0.215199605968406,0.21366435256462,0.175055791536368,0.140925758552427,0.174778408051739,0.196830257364552,0.160129657193481,0.154920070010378,0.169116480634749,0.159987848079454,0.168818940650289,0.146415809033177,0.157609222518251,0.144852253065861,0.16702724064793,0.143413508816337,0.179242601193995,0.15030731553531,0.176950853068295,0.140805837811404,0.213880039632375,0.213934453835542,0.21420079923693,0.215236087981143,0.214627123814513,0.213977162245328
FF68_CN103,0.185283629388963,0.205417326918594,0.214232861843183,0.214156955719907,0.213913804899483,0.720903517094434,0.214177579616835,0.213179820355641,0.213619315515722,0.214258009476305,0.206079010973912,0.213969103818584,0.205229963280311,0.214227511815692,0.21408727599368,0.214004893082052,0.214326562441672,0.214263943750169,0.214171336527033,0.214100613503713,0.21444372887837,0.179572792204268,0.214159326090901,0.155308677311465,0.157584087404694,0.158950810769314,0.0751303567703871,0.134641800716018,0.168614600481714,0.135466693995329,0.141698374301017,0.139834131765209,0.144960643287415,0.144343124084625,0.158480463227608,0.0511785299097467,0.00914093928780092,0.0167459157297932,0.0196673771147024,0.113704526553275,0.11054493886674,0.11635332850279,0.166393875848896,0.089252580625091,0.151956096355535,0.076190939209315,0.143753427528703,0.137878108297562,0.020186125295133,0.132842997947052,0.187623135482379,0.190558685551228,0.191633886669019,0.129467435242764,0.214246253604665,0.16782045108113,0.214197610921015,0.148835340186791,0.143618545907371,0.205475922656508,0.161674116650813,0.18152747190526,0.073875938078013,0.20635737098462,0.185397912152497,0.147998553320623,0.15133820573898,0.183052809813477,0.15818875736049,0.130060153187067,0.143050366310688,0.159224279803251,0.131703304376179,0.143802942408722,0.000176767913009823,0.143258136840105,0.14017746831885,0.144236532507258,0.171621261680401,0.127173721545342,0.145728280422279,0.140263786547111,0.190147818463371,0.185131316359806,0.172991427925427,0.177169440501968,0.141769844325055,0.139667980443414,0.171289368009273,0.145914396277239,0.150507949912613,0.158548002108201,0.181158073790243,0.129315885907079,0.167783785448105,0.142414414134865,0.0122455911226229,0.140423803282,0.134697153886568,0.1433842756318,0.000265527456468079,0.135823109321325,0.146961795614104,0.138748839877937,0.127720509378435,0.166403924886493,0.133375530168671,0.136626844535596,0.148364612884943,0.139231923990551,0.178588011558907,0.12326535536219,0.128474796483701,0.0318127240794707,0.137114389786578,0.12755561418634,0.136772518022055,0.138231331134453,0.134786973419873,0.1525434809651,0.136438767282101,0.136969847234167,0.149323770153707,0.143628782738444,0.13402545417916,0.138233325918494,0.214155215500356,0.173653328986541,0.128289402590329,0.127539697645894,0.173934664480557,0.141695528186548,0.139536812959732,0.126924068897436,0.152680273906706,0.147788312263691,0.143145160284531,0.17568595967311,0.183562076509929,0.138331892454624,0.143512697157534,0.20016537352715,0.213907140317655,0.147797380602021,0.213758136626876,0.21436752645872,0.173989617025024,0.141298332463794,0.174906933907182,0.197054557893105,0.160078694217098,0.154616545673794,0.168348981215102,0.159938303987116,0.168123094874968,0.146554267076943,0.158136454790639,0.145175875477638,0.166062516345879,0.143484569867915,0.179781184538752,0.150508913919126,0.17716167419841,0.140837879551715,0.214591726830752,0.214298514442632,0.214252705353886,0.213785395893314,0.213918508082777,0.214666147298968
FF68_CN104,0.185324522461809,0.205709362467593,0.214480911986754,0.21453412431167,0.214212934868713,0.214177579616835,0.72114641006955,0.213543509548967,0.213923411579113,0.214515991808199,0.206393748667648,0.214405865540282,0.205488655054227,0.21400945855013,0.214316171202629,0.213657011926275,0.214120569690502,0.214543918784776,0.214476142032446,0.214331637038731,0.214107198794962,0.179820132905816,0.214545007986941,0.15505940859689,0.157155329858291,0.159188928724563,0.0751308116479194,0.134629485637136,0.168727147198885,0.135447284496217,0.141648458794914,0.139747325273908,0.145202308452779,0.144546479380745,0.158437642141735,0.0511605392946803,0.00911159760036587,0.0167321817668651,0.0196947907891102,0.113660996025379,0.110649681721658,0.116317601837148,0.166374466349784,0.0891636458077213,0.15185651990782,0.0760594378705632,0.143714153652945,0.137933190210868,0.0201014471299015,0.132873958831575,0.187939292060161,0.190643564029501,0.1918422080593,0.129654473372354,0.213958675020846,0.167954990501016,0.213858243069515,0.148909577034719,0.143609778038604,0.205767248763484,0.161635552217079,0.181872715605987,0.0737657199999522,0.206625994946859,0.185584240840064,0.147566958006128,0.151254237015772,0.182930531221025,0.158216171034898,0.129905949703578,0.143044436210014,0.159206998630208,0.131748454101163,0.143843126039545,0.000101312494077564,0.143185519189265,0.140029649813568,0.144283810558311,0.171705430716652,0.127389137355853,0.145703904829005,0.140198263316501,0.190352592643537,0.185004781115216,0.1729592484699,0.177381309102365,0.14172418547109,0.139455602714037,0.17133309885021,0.145821914249754,0.150218952444747,0.15827177459675,0.180914480611852,0.129515693993084,0.167616102566178,0.142459563859848,0.012044564465614,0.140471081333053,0.134650076148558,0.143316624075121,0.000127641139509093,0.135824983082903,0.146845901999859,0.138710275444203,0.127692586575046,0.166405089206049,0.133327742988637,0.136641488253589,0.148366486646521,0.139315383584778,0.178805555695488,0.12334242997821,0.128477379687302,0.0317294647982851,0.137077244236889,0.1274922192818,0.13675949350115,0.138138849106968,0.134705842464756,0.152409851300279,0.136334934182248,0.136861757482176,0.149317840053032,0.143651230318691,0.134029456266808,0.138285570063708,0.21387756910486,0.173913439644503,0.128453738575182,0.127738086847853,0.174186261834243,0.141700949158242,0.139450006468431,0.127118201447257,0.152511172140733,0.147361683043357,0.142942005301453,0.175470034733618,0.183177304368954,0.13832383402788,0.143730950736138,0.19977705417606,0.213637297784412,0.147360819193365,0.214043077755645,0.214021064186989,0.173960984779612,0.141007206669859,0.175150017956592,0.197111058690457,0.160312555520208,0.154351669234712,0.167955695769851,0.160130308210867,0.167695046770588,0.146582390193374,0.157782188656655,0.14510609559489,0.1658685841091,0.143580089976534,0.179541138570476,0.150428492406033,0.177194053966979,0.140908569189528,0.214238170138791,0.214337279189408,0.214551125881093,0.214212225426689,0.214348175384245,0.214307624512846
FF68_CN105,0.184792866609747,0.204886835386088,0.213495213239952,0.213553391659029,0.21463051244347,0.213179820355641,0.213543509548967,0.721509171856442,0.214676555230765,0.213487017097991,0.205590376520765,0.214021773629012,0.204628527545502,0.214439096639279,0.213322668593573,0.214439242700872,0.213940797081865,0.213524876262891,0.213581961306615,0.213387795371288,0.213396054111073,0.179030949599394,0.213640895072787,0.155097434689325,0.157813408278857,0.159300736787393,0.0757789578801628,0.134565352078254,0.168430316656448,0.13540301531398,0.142880475812114,0.13974491317103,0.145367324667336,0.1447576093268,0.159053154040919,0.0512084975754375,0.00932627475653606,0.0169794932560942,0.0197016014325313,0.114403498046686,0.111362387177997,0.11691395880171,0.166799847786794,0.0892790010806665,0.153183602156106,0.0765202914087257,0.143715998202205,0.13796128411498,0.0202111268666622,0.13295880809753,0.18811636878911,0.190020390156469,0.191211230324014,0.129896818767423,0.213239017032681,0.168415134597155,0.212844166641791,0.148744702708566,0.143411559937368,0.204894351298344,0.162262415188631,0.181355248594386,0.0741797503645945,0.206092920210752,0.185041943357658,0.147462386251933,0.151280202593815,0.182261243616495,0.159163701800861,0.130178801105636,0.14299874814373,0.158717199857506,0.13170063770881,0.143798147415284,0.000286902527303319,0.14329378004198,0.140152099506744,0.144160793311517,0.171479544376518,0.127674758714326,0.145702911610173,0.140362570089036,0.189860665544765,0.184519238994652,0.172714207195144,0.17712704508131,0.141872175077095,0.139611396182295,0.171026336119451,0.145866325320396,0.151077093515809,0.158763134141903,0.180459444498278,0.129847429083054,0.167350487472754,0.142505393814536,0.0122791059984286,0.14113412584778,0.13458239537956,0.143478093079564,0.000347284389840097,0.135858752523199,0.14671933754295,0.138670972356127,0.128012261150625,0.1662927135896,0.13342607165303,0.136633400614526,0.148332149652607,0.139933733252054,0.178468286957738,0.123439339758557,0.128668645256712,0.0320427543956568,0.137175572901282,0.127826082697839,0.136895422592763,0.138149916402527,0.134890013613936,0.152352102719604,0.13695470273357,0.136948025632176,0.149288469153279,0.143652365425928,0.134093022272072,0.139014592686577,0.213140175066119,0.175017757097557,0.128771284824692,0.128039315930833,0.175247303323892,0.141650294997797,0.139821470311692,0.127369060146601,0.152505922269763,0.148077226267789,0.142947397060828,0.175754946650068,0.18255838714806,0.138283112055758,0.14386900815382,0.198921183319473,0.21432871998006,0.148099774004556,0.21460750982917,0.21295661737563,0.174981588073947,0.141098440914021,0.174704914031341,0.196286403282883,0.160267576895948,0.155028193147877,0.169190550555142,0.160116545035621,0.168950475374548,0.146539539895183,0.15763788814917,0.144972436717751,0.167166579234442,0.143616697184922,0.178920093023512,0.150442397469684,0.176629763781859,0.140996965665597,0.213213452080721,0.213489212195074,0.213544143873599,0.214548926610821,0.213959826820836,0.213277940360615
FF68_CN106,0.184898924019003,0.205314270031777,0.213953153892631,0.213897112146,0.215031697734307,0.213619315515722,0.213923411579113,0.214676555230765,0.721430858103489,0.213922255605934,0.205724811610942,0.214572651186709,0.20508150210402,0.21486936905306,0.213732367188686,0.214863130136446,0.214407960480844,0.213926770995751,0.213878149178043,0.213864181516566,0.21386037974196,0.179270382108979,0.213927860197916,0.155020456056637,0.15785348757997,0.159033627692532,0.0755927251759281,0.134332296200499,0.168466139305423,0.135157898921833,0.142671540963142,0.139709082175678,0.145181801405125,0.144501851304308,0.158959858241702,0.0510513519941471,0.00916771029119957,0.0166414399589306,0.0194926665835597,0.114156962770493,0.110988152337659,0.116795832531687,0.166845602624092,0.0891544898324358,0.153155575023008,0.0761183883294889,0.143634053475357,0.137609041977355,0.0198971945982817,0.132714401147406,0.188179859676983,0.190266207644261,0.191514512615672,0.129693559454635,0.213875027633142,0.168494942651558,0.213351768236083,0.148831605183199,0.143423970999583,0.205346616414839,0.162308879467952,0.181493940336701,0.0737515979305055,0.206587751848629,0.185260092606552,0.147361286590462,0.151257141554878,0.182665976117447,0.159258408137748,0.129942907459789,0.142710355788179,0.158721807057467,0.131593862511155,0.143678602261215,0.000131175830058944,0.143042278671626,0.140075830316079,0.143951149020522,0.171406112953945,0.127384947474729,0.145609615810956,0.14018059403694,0.190009998917425,0.184731712707362,0.172825230698561,0.177247291331025,0.141658274133962,0.139412393521646,0.171087698681255,0.145728334673728,0.150967480550062,0.158700344349676,0.180659148254574,0.129498734155545,0.167273508840067,0.142247507465975,0.0120190913237988,0.141004648505388,0.134366366110358,0.143312434193997,0.000170274431905052,0.135560427979326,0.146650162772515,0.138572001020725,0.127666403991208,0.166379616064233,0.133175989166722,0.13622936920922,0.148164362440971,0.139756013852096,0.178429618194294,0.123145271866821,0.12840579281399,0.0316500740627194,0.136940388697458,0.12744688176334,0.136734020359334,0.137816119757502,0.134620066750983,0.152130397914218,0.136701073037147,0.136725611384767,0.149181693955624,0.143501604822845,0.13408060286348,0.138829778866389,0.213662674942894,0.175007466015035,0.128321139687889,0.127685654909162,0.175205087350333,0.14137680092473,0.139411763370202,0.127020365219092,0.152443841919559,0.147947039483374,0.142820048044505,0.175795025951181,0.182847480599258,0.13815931024955,0.143656526094733,0.19937628620406,0.214794464494993,0.1480114442995,0.215022174518445,0.213596175186206,0.175174197410013,0.141008692324919,0.174876240106715,0.196598908320841,0.160206205987767,0.155100197340026,0.169134855183146,0.160033181424726,0.168984879139477,0.146329895604188,0.157499188060478,0.144953632330952,0.167276893295836,0.143336818133647,0.179070135838196,0.150404438148264,0.176709571836261,0.140577326535785,0.213721053675013,0.213823000493723,0.213986476801772,0.215096966400426,0.214449692364552,0.213730914919133
FF68_CN107,0.185329042024814,0.205706787610368,0.214506714810451,0.214459186368096,0.214178435120451,0.214258009476305,0.214515991808199,0.213487017097991,0.213922255605934,0.720849202438776,0.206380532180078,0.214309644336017,0.205494593501279,0.213955803867247,0.214360419518925,0.213671463677603,0.214127217579577,0.214513675688653,0.214459378334761,0.214370919260865,0.214130163850566,0.179823943026799,0.214506251586542,0.155066765927988,0.157196740406494,0.159143077903933,0.0750920552475199,0.134624782453842,0.168684134146348,0.135352482175998,0.141648012263758,0.139751135394891,0.145240171790867,0.144604916537501,0.15847692436387,0.0512289086397588,0.00915726480070753,0.0167700451049529,0.0197276880330372,0.113613726320703,0.110549913307278,0.116329215820384,0.166361959304236,0.0891951241676021,0.151833371231927,0.0762065552801984,0.143746341454849,0.137856833383247,0.0200868117582852,0.13283165522106,0.18784874639208,0.190644536382392,0.191892131911779,0.129722842717433,0.213944749091253,0.168012008773726,0.213833675509576,0.148966595307429,0.143587338804734,0.205758288928052,0.161696827141927,0.181836087531656,0.0738844597286662,0.206683722661592,0.185594435939254,0.147604821344216,0.151226831687741,0.182992515587896,0.158164644678084,0.129912597592652,0.143002132599499,0.159188816048476,0.131684867229957,0.14384055118232,0.000126405875751236,0.143183653774063,0.14007531701391,0.144258533556349,0.171697889765266,0.127444027302494,0.145720484906402,0.140170857988471,0.190369882162957,0.185073150460294,0.172993564597873,0.177391504201555,0.14173438057028,0.139449480646697,0.171292923565765,0.145856230377727,0.150219215355615,0.158282679137963,0.181011937079875,0.12955071956308,0.167593663332308,0.142448475698347,0.0121342170713837,0.140511782439233,0.134638278545033,0.143333204152518,0.000156281731297436,0.135800415522964,0.146878089801763,0.138748848224314,0.127760955920125,0.166400386022755,0.133309560406906,0.136589252454752,0.14834830406479,0.139302876539231,0.178752610454628,0.123353334519423,0.128446427149156,0.0317538487379357,0.137089567662148,0.127515893779427,0.136795937955192,0.138092288844315,0.134686240998979,0.152371804341903,0.136335906535138,0.136939349573554,0.149337257898522,0.143657168765742,0.134072285699057,0.138331946706073,0.213823914421976,0.173891709852657,0.128514304058007,0.127798652330678,0.174126931615176,0.141669996620096,0.139468714871898,0.127151808133207,0.152575994275697,0.147361945954225,0.142920275509606,0.175476682622692,0.183176857837798,0.138347508525507,0.143770232958272,0.199800019231665,0.213557393746676,0.147357534894117,0.214060367275065,0.214041191474501,0.174030773008736,0.140986895762059,0.175133254258907,0.197087910014564,0.160307142894891,0.154407268623376,0.167954539796672,0.160183779273462,0.167705951311801,0.146530154394537,0.157718601785449,0.145109905715873,0.165938372338225,0.143560488510756,0.179512314358399,0.150430174200946,0.1772021207401,0.14080241579694,0.214236304723589,0.214283624506525,0.214557064328144,0.214102524823987,0.214232799245358,0.214309306307759
FF68_CN108,0.197832406819912,0.21761705887421,0.206341195706495,0.206334814901476,0.206057610863947,0.206079010973912,0.206393748667648,0.205590376520765,0.205724811610942,0.206380532180078,0.72433412701855,0.206117875877209,0.217328954468656,0.205810858581959,0.206301316718424,0.205636481905886,0.205957441823483,0.206400655294402,0.206420139910905,0.206240162816038,0.20595755032638,0.17217702604168,0.206417352221073,0.160863775279351,0.167152498896879,0.169670646664883,0.0748403619105012,0.133337303763195,0.167007171785055,0.134053652412982,0.139348869248265,0.138487068291003,0.147582198490058,0.146978158685706,0.167334466602599,0.0523145135161578,0.0102144919961852,0.0181621289353026,0.0212517280796709,0.112687353619779,0.115418972492514,0.118855697445564,0.161707468772273,0.0890746776048446,0.16143086150068,0.0806485303675683,0.145952155285618,0.137512203141211,0.0217037887099361,0.136769217030053,0.182135058919727,0.202918041962027,0.204059930629982,0.134199580463931,0.205777101661228,0.163610079601962,0.205805788158088,0.146690154436673,0.142631878980866,0.217630959764673,0.168612626563614,0.17847916645982,0.077282136158131,0.215981118954602,0.181343617918397,0.157007215056635,0.155512729530043,0.179571035291964,0.15654585656268,0.132086486532385,0.142279369759186,0.164486378215625,0.131213956307821,0.142404799108858,0.00132623091785865,0.145705169305082,0.138726116867258,0.142529072485352,0.169715157892045,0.129889632537048,0.148495271239644,0.148016735902354,0.202545484743413,0.187917462111793,0.168156038023967,0.172626340713998,0.140199306613594,0.139218361128346,0.176769265122717,0.148499060494684,0.154427784017407,0.154511443924676,0.176837738797505,0.134125360308757,0.172256984330865,0.141778921009762,0.0135787996114374,0.139070354829588,0.134117706681285,0.146507406344728,0.00139370720062587,0.13602688610947,0.147589818732023,0.141757040983134,0.133377057555615,0.16683968921617,0.136549031265234,0.138369401071701,0.150634284844161,0.138927740290204,0.182875336631633,0.12731288903113,0.126944696967553,0.0321449098737851,0.134875557689419,0.133183784682599,0.136210097425324,0.137063047050052,0.136057041568637,0.151070136810795,0.136451704166051,0.135819299200342,0.148975601047933,0.142757754861694,0.133011828455781,0.143862205856776,0.205765521063499,0.171550709757805,0.13094784877817,0.130217298768357,0.171863260700835,0.141563029455776,0.142161205930467,0.129588190621461,0.151104770101084,0.157268043502997,0.142026537141742,0.176894306365871,0.192607629231139,0.137796430654769,0.1442684198396,0.196954605858436,0.205512479786636,0.157444540158763,0.205954441301044,0.205906887819559,0.169282636129732,0.139996673279062,0.169332305417721,0.190584613570576,0.158811088249472,0.159098967302854,0.178045801713456,0.158650124200822,0.177790828250378,0.146598419409906,0.158814848292194,0.142375165298237,0.176032472023102,0.143149880160578,0.175116770164842,0.148894390802237,0.169866648803093,0.139903001892892,0.206062272315357,0.206222393379956,0.206362458101244,0.205922107437547,0.2061041711266,0.206137402225596
FF68_CN109,0.185157194300894,0.205611559624935,0.214315002709885,0.214240515470655,0.21467771955032,0.213969103818584,0.214405865540282,0.214021773629012,0.214572651186709,0.214309644336017,0.206117875877209,0.720994337094825,0.205384467233362,0.214522485289304,0.214104857636286,0.214216152396946,0.214315766403357,0.214295004791213,0.214248511299574,0.214184882696484,0.213945546170231,0.179625136506003,0.214290418457193,0.15500559115966,0.15743565961391,0.159032242193993,0.0753416160852813,0.134486987947027,0.168570460668316,0.135266476936864,0.14215722888195,0.139708406119162,0.145116566124513,0.144479182545078,0.158653412673258,0.0510932424590132,0.00908828617012704,0.0166301222720691,0.0195742858017155,0.113822848963151,0.110764002043887,0.116520602412257,0.166623580656389,0.089096348972054,0.152459645783919,0.0760779835196829,0.143715672693512,0.137700593383834,0.0199773949323916,0.132783959851171,0.188042261310022,0.190487586940955,0.191728797492135,0.129655992412921,0.213870094924488,0.168205523691668,0.213688077140507,0.148896197792802,0.143525454594384,0.205635392703721,0.161996758363324,0.18172383293767,0.073740989685667,0.206553022575008,0.185497789069775,0.14746206074324,0.151247952194085,0.182873876015703,0.158795175882214,0.129951454149573,0.142888459121467,0.159019806092648,0.13167051563515,0.143754545943186,8.15482739534237e-05,0.143140215056311,0.140082958121817,0.144129252353811,0.171520366505161,0.127346670990992,0.145677755630674,0.140142317553203,0.190232087656142,0.184952382562032,0.172906140474694,0.177304789520398,0.141669658591838,0.139390434204438,0.171188472834032,0.145778029000847,0.150548943141979,0.158518760577287,0.180852859312369,0.129460457671808,0.167399822905674,0.142356085481006,0.0120070641949141,0.140745735552488,0.134514672878679,0.143343683028517,0.000103620267246814,0.135711572515739,0.146753774693385,0.13865574856495,0.127644444674001,0.166383196659855,0.133261865037016,0.136430884129269,0.148295642600739,0.139487878152896,0.178591404361053,0.123243208251507,0.128424271692096,0.0316933834116313,0.13700710963313,0.127379518156658,0.136743276491141,0.137965845409869,0.134669761078102,0.152274448030401,0.136479051069444,0.13681361558113,0.149305879695162,0.143566906874471,0.134069285176619,0.138549582652797,0.213732233646659,0.17441298698524,0.128346712986225,0.127650925635541,0.174638276559436,0.141523688809004,0.139425276154146,0.127016141952461,0.152421173160329,0.147537724821591,0.142855553531163,0.175607766642607,0.18304048221503,0.138253699424121,0.143622506263135,0.199656549188666,0.214224815936004,0.14757233307275,0.214592995480017,0.213881404264972,0.174588941126517,0.140931396529916,0.175033060179313,0.196886975167699,0.160197726068997,0.154703652634657,0.168441763712149,0.16004669420867,0.168276179943973,0.146376042721192,0.157593577235049,0.145072851976329,0.166514985948605,0.143423403445965,0.179258171359806,0.15038318827308,0.177038076878433,0.140689451760931,0.214048139833139,0.214092621847983,0.214326332916312,0.214781298085683,0.214536277676869,0.21408637875818
FF68_CN11,0.197123828646871,0.219450411469698,0.20557089607745,0.20539353974488,0.205141166178157,0.205229963280311,0.205488655054227,0.204628527545502,0.20508150210402,0.205494593501279,0.217328954468656,0.205384467233362,0.724489977202446,0.204915697156861,0.205371392634197,0.204737773270672,0.205083563659075,0.205531033782133,0.205385218407269,0.205406013404921,0.205135461429654,0.171459934564363,0.205449118267603,0.160776668318488,0.167233529695475,0.169275641866023,0.075011491846022,0.133754610080708,0.166373794466456,0.134177959174982,0.13962854381331,0.138796539421015,0.147487287666941,0.146812303660285,0.167031689266733,0.0528957009409921,0.0109730399267776,0.0187213236574224,0.0217804167948003,0.112309375429473,0.115319095575236,0.119114798191941,0.161337294444219,0.0891904710625687,0.161553749378635,0.0810246890477457,0.146226863756502,0.137518033085365,0.0221267705636335,0.137349695012864,0.181459824521769,0.202489693388084,0.203441451593867,0.134406182500604,0.205223891291231,0.163216493687148,0.2053760207001,0.146971247885764,0.142672471584149,0.219211041557938,0.169075337170602,0.178674417424124,0.077715759642174,0.21496819015368,0.180757773215341,0.156989633414029,0.155561835437602,0.179485347215147,0.156613407962838,0.131841883442408,0.14223837652982,0.164344644218988,0.131112660506497,0.14288240799833,0.00197623421892688,0.145741505256226,0.139239907299904,0.14295914875928,0.170044493398703,0.12986921312635,0.148806870695725,0.14904274347563,0.201989436605325,0.187920454287855,0.168175347366559,0.172815916142117,0.140500973881353,0.139513643417897,0.177788178275763,0.148594280133741,0.154583306228421,0.154400925377052,0.176832927111313,0.134424899250447,0.172001030168519,0.141846472409919,0.0142862677163714,0.13946637788641,0.1346244026937,0.147280143115781,0.00226789418097278,0.136663410012101,0.148313604003487,0.14259149921019,0.133794363873128,0.167078925585902,0.137538147853312,0.138578131434442,0.151088482146872,0.139506799388969,0.183360749383357,0.128437509045608,0.127227918742713,0.032892816174032,0.135406374730618,0.133508154095095,0.136947362095226,0.137381740926364,0.13651407663944,0.151314339274688,0.136693778303875,0.136394101646969,0.149500742552947,0.143513465024194,0.133461769106353,0.143997863691145,0.205230756186101,0.171909841829429,0.130806824223556,0.130175596096968,0.172184082903215,0.141480179147051,0.142088287810065,0.129563514558625,0.15079773611308,0.157144754998959,0.1423466499021,0.176825644897606,0.192950444136234,0.13799806659728,0.14412384807487,0.196908646534909,0.204688262563841,0.157436181262456,0.205084819788775,0.205260740544545,0.169058606858423,0.140739613485148,0.169369350810889,0.19009241521456,0.158619693311222,0.159223274064854,0.17780119862348,0.158497039131817,0.177713653477837,0.146492866956444,0.158803651627795,0.142995372034338,0.176080868488638,0.143364286059504,0.174943111277169,0.148998833187593,0.169347491650203,0.139761267896255,0.20528204049799,0.205239261144001,0.205499221567182,0.205173091069194,0.205292014418196,0.205280550669741
FF68_CN110,0.184838116491252,0.205177552207562,0.213925690139963,0.21390653937853,0.21514257517613,0.214227511815692,0.21400945855013,0.214439096639279,0.21486936905306,0.213955803867247,0.205810858581959,0.214522485289304,0.204915697156861,0.721725284648852,0.213775138196299,0.215210961213962,0.214787007007374,0.21395464372088,0.21390105580901,0.213801245662746,0.214144361037404,0.179233695610012,0.213940125198538,0.155156163969267,0.157962946137747,0.158750764811572,0.0756525227920931,0.134313345752107,0.168325874271093,0.135296444602555,0.142743399093699,0.139631957481398,0.144771238960019,0.144168618039712,0.15888486187349,0.0510082805169722,0.00900403367010878,0.0167140075315104,0.0194864860915825,0.114204699872267,0.111147981279072,0.116693167924577,0.166921717406786,0.089007130377875,0.15305787651006,0.0760604185698303,0.143575374273675,0.137662454615313,0.0199818226852527,0.132650046409541,0.188224049568641,0.190179150761658,0.191289114538578,0.129234754951963,0.214022796060163,0.168273801226602,0.213896824196002,0.148587052171482,0.143248943306124,0.205226215757154,0.162144493404838,0.181406174012075,0.073778761213611,0.206071482542091,0.185191481216548,0.147615471320938,0.151228258918164,0.182655538973332,0.159330975710327,0.13003675829306,0.142727586882962,0.158927040288354,0.131488360135954,0.143519891734285,0.000103712077390929,0.143072989164846,0.139963233520647,0.143942840202476,0.171334663795849,0.12701127601482,0.145504822877777,0.140056646169139,0.189797370796746,0.184956810314894,0.172804861366123,0.176923280812729,0.141618040424879,0.139460840065442,0.171131888572913,0.145702999247129,0.151185483737363,0.159015541094133,0.180912623543027,0.12910945497113,0.167469519324654,0.142244874184113,0.012170406960935,0.14081826973956,0.134379340553003,0.143246660572085,0.000165512823973816,0.135554247487348,0.146621280135801,0.138371433414437,0.127580056550628,0.166275532573077,0.133205280775897,0.136409771969301,0.148191525724076,0.139602269419328,0.178418471608156,0.122973791383477,0.128419476698658,0.0317439248959898,0.136922147691089,0.127358405996691,0.136580985368589,0.137990846981398,0.134672769946918,0.15232995560892,0.136801308848625,0.136744970805619,0.149184736209946,0.143401777983827,0.133901318517883,0.138629920702123,0.213912603021232,0.174768588539503,0.128069492255942,0.127356678296705,0.174987493135492,0.141455753475516,0.139348118074359,0.12670912465721,0.152392966580131,0.148117510055132,0.142902547805407,0.176027217978943,0.183199568328912,0.138025430193427,0.143324002272161,0.199796480367926,0.215140876688463,0.148125159509416,0.214937955403934,0.214062483081569,0.175011230230945,0.141177744012631,0.174579188385295,0.196721846277056,0.159886452121609,0.155029457623953,0.16940251931206,0.159726906957005,0.169146836406959,0.146301012967474,0.157888876217354,0.144878635962741,0.167085548435847,0.143202938077524,0.179439250176403,0.150337955084329,0.176721836836883,0.140742121571359,0.21429803452597,0.214019010978311,0.21394411476662,0.215069502647758,0.214466923459335,0.21434762452338
FF68_CN111,0.185353405098523,0.205630409916806,0.214431046558912,0.214270007392871,0.213993512797365,0.21408727599368,0.214316171202629,0.213322668593573,0.213732367188686,0.214360419518925,0.206301316718424,0.214104857636286,0.205371392634197,0.213775138196299,0.720982659990863,0.2135198851296,0.213906823155339,0.214343651648051,0.214295029830343,0.214200895220263,0.213909059984306,0.179777361898204,0.214321329263455,0.155081196813374,0.157206914639742,0.159161055999434,0.0752419895593055,0.134693840375002,0.168708497220056,0.135444951683918,0.141670956453421,0.139861340953386,0.145231191089493,0.144634955147394,0.158482841944979,0.0513121554013794,0.00931642185879263,0.0169171416486463,0.0198485352218783,0.113662210423195,0.110637416721036,0.116405368161774,0.166318925385757,0.0893010730739596,0.151875470356212,0.0762131823033313,0.143853709245253,0.13798264666625,0.0203048525042818,0.132952502409902,0.187793651959209,0.190671737224192,0.191931393267972,0.129744368023049,0.213717969688807,0.167917185587565,0.213671455331227,0.148973931772584,0.143679808312654,0.205692552864836,0.161704873049106,0.181772479794509,0.0739230116428355,0.206539947975842,0.185537213180314,0.147634150512086,0.151254741971565,0.182855125880353,0.158227317621036,0.129965338347282,0.143088217129211,0.15919331474554,0.131832673215674,0.143891873052904,0.000308974520596358,0.143264772209614,0.140170624289922,0.14432546315144,0.171691746831984,0.127476194238456,0.145724274161443,0.140257651960206,0.190397083004758,0.18497761783211,0.172934213512864,0.177320092602154,0.141786411882887,0.139525632988087,0.171286780632483,0.145940896023394,0.150237902893139,0.158265894574336,0.180932721618221,0.129632547440654,0.167618026406017,0.142501925895,0.0122664153325933,0.140577293150278,0.134721525306654,0.143409356493908,0.000343816470303977,0.135866635676032,0.146932249440439,0.138863310434948,0.127794541740133,0.16632329888717,0.133399192146734,0.136663276470073,0.148408848681673,0.139388251626921,0.178713123746263,0.12348482333861,0.128513356744247,0.0319165530061356,0.137220347039312,0.12759275556284,0.136862867550282,0.138230872083732,0.134785804927129,0.152427382864625,0.13641489664462,0.136924693335995,0.149409863029797,0.143717003940603,0.134133539757964,0.138366951410127,0.213604229439762,0.173862155332615,0.128533701037555,0.127816630426179,0.174095248769065,0.141772398316338,0.139558346611725,0.127164820134547,0.152562756922185,0.147436679411569,0.143026224415963,0.175421588189821,0.183137371129434,0.138419404214759,0.143750610626553,0.199681784458744,0.213361829793245,0.147442200539783,0.213847067271058,0.213815121514079,0.173980644670026,0.141041764842758,0.175066099311644,0.196951229749044,0.160297452751494,0.154410348436394,0.167904411457962,0.160152805869374,0.167701936704588,0.146576510170959,0.157818165713599,0.145163355912526,0.165922297216621,0.143641606946308,0.179433098896744,0.150439638992171,0.17715199240139,0.141041030361605,0.214086145059631,0.214085222785001,0.214384911961473,0.213936047993499,0.21404291082811,0.214130059520857
FF68_CN112,0.184753838952104,0.204969122314383,0.213676822051471,0.213689596181074,0.214780905805976,0.214004893082052,0.213657011926275,0.214439242700872,0.214863130136446,0.213671463677603,0.205636481905886,0.214216152396946,0.204737773270672,0.215210961213962,0.2135198851296,0.721752404550065,0.214660872388867,0.213647601386499,0.213728807459006,0.2135722419509,0.214284267177534,0.17896851035499,0.213711830928714,0.155262726334315,0.158256801196876,0.158924724168808,0.0756604727159394,0.134271634734341,0.16832460144864,0.135241254186351,0.142753477343614,0.139642745173336,0.144962934367831,0.144357475679432,0.159026186897667,0.0509786300135978,0.00908789389042001,0.0167191196872643,0.0195093342979126,0.114304167817084,0.111138904594365,0.116720982225068,0.166812609396832,0.0891732858728577,0.153273692946655,0.0761804603333159,0.143608864110351,0.137664729002975,0.0199770026526846,0.132654449123272,0.188059605080891,0.190089197686326,0.191161561036025,0.129374661092093,0.214110912932612,0.168320061019692,0.213699745375192,0.148653885783241,0.143269663186385,0.205002887581491,0.162243961349656,0.181284296045706,0.0738434664993,0.206260340181811,0.185078825996479,0.14777666072176,0.151358942311995,0.182608152419381,0.159202712765751,0.13000356057957,0.142749016205246,0.158748406960143,0.13153603881309,0.14355550989703,0.000154228522619199,0.143119248957937,0.140052059835119,0.143890487554365,0.171387308567147,0.127097974003223,0.145550373228844,0.140191586215108,0.189681168366561,0.184806554667604,0.172817777384131,0.177033390387892,0.14171821781172,0.139615644488056,0.171089468113124,0.14576344788068,0.151301978290733,0.158977377286482,0.180829055445902,0.129243685575076,0.167590270530163,0.142218770890854,0.0121741002326432,0.140882265583226,0.134405735969448,0.143323426372166,0.000190489356372885,0.135563616295241,0.14667889100126,0.13845813140284,0.127702226640183,0.166382094938125,0.133218906235927,0.136343939922752,0.148232819423005,0.139642144234211,0.178403719387265,0.123010118988245,0.128381312891007,0.0317866374789649,0.136949252549557,0.12749334604266,0.136627245161679,0.137994540253106,0.134686395406948,0.152337905532767,0.136878784090728,0.136757886823627,0.149195523901885,0.143431011168364,0.133947578310973,0.138727969762895,0.214003557661774,0.174821942752823,0.128161865780529,0.127434153538809,0.175064968377596,0.141434616276418,0.139354649114159,0.126799369855729,0.152543514350607,0.148408527346169,0.142979313605487,0.176041552880996,0.183151472332939,0.138044731189642,0.143387998115827,0.199671764633465,0.215193521459761,0.14846016220588,0.214830266278026,0.213844830442091,0.175063875002243,0.141400654869457,0.174572240026657,0.196581522818088,0.159932002472676,0.155244564618525,0.169647422871599,0.159790902800671,0.169436434813949,0.146380616535646,0.157991181930264,0.144878782024334,0.167328323669317,0.143274737783444,0.179433720701812,0.150404788696087,0.176447428835562,0.140664938452441,0.214071159140192,0.213970205540314,0.213712273286681,0.214735501516502,0.21411660516155,0.214130681325924
FF68_CN113,0.184980443080638,0.205296467210188,0.214097103852293,0.214112006307965,0.214508062750294,0.214326562441672,0.214120569690502,0.213940797081865,0.214407960480844,0.214127217579577,0.205957441823483,0.214315766403357,0.205083563659075,0.214787007007374,0.213906823155339,0.214660872388867,0.720833178089502,0.21413315185344,0.214102975528331,0.213998908729928,0.214386718952037,0.17936963722119,0.21415410543225,0.155211938631842,0.157804469309366,0.158952684530892,0.0753606708633823,0.13443864573294,0.168478842490824,0.135339449308716,0.142195438594673,0.139758676346277,0.14497103035327,0.144344997846203,0.158730641697248,0.0510307114044652,0.00902717399962513,0.0166931624555982,0.0195592873627108,0.113953995580892,0.110839812183831,0.116510570067413,0.166622061615822,0.0891728685540207,0.152537584249932,0.0760863966674384,0.143660236059195,0.137764343009386,0.0200028346886998,0.132724976006738,0.187928650429815,0.190310126278676,0.191426475033802,0.129372115447187,0.214260897322658,0.168146539847235,0.213953308300601,0.14873221652896,0.143401911525855,0.205355062948102,0.16196544275779,0.181532892876954,0.0737940976808736,0.206438702252778,0.185343739994256,0.147787594475291,0.151311701819637,0.182806378866994,0.158658862857271,0.129966252275536,0.142864237936163,0.158965788342377,0.131633524493431,0.143662218323671,7.29348131561274e-05,0.143147209320021,0.140033197023683,0.144090132886023,0.171517428580548,0.127088333938087,0.145578333590928,0.140172723403672,0.189939697386131,0.184964342919903,0.172930161346956,0.177174861473662,0.141729151565252,0.139552086829169,0.171207527612133,0.145795664894902,0.150812045976003,0.158682541528086,0.181003870306754,0.129207796155087,0.167646608573168,0.142300648846689,0.0120885498710422,0.140641347418581,0.134486195041237,0.143286118068131,9.50068064493527e-05,0.135668196395813,0.146818943202983,0.138552069873066,0.127664208894125,0.166406508090095,0.13322771166339,0.136459871095692,0.14827496862555,0.139392003323266,0.178545190473035,0.123093415828126,0.128428428187713,0.0317096004216404,0.136994239520195,0.127455328296602,0.136651658313648,0.13804094610779,0.134666823153489,0.152387149155542,0.136587495542448,0.136847568641715,0.149246186408706,0.143526368522637,0.133979795325196,0.138432424562476,0.21414431930552,0.174306470525264,0.128186278932498,0.127465661111008,0.174504801302585,0.141518622558322,0.139406021063003,0.126838681290181,0.152568636944599,0.147978897603396,0.142987409590927,0.175839654027618,0.183293652860732,0.138172013434951,0.143461362767385,0.199883470479515,0.214607105029898,0.147978743195427,0.21446519575935,0.214164371475642,0.174548402774683,0.141264024682197,0.174791040292937,0.196906739387823,0.160030907037064,0.154853244744997,0.168913442500946,0.159891935691128,0.168697488349134,0.146474555005873,0.157992892937496,0.144992584871205,0.166612079349239,0.143362291275463,0.179608535562664,0.150405080819273,0.17678967201385,0.140753201386483,0.214364450818891,0.214247180052483,0.214146743927964,0.214449888504406,0.214197773675361,0.21446299231589
FF68_CN114,0.18537541449399,0.205731876818853,0.214533222902982,0.214443127939245,0.214213456517259,0.214263943750169,0.214543918784776,0.213524876262891,0.213926770995751,0.214513675688653,0.206400655294402,0.214295004791213,0.205531033782133,0.21395464372088,0.214343651648051,0.213647601386499,0.21413315185344,0.721064906417388,0.214519230202375,0.214382529070913,0.214136807566453,0.179835552836846,0.214504381998151,0.155064186897575,0.1571423721084,0.159127019475082,0.0751043744995906,0.134595244626554,0.168672332369635,0.135368348638183,0.141641176581207,0.139737205292109,0.145217728383809,0.144554804891545,0.158458028166927,0.0511837630879638,0.00913482139364947,0.0167305750893423,0.0196818330392189,0.113660808231902,0.110559394791256,0.116289745804773,0.166352285853593,0.0891662957823367,0.151828663875445,0.0761039449245376,0.143736668004206,0.137881213149709,0.0201331842274612,0.132857453871568,0.187902213281486,0.190653308424347,0.191888843439343,0.129628036224025,0.213917339590033,0.167995950344875,0.213827549269047,0.14892996305991,0.143571280375883,0.205780540368445,0.161686444249261,0.181829961291128,0.0738073892858346,0.206665535906672,0.185596823003002,0.147564641886582,0.151228509309466,0.182975038274999,0.158201084958937,0.129913565772354,0.143039282322376,0.159135866634428,0.131758198496009,0.143852160992367,0.000113185214992469,0.143216546844801,0.140053583048875,0.144231833497153,0.171713756227451,0.127368375743708,0.145729966390381,0.140174663936265,0.19039922802358,0.185033680444683,0.173022910458497,0.17738395907698,0.14175592256865,0.139440516638076,0.171311627796042,0.14587138739789,0.150243595122077,0.158301383368241,0.1810136147016,0.12950202680117,0.167627975287093,0.142426032291289,0.0121202869686019,0.140498561778475,0.134665496079588,0.143341976194474,0.000181370939782779,0.135818410311219,0.146871254119211,0.138749816404016,0.127707297064053,0.166391422014134,0.133315494680769,0.136630658829767,0.148374812157321,0.13929604085668,0.178828779488771,0.123356431025194,0.128472935241688,0.0317569452437068,0.13709053584185,0.127484937068093,0.136757177381604,0.138169876762505,0.134701398019141,0.152404697412641,0.136358867417554,0.136886400159505,0.149347448824523,0.143663812481629,0.134020755169055,0.138261261241448,0.213808565435149,0.173874941981783,0.128474124600373,0.127738608496399,0.174156277475799,0.14169011973442,0.139490256870268,0.127120141979849,0.152559935846846,0.14730757765613,0.142960972442598,0.17547906968644,0.183174278807385,0.138322227350357,0.143700256935671,0.199742103723455,0.213604475657876,0.147351408653589,0.214069848759043,0.214013072531259,0.174025356210231,0.140971546775231,0.175159052909415,0.197126478621487,0.160277605067603,0.154386953542387,0.16792429252736,0.160138633721667,0.167697696745204,0.146635410551625,0.157740143783819,0.145116549431759,0.1658861323662,0.143590543813403,0.179521795842377,0.150422629076372,0.177177549006973,0.140897739765705,0.214227340714969,0.214292396548481,0.214539587015247,0.214129032916518,0.214262145105981,0.214327301096014
FF68_CN115,0.185292030017154,0.20564210736381,0.214459770614468,0.214482476932393,0.214160578047413,0.214171336527033,0.214476142032446,0.213581961306615,0.213878149178043,0.214459378334761,0.206420139910905,0.214248511299574,0.205385218407269,0.21390105580901,0.214295029830343,0.213728807459006,0.214102975528331,0.214519230202375,0.721086895993341,0.214377892658633,0.214139975016426,0.179763519432378,0.214484847303388,0.155117724731183,0.157185268311663,0.159223123830073,0.0750905153410112,0.134618985895195,0.168691816986138,0.135416920377631,0.141639377937019,0.139750304930405,0.145237922442335,0.144609761609199,0.158466871153084,0.0511869305379372,0.00912805665530046,0.0167429652856151,0.0196658455545704,0.113680292848405,0.110617189277003,0.116326966471852,0.166356162745589,0.0892042258914389,0.1518836205931,0.0761021462803497,0.143732031591926,0.137981574156838,0.0201030079023519,0.132808122611837,0.187904671289437,0.19058624111404,0.191855119904119,0.129650358608621,0.213899933221339,0.16796435513572,0.213744164792211,0.148940224930114,0.143617723789262,0.20570212198577,0.161664071786405,0.181843770371447,0.0737835979389327,0.206668703356646,0.185576578866216,0.147616051394122,0.151253669462153,0.182898748218393,0.158125504344354,0.129955043091572,0.14304741586651,0.159132649106194,0.13174221101136,0.143851071790203,7.59144696527725e-05,0.143219004852752,0.140051784404687,0.144244933135449,0.171751686336553,0.127367995983567,0.145710431695617,0.140216141255482,0.190303073590329,0.184994281373275,0.172983511387088,0.177402024809437,0.141792433793706,0.139484831725386,0.171309829151855,0.145901513644739,0.150250309782166,0.158290361977754,0.180981310050422,0.129546341888479,0.167647459903596,0.142503691153681,0.0120979145057459,0.140511661416771,0.134656603015169,0.143387710165829,0.000122816933752227,0.135815902225008,0.146887900967622,0.138747308317805,0.127723943912464,0.166432899333351,0.133362647536171,0.136675683359099,0.148392877889778,0.139329004871621,0.17884258856909,0.123340443540546,0.12850164260449,0.0317757204181868,0.137119243204653,0.127522157735172,0.136756797621462,0.138176591422594,0.134735780918128,0.152447593615904,0.136367000961689,0.136951289065482,0.149321529151552,0.143692519844431,0.134038820901512,0.138257334271191,0.213830887819744,0.173907196554701,0.128470197630116,0.12771765491759,0.174148803295427,0.141712442119015,0.139485620457988,0.127094222306878,0.152539691710059,0.147366791025923,0.142918735603097,0.175494297650805,0.183118562569447,0.138360157459459,0.143731092624542,0.199665104224826,0.213633892462701,0.147407074813266,0.214062374578671,0.213909114235754,0.174029233102227,0.141034307355139,0.175176409199849,0.197087079550078,0.16027935363353,0.154431978071719,0.167989181433338,0.16011838958488,0.167746268484651,0.146603105900446,0.157815674320142,0.145099143063065,0.165918386939117,0.143633440016666,0.17951786887212,0.150446370345013,0.177146663239841,0.14093637931683,0.214102808600796,0.214325360563422,0.214510120132161,0.214082539424879,0.214182307839259,0.214258814901661
FF68_CN116,0.185340493253704,0.20561820751401,0.214402526989586,0.214303209279549,0.213977763184454,0.214100613503713,0.214331637038731,0.213387795371288,0.213864181516566,0.214370919260865,0.206240162816038,0.214184882696484,0.205406013404921,0.213801245662746,0.214200895220263,0.2135722419509,0.213998908729928,0.214382529070913,0.214377892658633,0.721024554768194,0.214033070449932,0.179730396836279,0.214352402824064,0.155070413294624,0.157259980903065,0.159248884921886,0.0751311747153077,0.13467099634186,0.168723963056159,0.135375993919279,0.141647402978256,0.139824308079784,0.145304121729461,0.144683055316556,0.158470639542183,0.0512403598686483,0.00912898727630705,0.0167261598560459,0.0197185654432586,0.113637947506007,0.110544337927614,0.116404516831347,0.166314526845214,0.0892711346205876,0.151918604431212,0.0762655391246311,0.143770562640153,0.137888148988782,0.0201003913132435,0.132919726188437,0.187806989469242,0.190646764864982,0.191865273271425,0.12983432527157,0.213890931654023,0.167973799061003,0.213683373957214,0.149000748681055,0.143690308054595,0.205670418273717,0.161765743174682,0.181740413015068,0.0739533757614213,0.206684532260136,0.185568286740923,0.147634718065704,0.151312774329049,0.182915286563906,0.158154103204259,0.129981513625408,0.143028482110872,0.159163376292168,0.131763006009012,0.143902372794845,0.000117992727995753,0.143256826458956,0.140113727039674,0.144321064610897,0.17170579378404,0.127615102986566,0.145739739997545,0.140316393759713,0.190361469015201,0.18502997465341,0.172946132138851,0.177408630966628,0.141763567849745,0.139496403976738,0.171246909990788,0.145883998773146,0.150252659287218,0.158255111055586,0.180920519215425,0.129628148900111,0.167608661771313,0.142440062550591,0.012108067873052,0.140568637957597,0.134678107454844,0.14345745666307,0.000151415793657429,0.135823217824222,0.146914371501458,0.138816345373023,0.127875985684377,0.166421059997943,0.133348679874694,0.1366517835093,0.148371106366048,0.139335611028812,0.178712272415836,0.123432182740501,0.128466391682322,0.0317567866625488,0.137135781550166,0.127647240710209,0.136851374589509,0.138116510029619,0.134770055314218,0.1523711950564,0.136388505401364,0.136924551447591,0.149308270932098,0.143672167204747,0.134109986282799,0.138470388057085,0.213765840332609,0.173822994132943,0.128650617082951,0.127958376942381,0.17409510688066,0.141641009653672,0.139532664810492,0.127328559353463,0.152559777265688,0.147440794175302,0.143035305273858,0.175420736859393,0.183176248552296,0.138422100094447,0.143900870447031,0.199671710382017,0.213492934679101,0.147469017448254,0.213907937396634,0.213861802799195,0.174076277454731,0.141026015229846,0.175106395618553,0.196975918331446,0.160310790261527,0.154509528431214,0.168003591452782,0.160162596169292,0.16777344846051,0.146519612920712,0.157744951296822,0.145152572393776,0.165989552320404,0.143589675790222,0.17946346301533,0.150474969204918,0.177107865107557,0.140805353721553,0.214088840939319,0.214181565011729,0.214389736167229,0.213942291083302,0.214081078808949,0.214134883726614
FF68_CN117,0.185140885480741,0.205343398886606,0.214089408492937,0.21412772253537,0.213722818933694,0.21444372887837,0.214107198794962,0.213396054111073,0.21386037974196,0.214130163850566,0.20595755032638,0.213945546170231,0.205135461429654,0.214144361037404,0.213909059984306,0.214284267177534,0.214386718952037,0.214136807566453,0.214139975016426,0.214033070449932,0.721144112651167,0.179393866752871,0.21416414612347,0.1553617394016,0.157759882964813,0.159017352257886,0.0750727459049284,0.134566453799984,0.168584657855153,0.135410502013917,0.14159677803013,0.139883646645228,0.145085359021876,0.144462164282902,0.158449811159025,0.0511535533773477,0.00911099666124062,0.0167053314728875,0.0196835482196393,0.113609315260595,0.110502935725788,0.116371627933796,0.166364642664359,0.0893744585914598,0.15212621637947,0.0761851176115377,0.143745477604857,0.137865901721577,0.0201285144296743,0.132816602530607,0.187519410885423,0.190494689707562,0.191540094260385,0.129507727376484,0.21465261782227,0.167930268533107,0.214067636969207,0.148882726740741,0.143623365939939,0.20540199462452,0.161759103631985,0.181569892365049,0.0738921091829498,0.206681439927553,0.185400603858997,0.148086378069886,0.151526061813491,0.182982428991604,0.158067296712958,0.129942949191673,0.14299275544523,0.159090758641328,0.131720184923139,0.14380066802106,0.000151081938587596,0.143279983481226,0.140150363460382,0.144222907047228,0.171638142227361,0.127206209816808,0.145671378998843,0.140229587268413,0.190000108460987,0.184963032538755,0.173080671558737,0.177323952801397,0.141793819292245,0.139688408200489,0.171309086324325,0.145893676396978,0.150509222735066,0.158483296822512,0.181099753482761,0.12934482696843,0.167884380153782,0.142399369790788,0.012158183692197,0.140462676531674,0.134638833579087,0.143393352316507,0.000190889982456531,0.135742086869106,0.146972291182856,0.138720316135423,0.127834583482551,0.166491749635756,0.133286703854199,0.136513187750317,0.148325447512083,0.139225392950751,0.178567291678646,0.123290039771404,0.128384551285183,0.0317742681486339,0.137107858746777,0.127590230783876,0.136768115308324,0.138109870486921,0.134720139808115,0.152502896708194,0.136430817358255,0.136934938513446,0.149339941258644,0.143639278307197,0.134080644595364,0.13821189659621,0.214471480581036,0.173680851163846,0.128260878847815,0.127554449866785,0.173955092237632,0.141570520328901,0.139488424840573,0.126935273908212,0.152751072047416,0.147928635722659,0.143169135251721,0.17562338271349,0.183514397832793,0.138339550255284,0.143528868262471,0.200035399575342,0.214184386087068,0.147968210067979,0.213830353651633,0.214341840484298,0.174055449071573,0.141449297553107,0.174936584410557,0.196945867201988,0.160114729698679,0.154717140379472,0.168468021413378,0.159963697838352,0.168266965544051,0.146558377667488,0.158172490272221,0.145173601089976,0.166223413623515,0.143415607930088,0.179796646201665,0.150546368284754,0.17676211227785,0.140714290578114,0.214497934422119,0.214408331894609,0.214178777321898,0.213749068288546,0.213847417818881,0.214598604245187
FF68_CN118,0.159340874513143,0.171583448420573,0.179827173074598,0.179754814161437,0.179495346174483,0.179572792204268,0.179820132905816,0.179030949599394,0.179270382108979,0.179823943026799,0.17217702604168,0.179625136506003,0.171459934564363,0.179233695610012,0.179777361898204,0.17896851035499,0.17936963722119,0.179835552836846,0.179763519432378,0.179730396836279,0.179393866752871,0.756642963573122,0.179790528307514,0.165283553177777,0.168088916462211,0.162654928594034,0.0928416978978772,0.160942356416373,0.160285162711742,0.156671327644236,0.154655744432161,0.160105139711803,0.163396324720422,0.162817824828899,0.164821577051943,0.0716730120935968,0.0368149747447486,0.042196559886554,0.045723175317111,0.136508242522098,0.130757063125422,0.133656031025013,0.161455570949024,0.116945061574637,0.165099340296714,0.0900741311805172,0.160752488865068,0.150450251410198,0.0462007758602054,0.145477571957716,0.168688248910081,0.161121928711968,0.167046875499215,0.139049989670338,0.179219093623902,0.181137508317952,0.17923075351221,0.161694807318756,0.166902554125788,0.171703056172469,0.169810118793423,0.170075070349895,0.0907437526401165,0.172543356863245,0.164046666049749,0.157747117181587,0.162971757055144,0.168275253496155,0.172019450621988,0.139861215757735,0.164759413237972,0.166533072547004,0.150261719279171,0.158411184127465,0.0274123681997225,0.154546899333074,0.15260772302688,0.159333579779871,0.154093908081802,0.136463985859426,0.1540494469329,0.150008093755937,0.160144217447707,0.157067329835116,0.171244193245159,0.171653649795347,0.144931239002154,0.146195677519807,0.15351087193452,0.163444829688856,0.176788641236323,0.156802895754001,0.16841732552105,0.138955195696496,0.160135412020245,0.157639160971623,0.0363688692542885,0.152778857135589,0.141742743639775,0.14312190310574,0.0270307676819099,0.161160952196423,0.163557184439363,0.158108924266957,0.140268531462289,0.157999995704103,0.152259578960235,0.150522806463213,0.151686341459248,0.157228460811301,0.166214754257645,0.133940450505236,0.133143046017723,0.0612596551519785,0.149753929891403,0.140195863733188,0.146528176303249,0.148728356329717,0.154454955646889,0.143292478007208,0.153503806726608,0.157388419121553,0.168168799634005,0.160164578433768,0.151477848968243,0.149860492256451,0.179132312171732,0.184016979081474,0.136953939040098,0.136622804889253,0.183822278978036,0.15530274721079,0.154413933205204,0.136302304022377,0.195480322736747,0.156469875322013,0.155825848026692,0.172528354251052,0.163072802465166,0.156918685038537,0.153201667888563,0.168808157131539,0.17894028290885,0.161410275162447,0.179351028974245,0.179368034716856,0.176572816453351,0.140821708446778,0.170928504064474,0.175648684754582,0.170329543030369,0.164289908680316,0.180076178878306,0.170307629618234,0.180073766775427,0.143472571951349,0.187909729193742,0.161285296517119,0.173494042559616,0.158107000427118,0.161754383755937,0.154923892650926,0.168780447160757,0.152552307258504,0.179565276292012,0.179603373328649,0.179820767230449,0.1794712251457,0.179575250212219,0.179575846978156
FF68_CN119,0.185285695117207,0.205668406796922,0.214475428417235,0.214637185371675,0.214149277053305,0.214159326090901,0.214545007986941,0.213640895072787,0.213927860197916,0.214506251586542,0.206417352221073,0.214290418457193,0.205449118267603,0.213940125198538,0.214321329263455,0.213711830928714,0.21415410543225,0.214504381998151,0.214484847303388,0.214352402824064,0.21416414612347,0.179790528307514,0.720972439645926,0.155056762795463,0.157215114954891,0.159250132705208,0.0751217808682851,0.13457788833612,0.168706765346883,0.135360924536072,0.141601118146036,0.13972339621179,0.145218108143951,0.144632513832197,0.158520129383072,0.0511656973555068,0.00907489858183329,0.0167082527047469,0.0196715711690151,0.113642033057422,0.110573963391859,0.116304314405376,0.166308680208307,0.0891468111658336,0.151887217881475,0.0761490195321304,0.143697319011058,0.137890815656151,0.0201129901689349,0.132813138784259,0.187923876302319,0.190594804496577,0.191819697881228,0.129685880788033,0.213987244668432,0.167987107358718,0.213769045341277,0.148899836813061,0.143570241251979,0.205705719274145,0.161729390530785,0.181860137616237,0.0738134445821605,0.206689327253574,0.185587270574822,0.147560764994586,0.151243787352091,0.182916534347229,0.158095757857647,0.129923168278796,0.143031148778241,0.159120638670063,0.131716011734768,0.143814230883265,5.4681287222437e-05,0.143206994416621,0.140012815171681,0.144257043728101,0.171773019675505,0.127424091981647,0.145704806237693,0.140248116224779,0.190353494052225,0.185006391965927,0.173021871334592,0.177433290336711,0.141757721212838,0.139466436311047,0.171317683092369,0.14584338947711,0.15025603539661,0.158274094889484,0.18098561678082,0.12955348638697,0.16765531384411,0.14245904638449,0.012063911366901,0.140509583168962,0.134631822622624,0.143347322048777,0.000122157569989796,0.135815952303269,0.146868796111261,0.138747358396066,0.127740311157255,0.166435077737681,0.133321549977095,0.136631038589908,0.148371644707348,0.139320541645605,0.178822064828683,0.123356101343313,0.128526523153557,0.0317381700692265,0.1370880778339,0.127536396653893,0.136768198772091,0.138135493863518,0.134678366192523,0.15239514498446,0.136337254474982,0.136878976057393,0.149327254765997,0.143661354473678,0.134029648233473,0.138309883059156,0.213903300984354,0.173904408864869,0.12851778032392,0.127777298125785,0.174137502301319,0.141657865161502,0.139495602724571,0.12712974448629,0.152525552947859,0.147434238096372,0.142902468514828,0.175511374337618,0.183164726379205,0.138289972777439,0.143739656007079,0.199702754730307,0.213630395330846,0.14741492875378,0.214130531091143,0.213956696929558,0.174020060434189,0.141005270310455,0.175192067002616,0.197039597012795,0.160277275385721,0.154429190381888,0.168009805330266,0.160134756829671,0.167774696243833,0.146563427225417,0.157799407231873,0.145085713742887,0.165925531437608,0.143609369066143,0.179488122385413,0.150444292097205,0.177160902158562,0.140854134120419,0.214137621338185,0.21441621922063,0.214590337159024,0.214076913966955,0.214227762206994,0.214271634936336
FF68_CN12,0.159045258368522,0.160855487327247,0.155052259925211,0.155087736199551,0.154956677218766,0.155308677311465,0.15505940859689,0.155097434689325,0.155020456056637,0.155066765927988,0.160863775279351,0.15500559115966,0.160776668318488,0.155156163969267,0.155081196813374,0.155262726334315,0.155211938631842,0.155064186897575,0.155117724731183,0.155070413294624,0.1553617394016,0.165283553177777,0.155056762795463,0.756459734380676,0.197498347264019,0.18629872407465,0.112406201746051,0.153797077539365,0.151760728541957,0.157402274106944,0.156695611427365,0.159590305982065,0.151934091133256,0.151762101520931,0.193037016928986,0.0751218309465454,0.0581232870855388,0.0421762072468697,0.041794506572536,0.155664107765005,0.133367321507146,0.13952972271269,0.163743033210267,0.113386012124063,0.186825513989071,0.0937726736255737,0.160484540959345,0.163837643563821,0.0907128084483471,0.160632184190715,0.160883188951652,0.157541596000702,0.157985393717993,0.14390279428687,0.155479256386121,0.165359029462651,0.155500848462752,0.161641820346012,0.166504068887827,0.160645913980454,0.178349184161636,0.159930270599502,0.0898720695727921,0.160336209151893,0.15569675461763,0.181402263734571,0.163701284633806,0.166659365746669,0.175591712386944,0.152039718704109,0.154700455972365,0.171332669011808,0.195808827778919,0.158243976989012,0.0732439629507065,0.159167716408074,0.153959431259742,0.165447772313356,0.155918814144028,0.13603854182459,0.159747196998864,0.175567382698743,0.159849310745109,0.162465695367361,0.162709117445028,0.164531073063076,0.163293238621287,0.15745474360433,0.1574534624355,0.161196119654824,0.177618909582255,0.156258974901319,0.158397387566711,0.144094614890333,0.164491607220653,0.155820372803549,0.0841159574674624,0.167058727354188,0.171802732776705,0.155515366985094,0.0753652738901552,0.152553513309943,0.158247232075942,0.159511002883455,0.140157370243656,0.170952499897606,0.160783746045965,0.159062581273449,0.162538187822549,0.163136205716083,0.162561349018007,0.142725692255441,0.145359149391318,0.103504311034506,0.1581723901157,0.13993359136365,0.160526398038704,0.169658536072231,0.153872724924962,0.157568801015692,0.165517719123638,0.169360474439224,0.156026920588773,0.160505331783808,0.150850923398866,0.15448130933145,0.155545004968903,0.172602278109852,0.136248265406163,0.135993750993806,0.172431699035196,0.160330074564988,0.163612070212815,0.135764768147901,0.170509603589003,0.187213766569146,0.171010256824658,0.183380200614353,0.170485983342825,0.164373013553532,0.150930965151817,0.164245247218372,0.155262876569096,0.190142898274281,0.154952120097066,0.155335197923562,0.162406189874382,0.159167390899381,0.158506395420144,0.158057581530431,0.166090138679705,0.179680055664962,0.204820318936646,0.166102278484676,0.205052022701369,0.171627709256434,0.181637773447088,0.15801995606408,0.194767592241278,0.154727439808371,0.154624003161413,0.150351759991459,0.163657078049394,0.155420093094589,0.155289810326841,0.155222909944069,0.155062880689615,0.154937522284145,0.155028777394249,0.155250010629349
FF68_CN120,0.161969098470802,0.167254883900368,0.157178687193602,0.157210616257827,0.157585389439465,0.157584087404694,0.157155329858291,0.157813408278857,0.15785348757997,0.157196740406494,0.167152498896879,0.15743565961391,0.167233529695475,0.157962946137747,0.157206914639742,0.158256801196876,0.157804469309366,0.1571423721084,0.157185268311663,0.157259980903065,0.157759882964813,0.168088916462211,0.157215114954891,0.197498347264019,0.745748985624716,0.203241847994092,0.0882357415466657,0.150611202939283,0.154925778932069,0.149912924195141,0.151782245501197,0.159916169395997,0.170772844138244,0.170390150245078,0.193340887640204,0.070506430670051,0.0309745892734592,0.0385916262298428,0.0392868585464735,0.136109277367474,0.136380551304329,0.148738509697023,0.159146078426371,0.122987829989156,0.19474950146969,0.0965191532220961,0.160713920258145,0.161708128136035,0.0384165192458044,0.158825464883409,0.156541633296049,0.162881795633435,0.166598958845002,0.156787909834562,0.157927060890947,0.160684036056222,0.157577614789531,0.156385793922718,0.151100183767064,0.167363850021918,0.187694184014391,0.161321715932031,0.0859370241963866,0.167191776945825,0.152413686460392,0.189146762383364,0.169029423752146,0.159407678912582,0.193215191206476,0.151321283460137,0.157084410695118,0.176660808130149,0.145379080538977,0.153568983582583,0.0201048566248002,0.157374476499206,0.150254245098799,0.155225651728829,0.144362233114175,0.150147444862014,0.157234582878641,0.162328714632278,0.161431595981834,0.163178914125869,0.158569043323966,0.161378542238076,0.161278652801233,0.162173472024885,0.16410754869489,0.15586985847125,0.187625818842501,0.153187320466945,0.156445942086706,0.156639907708992,0.169469991421639,0.154959339712947,0.0317912905839984,0.160627155498728,0.143299710142654,0.152102470937641,0.0213677427163788,0.147945916895702,0.154782546760807,0.160931535338928,0.154400357823434,0.168408670328369,0.151031985522709,0.154293941519979,0.159094785768106,0.158725834184245,0.17032003650726,0.138442310845727,0.140880671425269,0.0510356274203659,0.151081746620842,0.154365999963577,0.153007961003957,0.158335361467956,0.149698597586794,0.153235049222341,0.157258624616845,0.1558366106795,0.152563654157684,0.165864686351162,0.153415076395468,0.165773727537433,0.157758693606127,0.178239024508212,0.150211023386843,0.150162247161165,0.178052837709049,0.155823928360041,0.163840740069592,0.150006336843633,0.177575166221753,0.25058490480196,0.154049146463337,0.192039170030836,0.186018736520477,0.156926939605135,0.165063989218025,0.173329172406652,0.158260498641772,0.249254546600803,0.157702146903703,0.157758881399604,0.176249052153169,0.169314060238164,0.157105476950014,0.155792562676246,0.180132354166965,0.18823260877799,0.227825624942909,0.180174999978926,0.22817154887334,0.14483586078194,0.189972527859044,0.153034227051562,0.210684862995414,0.150797360526127,0.160192643125562,0.158225377088444,0.159499267877756,0.151698589767116,0.15763545518035,0.157493353943136,0.157207753450605,0.157652786431654,0.157412732117001,0.157603459345111
FF68_CN121,0.164351033370383,0.169362974179058,0.159125024691041,0.159291747739642,0.159021638122343,0.158950810769314,0.159188928724563,0.159300736787393,0.159033627692532,0.159143077903933,0.169670646664883,0.159032242193993,0.169275641866023,0.158750764811572,0.159161055999434,0.158924724168808,0.158952684530892,0.159127019475082,0.159223123830073,0.159248884921886,0.159017352257886,0.162654928594034,0.159250132705208,0.18629872407465,0.203241847994092,0.761246604230752,0.0843603978030926,0.158631783037933,0.169683220481444,0.147167012152237,0.150306234679522,0.153349202617036,0.163713524595297,0.162861889524906,0.178095316593476,0.0748648710458029,0.0288040347112352,0.0349525266799396,0.0408508067934969,0.132194914312634,0.132876245738802,0.140949174312375,0.164380679700569,0.121103890004238,0.194542682427223,0.110615394806004,0.15679600999319,0.159899389005558,0.0338955832612711,0.16406787001986,0.161817382207582,0.162749468003386,0.164411377674225,0.177197475981443,0.158967440924972,0.159342819218924,0.158886163908262,0.150929103909804,0.149120469109036,0.169471940300608,0.183339966905271,0.157403805667076,0.104328227787738,0.169012543205187,0.154404009363258,0.192238848748001,0.167887560123321,0.165135342392789,0.171207928238217,0.146896831590736,0.154153334284202,0.177510348259978,0.147863175089875,0.153774350355498,0.0227684400075256,0.155466415485504,0.148141864782464,0.158296454832775,0.145175591700829,0.174832818081717,0.156302714088633,0.161584847978374,0.168893135766333,0.162317280096142,0.157992604987498,0.160038034842801,0.164389184658469,0.162300090733243,0.166898831641761,0.154972042898348,0.176265861755926,0.149050192616872,0.152792653696343,0.177140282434822,0.166150140782101,0.15969236547686,0.036316449835163,0.160555839882659,0.142255040070984,0.158866629213499,0.019842780395115,0.148559922273884,0.152866681884852,0.158433928004085,0.169564309652007,0.165530802069181,0.148535087629889,0.169765081744525,0.150918095038882,0.151654454126907,0.167229335641162,0.1441997708909,0.147557568332294,0.0552919081448011,0.152422930072633,0.169612247066822,0.15585599931267,0.157844056174252,0.154369192452681,0.158075910173756,0.155692514658245,0.151394422759523,0.155215886468041,0.150106188721781,0.143495996057674,0.177892754203146,0.15901829122527,0.181701439608873,0.174995718489771,0.17494623282207,0.181608899156751,0.14725278786601,0.166851240601581,0.174998898459309,0.174307814291919,0.19647964694358,0.152990287551206,0.181630574697148,0.173438539154285,0.152030708790416,0.176424622361116,0.161224301195892,0.158936934917981,0.197624531960786,0.159104342369475,0.158905677737084,0.182349172695467,0.157575970553313,0.154624186781701,0.156311502823342,0.177714913780725,0.178112046905654,0.209078248070488,0.177761816244824,0.209203535531756,0.148775020922079,0.16996376306967,0.151186468609818,0.227616744345386,0.152490427221342,0.153903777619629,0.149350595408555,0.178130262872893,0.144642107992261,0.158870222328686,0.15918145454419,0.15916260425232,0.159006030397836,0.159070326711065,0.158867313616391
FF68_CN122,0.0876249996017899,0.0748214323280514,0.0750853531069965,0.0751257954754978,0.0755977622142916,0.0751303567703871,0.0751308116479194,0.0757789578801628,0.0755927251759281,0.0750920552475199,0.0748403619105012,0.0753416160852813,0.075011491846022,0.0756525227920931,0.0752419895593055,0.0756604727159394,0.0753606708633823,0.0751043744995906,0.0750905153410112,0.0751311747153077,0.0750727459049284,0.0928416978978772,0.0751217808682851,0.112406201746051,0.0882357415466657,0.0843603978030926,1.12986452785505,0.156522023483894,0.099822457169744,0.13622398996941,0.121283082539691,0.142016696763564,0.0751866322155672,0.076399473432203,0.108931225348395,0.682866737996164,0.911086829396632,0.881987403892949,0.858127428908349,0.30494274905967,0.335608647589343,0.224281064802358,0.104011541215033,0.390079021871471,0.102535267482491,0.34105008877195,0.114988712598297,0.156464391752494,0.849869669821835,0.13834504217118,0.0945006779904803,0.0879509882113737,0.0910509368629016,0.0841783967118659,0.0750561783470964,0.0916543673817518,0.0752033416618037,0.105911581360686,0.121257964118887,0.0749240134713936,0.101287442427743,0.092477921067596,0.352654340132562,0.0745979914763029,0.0939085901976217,0.105557924512204,0.128008526147033,0.0886767682668786,0.0879117518943116,0.155705384771181,0.11616992939346,0.0948824663017699,0.197900241996879,0.118698948317169,1.00387367073338,0.120193079122749,0.120789448606876,0.112843334881514,0.106401868396427,0.0801366178696893,0.117526862458162,0.125492106079015,0.0885056717168649,0.0983363722713426,0.100484646180855,0.0958471321791836,0.149790407730952,0.142883493027306,0.128947351642055,0.105072140346714,0.10903003392945,0.11056875942596,0.0912394564743635,0.0841226220492904,0.0934395488638757,0.125197287013373,0.94378585522229,0.118374666541629,0.15626522216431,0.124548911255769,1.01440541685588,0.125465577120542,0.114288055136785,0.12488666408337,0.0840390664717306,0.101473983947917,0.145250492085708,0.120625701041583,0.108322607556399,0.125889769198867,0.0915461816464277,0.185448979458591,0.196692224986,0.793647361849332,0.139219625604422,0.0838330236422999,0.120701139767762,0.122362143856725,0.119970598104326,0.114169373832708,0.146725997951589,0.114585853858924,0.114174786458025,0.113857369577355,0.165320682034712,0.0930343865245215,0.075033956119022,0.0833147219930252,0.0799916204397463,0.0799995995759112,0.083285321880953,0.120287017592975,0.114639266496881,0.0799408828155343,0.0993929860081299,0.0961334504601147,0.114150586138663,0.0858184221828889,0.0848016832609846,0.112753281649661,0.0788927823830235,0.0786006758898221,0.075687581747596,0.0920313022749662,0.0755889484404525,0.0753356567722878,0.091670542659877,0.18028249296498,0.0951120542599885,0.0841209319080003,0.0782214666089456,0.11471713819188,0.0778890596356475,0.078143507276991,0.0778930325109765,0.152323770943755,0.102501623237846,0.113714571417683,0.0813334674284884,0.120042088994306,0.129419635543165,0.111741066463951,0.0928519055166321,0.119163328199505,0.0751256786262235,0.0750985069967412,0.0750888794511698,0.0756091132866601,0.0754052405151823,0.0750951016750308
FF68_CN123,0.144436307207756,0.133631238112903,0.134607438682973,0.134650009377544,0.134329529376609,0.134641800716018,0.134629485637136,0.134565352078254,0.134332296200499,0.134624782453842,0.133337303763195,0.134486987947027,0.133754610080708,0.134313345752107,0.134693840375002,0.134271634734341,0.13443864573294,0.134595244626554,0.134618985895195,0.13467099634186,0.134566453799984,0.160942356416373,0.13457788833612,0.153797077539365,0.150611202939283,0.158631783037933,0.156522023483894,0.791622793710492,0.165406724832541,0.189494472438417,0.198387979214526,0.17880542215346,0.138323324898899,0.138680579035756,0.153350709138037,0.151281729980758,0.122050277316588,0.109517032492755,0.13654817158843,0.164170196598712,0.149108300091747,0.179961412024921,0.162279333294286,0.156341896154246,0.162109142326149,0.129854773894587,0.178661743451042,0.193255954910482,0.126992133599764,0.184652351184115,0.150509606668396,0.141840813566489,0.137483817113913,0.152559994271483,0.134598128299718,0.164072690052429,0.134628943122648,0.16918448691244,0.176368739195643,0.133723887067922,0.150381439707152,0.149620538098319,0.109431265125359,0.1335354968253,0.151884092163386,0.173391832830039,0.165346359662757,0.150227858028731,0.163106121201118,0.172028126680611,0.190886844218764,0.1655591088059,0.167104682504527,0.175652853769765,0.111441619332405,0.179346254846749,0.175107776943903,0.180875886965799,0.168343151270948,0.14281713933221,0.174214017710097,0.174517287482191,0.141901725423949,0.145101980831157,0.149223922448748,0.153528925147412,0.162785866552356,0.165102407590166,0.142060577839283,0.17702010295612,0.155921923169364,0.167115445157335,0.148907770044154,0.152470166391802,0.157702126037761,0.185108856259995,0.120766320796925,0.190302764774389,0.167260763922783,0.176041532015055,0.112283096862302,0.175757821976855,0.176369807531866,0.184138452248571,0.148295968109432,0.16098117124141,0.178356503934038,0.179593712397571,0.177527867304758,0.17901197828506,0.150847630753241,0.175086769113645,0.167280786880586,0.122710204459602,0.176495028222119,0.14821123986594,0.180995098264799,0.18134363461115,0.189358184452604,0.179386150527573,0.16779419755309,0.174688263009742,0.177589580414385,0.169605223590794,0.176708545231922,0.159325967884282,0.134502833543271,0.151724697233564,0.142662919155968,0.142661675545834,0.151601650774451,0.171771125047984,0.186020384929884,0.142710084530935,0.163851369180373,0.160950811296012,0.17643027285817,0.147557514080845,0.143515004930703,0.175204653338743,0.146974995408921,0.139216011623293,0.134339181961311,0.157775194392945,0.13435334993583,0.134669740212161,0.157094476425468,0.145616217794958,0.156145960787049,0.143527378434223,0.151313049759481,0.159489214666971,0.141856508927951,0.151327317890521,0.141899501114547,0.147589564167532,0.168358316637487,0.182384202438652,0.148313916992615,0.172569785665197,0.14122252232385,0.173246042494306,0.158880993327871,0.179389889704353,0.134637832013878,0.134570931631106,0.134619478331423,0.134367839245853,0.134516559159823,0.134583843475925
FF68_CN124,0.162626150287029,0.166427073562386,0.168697296382469,0.168720712142418,0.168425772054313,0.168614600481714,0.168727147198885,0.168430316656448,0.168466139305423,0.168684134146348,0.167007171785055,0.168570460668316,0.166373794466456,0.168325874271093,0.168708497220056,0.16832460144864,0.168478842490824,0.168672332369635,0.168691816986138,0.168723963056159,0.168584657855153,0.160285162711742,0.168706765346883,0.151760728541957,0.154925778932069,0.169683220481444,0.099822457169744,0.165406724832541,0.737193986876141,0.165112828041528,0.170616620831584,0.159247274071174,0.145401887013423,0.145191587531854,0.160060361400585,0.0850933766085371,0.0461752025618693,0.0532076592912732,0.0583184587592636,0.124576696343942,0.133337153528413,0.143764720176434,0.168801692862753,0.122731120479716,0.157379751409307,0.0953039875395376,0.162544389180468,0.159980035870824,0.0557177903644163,0.162299710973101,0.166118499667873,0.165297554224761,0.162065023378693,0.150504490339453,0.168527652102008,0.1592390111582,0.168434314570908,0.16062481851324,0.161783070252798,0.16654171522012,0.152720929107814,0.166129003583003,0.0932181361816755,0.168218448056052,0.172668364720891,0.165016619356828,0.154685323991333,0.16643835786374,0.160932140451241,0.156431502854943,0.159515777010951,0.160428883146043,0.161436699791211,0.163081290730312,0.0368137436541793,0.166123424030151,0.172810353282019,0.163517009154917,0.168263443373066,0.141502292872227,0.168484313540778,0.159280350762201,0.163460708670607,0.161782131285414,0.161151520790705,0.166263159069558,0.158988682453779,0.155950355101734,0.156026403113415,0.163907945095115,0.158265669222164,0.176283314029693,0.173095945428174,0.150390541430989,0.164823964115691,0.169224198972976,0.0502752015550066,0.167741548608604,0.164949860862461,0.16582957314421,0.0377729885598994,0.163061397141348,0.158051054663819,0.16524788910996,0.146605117377241,0.168149123050836,0.15240344545613,0.163458622076421,0.164541280681831,0.167921020747678,0.166864452915963,0.153708192800256,0.160689110653281,0.0661198922169986,0.159667522486489,0.146499815315081,0.164217962912804,0.172551269228396,0.162141609731674,0.170254671857809,0.163511755110758,0.158692223325107,0.165374157270495,0.165214236518938,0.155671919973635,0.148867832631446,0.168477761635036,0.163151429507259,0.141765934047552,0.141553986156576,0.163196520807606,0.170829445092117,0.167637782279764,0.141299463397842,0.163399913662421,0.158146136587659,0.16807634264565,0.160858592179395,0.158403814276802,0.159250470733466,0.151119305316179,0.167013118578483,0.168320495031283,0.156239711463799,0.168428309352842,0.16851484041371,0.165484796840581,0.146624793960409,0.172525307823541,0.163731327416887,0.160519228501083,0.161344864607924,0.152723491445474,0.160473194060164,0.152667161748845,0.149061405974024,0.160363364088622,0.165147348655731,0.160416747514261,0.168244776701483,0.158202766753851,0.171421816661785,0.180573351674859,0.166399046429288,0.168592186286974,0.168674978171062,0.168681667792021,0.16843215703252,0.168502128881933,0.16853323165486
FF68_CN125,0.14568048072268,0.134043236134808,0.135354293339751,0.135407505664666,0.135267223937583,0.135466693995329,0.135447284496217,0.13540301531398,0.135157898921833,0.135352482175998,0.134053652412982,0.135266476936864,0.134177959174982,0.135296444602555,0.135444951683918,0.135241254186351,0.135339449308716,0.135368348638183,0.135416920377631,0.135375993919279,0.135410502013917,0.156671327644236,0.135360924536072,0.157402274106944,0.149912924195141,0.147167012152237,0.13622398996941,0.189494472438417,0.165112828041528,0.786329403565329,0.217515057804052,0.176762041333647,0.141672412896162,0.141945243432279,0.156003834510706,0.136033504786226,0.115200426790724,0.123297046554678,0.120525945146768,0.160677425725842,0.168769588524616,0.184940088349092,0.159349149945682,0.178547243681713,0.158288609238638,0.125097777336672,0.173254188558005,0.166963136301367,0.12670036513482,0.184999080539901,0.149638224070634,0.141995284134033,0.140905268197526,0.155120892181157,0.135315186391528,0.163041682999485,0.135373669453356,0.176627055382606,0.177336230321583,0.134211795386293,0.151251737275938,0.154820560333677,0.118894324477124,0.133946785405183,0.151399355468177,0.16348854383704,0.156552637993782,0.156075600831118,0.169483817194711,0.190243572270538,0.173288947043946,0.164469927507067,0.203995479908784,0.174348711537953,0.100122284061431,0.177011293355469,0.175267213605609,0.167616227761829,0.163277547433013,0.141111452915362,0.171951419305167,0.181291561566659,0.138315308204038,0.145382732078801,0.151006562459154,0.159390147348237,0.157261963167541,0.159882854833233,0.140112971692579,0.17974630085716,0.164174674429834,0.168068747442815,0.156195680153299,0.155087819663318,0.167413490097588,0.176925254730829,0.0906474813575909,0.182802355913404,0.183521696739253,0.17199326803815,0.105357336039973,0.186220485139074,0.176054627480162,0.174459346934851,0.14662220658362,0.162575809115712,0.175826445886424,0.17455010126235,0.17423657796643,0.17310071955567,0.151963395261996,0.182056849196471,0.171645795854833,0.122937038113496,0.172648245779756,0.146576497651394,0.1792262715079,0.182480682380596,0.17718042433376,0.173366347168659,0.178571143531512,0.189840337944211,0.178518761671082,0.174854906767764,0.176648054866488,0.154024119852677,0.135334821242813,0.152441755325374,0.141077128441012,0.141131930750697,0.152308067235916,0.172566221762328,0.176519349563944,0.141076761200435,0.166383889409125,0.157863841260318,0.180995344482913,0.1471579104284,0.148435507008986,0.185614817791257,0.147711917877375,0.145050984469266,0.135305254203206,0.156714390775034,0.135236417461029,0.135391054956109,0.152592878995845,0.144587339068083,0.155087285495207,0.13897682950501,0.154447886265789,0.15763099821517,0.143417803027171,0.154491241519773,0.143409715388108,0.151957410909872,0.160879900479216,0.188600855093016,0.144652298918263,0.161083022076787,0.141801948663192,0.177642266917567,0.161058792545106,0.177449377977881,0.135438604264406,0.135407885424808,0.1353663329882,0.13524097458273,0.135291791497521,0.135420087827604
FF68_CN126,0.149441883904166,0.13947608472256,0.141615060768383,0.1416498276007,0.14279221705126,0.141698374301017,0.141648458794914,0.142880475812114,0.142671540963142,0.141648012263758,0.139348869248265,0.14215722888195,0.13962854381331,0.142743399093699,0.141670956453421,0.142753477343614,0.142195438594673,0.141641176581207,0.141639377937019,0.141647402978256,0.14159677803013,0.154655744432161,0.141601118146036,0.156695611427365,0.151782245501197,0.150306234679522,0.121283082539691,0.198387979214526,0.170616620831584,0.217515057804052,0.776016649436075,0.177753782857211,0.142371154864213,0.142583682828372,0.160504476280192,0.110975244666028,0.0711135127287258,0.0770896102858332,0.0801018802496909,0.143868557449476,0.152713438234688,0.156890111217762,0.168312182040048,0.137751431164566,0.166377608760627,0.113218821678364,0.177395143221814,0.171247398253828,0.0836691008030954,0.182077539864413,0.154680170103695,0.147758732704519,0.145396687220713,0.159586061849491,0.141563893305768,0.157996072907034,0.141625923577712,0.175355676852693,0.176739531155575,0.139614847409077,0.153111126393671,0.157910831361373,0.11020643903842,0.139519394071472,0.158515000534565,0.164703050155836,0.16122425529082,0.16130271123219,0.1601581433773,0.174460557159478,0.184882590159719,0.16368167899484,0.176041277450564,0.179583625801279,0.0574414840890851,0.172410503411461,0.187007001778128,0.17717448171352,0.163434985137489,0.142082620620257,0.178481065260529,0.165576652889811,0.143846059790969,0.151035507693694,0.15281983784539,0.163023850965576,0.164149167902512,0.165018447213334,0.144793102293893,0.190613475341348,0.169938832442343,0.172560166466002,0.165858931524399,0.15952886830287,0.167515591324268,0.184550279169754,0.0655494924841031,0.183205969999873,0.17666275283593,0.176607420531321,0.0616173391272385,0.187549921065602,0.175714036884469,0.173499413453049,0.148746927017967,0.161327132730536,0.182822904692942,0.179063512988251,0.18081020932722,0.178256885754439,0.154876305783934,0.167343672656145,0.179487200110783,0.0959980471902363,0.172214008837022,0.148679225383028,0.179566035812296,0.188527198318272,0.177798999353208,0.176698537926209,0.172391135644232,0.187199736309844,0.17400594253793,0.180384948912672,0.173422163563118,0.152432073528353,0.141584237599076,0.155444764984237,0.142068869964575,0.142021512622944,0.155359318952345,0.179802471972631,0.180775943277507,0.142012456804179,0.166570414236545,0.160414226908485,0.178869088315245,0.154909215547426,0.148514196648905,0.175228528149412,0.148270190324866,0.148383175226816,0.142721702687359,0.158042407817515,0.142716715727256,0.141592938696829,0.157736984680223,0.150792060576896,0.167951539274233,0.147651828138025,0.154490394362534,0.160526172686532,0.14696708304377,0.154481250906813,0.146951191542454,0.153381202625463,0.15916583012693,0.193224230332487,0.150725064210791,0.180046348927831,0.146526064669933,0.177725213209624,0.174026624859496,0.175568588750182,0.14164616354131,0.141635309078358,0.141612202134349,0.142700699030289,0.142187509536768,0.141642545386993
FF68_CN127,0.148584339599041,0.138676005221302,0.139783452565634,0.139775652876569,0.139548109780652,0.139834131765209,0.139747325273908,0.13974491317103,0.139709082175678,0.139751135394891,0.138487068291003,0.139708406119162,0.138796539421015,0.139631957481398,0.139861340953386,0.139642745173336,0.139758676346277,0.139737205292109,0.139750304930405,0.139824308079784,0.139883646645228,0.160105139711803,0.13972339621179,0.159590305982065,0.159916169395997,0.153349202617036,0.142016696763564,0.17880542215346,0.159247274071174,0.176762041333647,0.177753782857211,0.770762419046359,0.143397888572266,0.143548695080421,0.157913055670774,0.128484444895214,0.115089866511217,0.119572588609839,0.105807264170981,0.150358704176908,0.14835125033578,0.177186709155447,0.156984692358998,0.148830248896978,0.161819614863361,0.134501544028065,0.176272977042098,0.169617981027643,0.0984902252070083,0.176905878617223,0.155507550603275,0.144074061937607,0.142117107848953,0.152803967210016,0.139983427579173,0.162201816320299,0.139895765584257,0.175980156933685,0.171798438565871,0.13873318207517,0.155597182343103,0.15712848791069,0.130117100515574,0.138890999539788,0.154792019898409,0.162464931673889,0.163347076924459,0.149300542187235,0.168475103314044,0.166342583190631,0.175293942877124,0.165002121700428,0.163698576234553,0.174787259384274,0.101395845168862,0.168559113769136,0.170816996471207,0.175659994095067,0.156085336879587,0.138315654578673,0.172707087735784,0.165108592255332,0.146871291677907,0.149133664730665,0.15573581566078,0.159559107225805,0.159063349140109,0.173320508867594,0.147121662114212,0.173438764506457,0.171809802157805,0.163004153516466,0.153875917414066,0.152655255642423,0.162681624480042,0.179839755237536,0.109645741968487,0.179807913810267,0.163794355080851,0.167488423867974,0.102113170344728,0.171388293439602,0.167704607545146,0.171231498406135,0.149631772321413,0.158137652495701,0.175923042677643,0.172332498174434,0.169838859541732,0.179975325434949,0.155943477687299,0.163951292002723,0.214660797271477,0.136437832487906,0.172447586363323,0.149559814034336,0.175468469787978,0.176701680337052,0.175294130670601,0.168157736511634,0.174625339675487,0.170292485117636,0.178267022428992,0.17386818558981,0.192624092459262,0.151883845945272,0.139876072308335,0.157965583592797,0.138242310793057,0.138223331132346,0.157804227264441,0.172428702685946,0.169724426543417,0.138100764589896,0.168045515303155,0.166927785222678,0.177747631577552,0.157586111401054,0.152163028074089,0.176601469564705,0.146213689000815,0.14796477553395,0.139732994545043,0.166015288373087,0.139582571970218,0.139967778122783,0.161585878755902,0.153534934538666,0.160860127912715,0.142646176324224,0.154233038008896,0.158490954623172,0.154674632282727,0.154232407857452,0.154804176396133,0.144736822675525,0.178403940566249,0.17003274170025,0.153429628303317,0.169867445882072,0.149011411177342,0.170896295396629,0.155654375889724,0.16912418851367,0.139908201685602,0.139769647658503,0.139747250156517,0.139612669004748,0.139691154158437,0.139830801560889
FF68_CN128,0.140466987435261,0.147474588654729,0.145190193686938,0.145239149359716,0.145032180082467,0.144960643287415,0.145202308452779,0.145367324667336,0.145181801405125,0.145240171790867,0.147582198490058,0.145116566124513,0.147487287666941,0.144771238960019,0.145231191089493,0.144962934367831,0.14497103035327,0.145217728383809,0.145237922442335,0.145304121729461,0.145085359021876,0.163396324720422,0.145218108143951,0.151934091133256,0.170772844138244,0.163713524595297,0.0751866322155672,0.138323324898899,0.145401887013423,0.141672412896162,0.142371154864213,0.143397888572266,0.835089126132565,0.377718563738942,0.152531311947811,0.0636869317432082,0.019870769969518,0.026500973071862,0.0301474842043116,0.124668473102592,0.108930478347676,0.173368575651249,0.140800984393329,0.09989869714809,0.150545955139105,0.258810058767735,0.162604241048082,0.146061751558612,0.0299716886441922,0.140368279010727,0.14749661474295,0.141183169157514,0.143394896396204,0.312212835481284,0.145045379877284,0.166621014145541,0.144864071535327,0.145523184906608,0.147074467526927,0.147617607993384,0.167396705533961,0.144472835125566,0.231538306150166,0.14942842537167,0.140425192953728,0.151720515698816,0.147183233335434,0.148457099085616,0.171417952289353,0.151252125382456,0.153625538631384,0.161131489486525,0.142405466818998,0.152298740159907,0.0142374288928682,0.149528414965034,0.146684700079472,0.151146727336963,0.134573009878914,0.345778578280105,0.150889700665207,0.155588673212015,0.139571216724661,0.136649696915114,0.152736378251163,0.144453041693123,0.139172097162067,0.152341682268242,0.137593229766618,0.148330985333051,0.155134450870173,0.135939023801511,0.14391188766433,0.312359961237296,0.147516675259448,0.147553132233056,0.0326976152879887,0.141722311709512,0.129910778082523,0.134580329651317,0.0130307473022676,0.16143916197235,0.164393725087416,0.147185044499187,0.316996323438977,0.137105617744622,0.155547951239893,0.139606021115673,0.145661868302546,0.143583870885198,0.149157748200752,0.134742937936184,0.131138271363529,0.0441529881534732,0.138367493924615,0.318331898125598,0.140612247776072,0.138394732325111,0.148057315986072,0.137380096690146,0.145783767134857,0.159719044670115,0.143717279371035,0.163401870887767,0.144291309777813,0.251963496714307,0.145040893699785,0.178591274992213,0.343542855208282,0.345598993464945,0.17828093583902,0.138372021833997,0.147612621033281,0.347508268876462,0.16539512336887,0.171671907494469,0.147145223935753,0.154816533206899,0.145609286129074,0.152318771464087,0.272840660271758,0.142323376030556,0.145004232239948,0.177726131311066,0.145064513945964,0.144922604675415,0.160047891913733,0.136553813739107,0.146384046896487,0.142273093283876,0.199889972306997,0.152599831527671,0.166958704375317,0.200138356305638,0.167089667372769,0.157613278857347,0.154610048019501,0.15288277369921,0.16822157794733,0.13889470950425,0.141711336224097,0.14370630388562,0.147185849924543,0.14437325867785,0.144939647976722,0.145173551011716,0.145192301147066,0.145123698103438,0.145136914591009,0.144943124242634
FF68_CN129,0.140216959200403,0.146827272886972,0.144573383926171,0.144642203975594,0.14442246474193,0.144343124084625,0.144546479380745,0.1447576093268,0.144501851304308,0.144604916537501,0.146978158685706,0.144479182545078,0.146812303660285,0.144168618039712,0.144634955147394,0.144357475679432,0.144344997846203,0.144554804891545,0.144609761609199,0.144683055316556,0.144462164282902,0.162817824828899,0.144632513832197,0.151762101520931,0.170390150245078,0.162861889524906,0.076399473432203,0.138680579035756,0.145191587531854,0.141945243432279,0.142583682828372,0.143548695080421,0.377718563738942,0.836041616217186,0.152446583704319,0.0650778429076254,0.0218306536364081,0.0284260940796234,0.0320435180891284,0.125354198896114,0.109550935475079,0.173987613894606,0.140856016228374,0.100640468861432,0.150551326032539,0.259941314151722,0.163180712770057,0.146576501824583,0.0315364131042528,0.140569455902518,0.147247295950114,0.140872838350697,0.143105848850078,0.311776223994367,0.144422185138309,0.166246124114629,0.144251518426698,0.145830778101854,0.147384189048241,0.146983062182041,0.167437548528546,0.144295169977056,0.232728445222064,0.148719388147908,0.140300026514923,0.151684738954913,0.147243940706664,0.148143930510707,0.170761413775296,0.151820083800155,0.153746548574572,0.160957371548131,0.142923054853061,0.152853928621191,0.0160121481917465,0.150054516303373,0.146910707442069,0.151857283601292,0.134703952010424,0.345303656923944,0.151198712744498,0.155924644088182,0.139206258882071,0.136235078130912,0.152633204515072,0.144236357233347,0.139242027279597,0.152667720956087,0.137119017852481,0.148500946775828,0.155183097727012,0.136101890824058,0.143742735820097,0.311929734728586,0.14765967790535,0.147779849037675,0.0343134195737074,0.141942643535924,0.130358840798329,0.134921266621645,0.0150353258166087,0.161716249160605,0.164687838884224,0.147664322664007,0.317189696468514,0.136912344871606,0.156030067172804,0.140046279969226,0.146234083372383,0.143985819869507,0.148946029835137,0.135173974043437,0.131469276145534,0.0457836907216758,0.138714106431127,0.31853591278548,0.14096027916663,0.138680332817643,0.148386192442008,0.137603975726673,0.146210546589972,0.159842892381395,0.14401068372582,0.163655546489262,0.144496743321742,0.251906436709713,0.144460265482193,0.177600589285308,0.343082832134606,0.345129747644969,0.17730089176246,0.138867617165347,0.147617282484691,0.347036894730417,0.165086211446099,0.171465864665038,0.147247788386342,0.154567214414063,0.145283347597751,0.152691633325451,0.27228202475688,0.141886055101616,0.144395226341434,0.177520797923658,0.14446260246768,0.144329206501408,0.159849652946555,0.136325778206962,0.146215604494277,0.142072016548607,0.199038337236606,0.15244770629199,0.166534862844815,0.199250539692072,0.1666175837847,0.157563313272984,0.154155700482008,0.153148509815096,0.167601220976448,0.139239903126716,0.141391782670981,0.143806030568117,0.146976259884997,0.144743282771123,0.144366823621383,0.144540424084419,0.144554208125608,0.144454389632967,0.144471153330652,0.144340503322328
FF68_CN13,0.167101552613249,0.167097028877055,0.158442553984448,0.158475192490696,0.158919490990591,0.158480463227608,0.158437642141735,0.159053154040919,0.158959858241702,0.15847692436387,0.167334466602599,0.158653412673258,0.167031689266733,0.15888486187349,0.158482841944979,0.159026186897667,0.158730641697248,0.158458028166927,0.158466871153084,0.158470639542183,0.158449811159025,0.164821577051943,0.158520129383072,0.193037016928986,0.193340887640204,0.178095316593476,0.108931225348395,0.153350709138037,0.160060361400585,0.156003834510706,0.160504476280192,0.157913055670774,0.152531311947811,0.152446583704319,0.755780723452753,0.0793265644482246,0.0486223101442368,0.0457594695363717,0.0499628926569024,0.151842923660108,0.133235235922022,0.143984179806477,0.167004208821312,0.117113291144241,0.177370650779266,0.0964123780244413,0.159814698320762,0.157104909396395,0.0767047463347143,0.161438690402064,0.156849172239845,0.164721729346983,0.169031986089806,0.149578201102297,0.158523342738118,0.160340307222874,0.158667668284733,0.159382827575834,0.158418428782476,0.166927184283552,0.175560947642275,0.164057674920671,0.0924145804145042,0.167034631364535,0.156446505467136,0.173799044204883,0.164202021333228,0.156989541603885,0.176966481658744,0.157325641848891,0.152493961911892,0.172063974368716,0.172258770455487,0.163081532775237,0.0581703189184775,0.162309705759249,0.165284124904584,0.158151031737618,0.159907877270705,0.13830011362518,0.165366557894472,0.18327746923623,0.166102912809308,0.16458183155323,0.152730686022225,0.157123659531745,0.156054672291438,0.155537701889254,0.159932123495139,0.156241247197119,0.178814190022227,0.157432972080599,0.162368005200789,0.149753704539231,0.168176319719449,0.157236289712684,0.0678547074886755,0.158317562819554,0.16295373305457,0.159461863590389,0.0597240762394995,0.157605320587124,0.16185532483625,0.162720389226818,0.14393998574163,0.169174508819045,0.15627085596861,0.151609054010621,0.162267051600911,0.158858140948352,0.165970798011866,0.143461963706511,0.154818719957605,0.0814625274520432,0.153694972139497,0.143816947628895,0.163833687381246,0.158412331754267,0.157546795793412,0.157023110731139,0.156544567047473,0.156048374950187,0.155801188656609,0.166248845033446,0.147070886931304,0.15788862999924,0.158690541530193,0.16572552721175,0.13856730201062,0.138295051547687,0.165661364440549,0.168493494555194,0.160752180049128,0.138054717629413,0.168359864890373,0.184216954095014,0.157085908869743,0.178728969342507,0.183075612114735,0.158717212377071,0.149900725965533,0.172200800695829,0.158971710096675,0.186460764805899,0.158958209832295,0.158462998434276,0.170423464807842,0.153026331379165,0.169286947033319,0.156462626493813,0.161513398820278,0.177998548701534,0.20150212922608,0.161453175538899,0.201659341578384,0.15523379361934,0.180600439840574,0.158586670871644,0.185283641908529,0.162101960268963,0.156942330323846,0.156313071942169,0.165676020678107,0.154448737596216,0.158411935301371,0.158552901431348,0.158478714661681,0.158917362664522,0.158701429378653,0.158450174226413
FF68_CN130,0.0733166181602419,0.0526119950759809,0.0511860249560609,0.0512165351362395,0.0509591954753551,0.0511785299097467,0.0511605392946803,0.0512084975754375,0.0510513519941471,0.0512289086397588,0.0523145135161578,0.0510932424590132,0.0528957009409921,0.0510082805169722,0.0513121554013794,0.0509786300135978,0.0510307114044652,0.0511837630879638,0.0511869305379372,0.0512403598686483,0.0511535533773477,0.0716730120935968,0.0511656973555068,0.0751218309465454,0.070506430670051,0.0748648710458029,0.682866737996164,0.151281729980758,0.0850933766085371,0.136033504786226,0.110975244666028,0.128484444895214,0.0636869317432082,0.0650778429076254,0.0793265644482246,1.35813478043922,1.13850875678931,1.12431825539967,1.15485190976306,0.354205338976071,0.415483660799632,0.235023081194117,0.0874265603215708,0.418200948943501,0.0807394349298489,0.414739476983412,0.0980092819400289,0.159032926596886,1.06853211655611,0.126202587225953,0.070975935227706,0.070648051990602,0.07288035304796,0.0780066058324873,0.051314346325274,0.0885601359982919,0.0513238778875127,0.0931256625005673,0.0899414196171378,0.0526691719298492,0.0876494836979612,0.0768414641589294,0.425251897070576,0.0529256018356687,0.075585476347728,0.0953061325583602,0.13960116352441,0.0814003761576372,0.0815533777628751,0.152736015183774,0.101208151848698,0.0880764342537994,0.136977972431925,0.109778069598536,1.16450021277341,0.10504258999986,0.110261683706073,0.102119054540331,0.0974589969750805,0.0784839726770331,0.10198972743272,0.101802063324874,0.070669235094772,0.0725605699694835,0.121755491636452,0.0764974557219607,0.162409607715657,0.156263214860703,0.134627499199472,0.105285327674636,0.104827654106012,0.0974728144017762,0.0765799012314139,0.0779189062788754,0.0849287276345563,0.0994824967254948,1.0599076802734,0.100585053093056,0.132920677675386,0.121168065295004,1.15177006440268,0.122413912258464,0.100571348342446,0.113765805651311,0.0764590331766309,0.0936442270607093,0.144832985455153,0.129076929140968,0.112873323413147,0.108186707677105,0.0739424420078899,0.206846815036311,0.182228475741407,0.848794773346794,0.138161492827068,0.0763246439915264,0.122209768229742,0.112330988372045,0.118063263225401,0.109383123224313,0.144180165251934,0.119084071005967,0.10435291637014,0.104611566412172,0.153791894439408,0.0917996026834319,0.0511793228155374,0.0638692708626928,0.0780452662495544,0.078259693014422,0.0637575754759488,0.108969643720536,0.104625137620754,0.0783925256002641,0.0902926184576696,0.0796541764280848,0.107119660969391,0.0730019973157801,0.0659805411109215,0.108946061033053,0.0699953152511508,0.0536797512257182,0.0510965476242028,0.0792978821245523,0.0509879821287368,0.0516129796850875,0.06999744357722,0.21187501041369,0.0753941773928112,0.0620718285531356,0.0620451243207508,0.0982442491380576,0.0616070104860206,0.0620544263576293,0.0617110146865974,0.159454727438275,0.0851568299377151,0.105676238575704,0.0669073186111167,0.0949643776431117,0.10754576436799,0.103736077397054,0.0711766781079059,0.110437546037206,0.0511901689321129,0.0511445518100318,0.0511831663220268,0.0510067280908985,0.0511448063745226,0.0512071245964634
FF68_CN131,0.0387267498961003,0.0106318692579009,0.00914488712399984,0.00911935138435903,0.00899964347594293,0.00914093928780092,0.00911159760036587,0.00932627475653606,0.00916771029119957,0.00915726480070753,0.0102144919961852,0.00908828617012704,0.0109730399267776,0.00900403367010878,0.00931642185879263,0.00908789389042001,0.00902717399962513,0.00913482139364947,0.00912805665530046,0.00912898727630705,0.00911099666124062,0.0368149747447486,0.00907489858183329,0.0581232870855388,0.0309745892734592,0.0288040347112352,0.911086829396632,0.122050277316588,0.0461752025618693,0.115200426790724,0.0711135127287258,0.115089866511217,0.019870769969518,0.0218306536364081,0.0486223101442368,1.13850875678931,1.80694047097967,1.5909711691113,1.57139906171391,0.478141709642777,0.459861784119333,0.286213266818983,0.0507558986038724,0.666356361191207,0.0419716625920642,0.607368280972344,0.0673248920126858,0.120783756377938,1.49370395518098,0.101790374224248,0.0319761753483895,0.0371138334567339,0.0448833295038675,0.0327765261068919,0.00927888402939735,0.0377893140728058,0.00931821215660355,0.0588365976541918,0.0803395182882769,0.0106869177857,0.047620323443223,0.0379615999815053,0.651304643090678,0.0101402593214459,0.0353803744712777,0.0572946254171288,0.0990058685352907,0.0400317893634119,0.0315721648090254,0.142516189852851,0.0645821849784506,0.0425654154870826,0.173740235634362,0.0709769534856686,1.75436546983536,0.0649148173039208,0.0717060345331747,0.0629192320105187,0.0483106689562716,0.036222198375809,0.063664646917308,0.0742328333206708,0.0371534620535031,0.0351669868303142,0.0871961293793011,0.0399757768290993,0.14240799577115,0.123821537042307,0.11522820353252,0.0660003721020593,0.0712898883620286,0.0615193985693645,0.0365230727377775,0.0327597707555833,0.0399618508995059,0.0625606925316427,1.60918717808166,0.0635355493350578,0.154436322360813,0.0901722303195493,1.74079888931947,0.09038442025545,0.0657679380293717,0.0839845354192895,0.0349435918836378,0.0595871497558658,0.124270204870426,0.091178223281399,0.0692813453187351,0.0750412633718592,0.034182160279881,0.224268979248836,0.231751472612145,1.36013402120525,0.124496617032295,0.0346836314604565,0.0807411501102695,0.07863146984681,0.0791677913234698,0.0658110095065467,0.124989445539754,0.0787519790073932,0.0672885143296577,0.0650165846755305,0.158800951574919,0.0435295638891385,0.00918004206283527,0.0208852845820205,0.0355777537616508,0.035830490395762,0.0207558531447007,0.0718335880357278,0.0638574482200383,0.0359987950827559,0.0531636571930916,0.0404791843690788,0.066913140208894,0.0302982406342062,0.0254100765926086,0.0687296080842337,0.0275930714293659,0.0126360888780422,0.0091909132185413,0.038965790125979,0.00906886832463747,0.00974636459069261,0.0282053198952437,0.219627479852271,0.0335878648703745,0.0242093042367411,0.0199117590256956,0.0763392042457522,0.0207442558542183,0.0199004872439062,0.0208134973956664,0.174532895206697,0.0582707926016926,0.0668793791149743,0.0242191696540496,0.102898464239589,0.10811797109145,0.0666794792188255,0.0300301466668901,0.0968109801116767,0.00913555170161421,0.009103413977971,0.00909165810633059,0.00904220999732505,0.00913772175956699,0.00910497475042153
FF68_CN132,0.045560562859055,0.0184127873216053,0.0166810476897575,0.0167278750364663,0.016660665837755,0.0167459157297932,0.0167321817668651,0.0169794932560942,0.0166414399589306,0.0167700451049529,0.0181621289353026,0.0166301222720691,0.0187213236574224,0.0167140075315104,0.0169171416486463,0.0167191196872643,0.0166931624555982,0.0167305750893423,0.0167429652856151,0.0167261598560459,0.0167053314728875,0.042196559886554,0.0167082527047469,0.0421762072468697,0.0385916262298428,0.0349525266799396,0.881987403892949,0.109517032492755,0.0532076592912732,0.123297046554678,0.0770896102858332,0.119572588609839,0.026500973071862,0.0284260940796234,0.0457594695363717,1.12431825539967,1.5909711691113,1.76098460072147,1.53787839352268,0.423178156305365,0.462416952241373,0.271295587355736,0.0573782978439632,0.627925644758565,0.0451326942017753,0.581788397344929,0.0721814900574468,0.13294476949185,1.39859165887607,0.106615047377972,0.0373535038380565,0.0441916944756121,0.0524712793373065,0.0382510481537145,0.0166596767921109,0.0463158557027181,0.0168110967589565,0.0643345312877747,0.087142825244241,0.0185089834867403,0.0536233797972057,0.0446570717499688,0.642823731102412,0.0177502018575992,0.0410322570238586,0.0648513598015545,0.102271188122388,0.0463356491351607,0.0386060404224753,0.148754071516458,0.0679347659343807,0.0484336778566889,0.13392256004669,0.0775000308425347,1.64028765992869,0.0721203778869449,0.0796735358489368,0.0674352978842233,0.0590747907268311,0.0421074873539681,0.0693512921290178,0.0710507438024407,0.0437928879021466,0.0382464326073766,0.0872136233849514,0.0449622027640753,0.146191917477085,0.127755151015101,0.117388921889754,0.0708718684293039,0.0760202057266895,0.0675643120027062,0.0430596294930812,0.0382605421572578,0.0458634570441948,0.070367150508176,1.50686056584451,0.0708553300837904,0.140704120518054,0.102905053704026,1.62680337468748,0.099179130970069,0.0683571593685179,0.0886836373349369,0.0410757666858126,0.0653830490391228,0.130694669786091,0.0954651393816639,0.0759363788918856,0.0794367241016482,0.0418552431560844,0.227891148173519,0.244661656502381,1.26626892397683,0.12958804038668,0.0408207723567925,0.0837056662796004,0.0846430395050691,0.0847898773110835,0.0734273370209071,0.127649611081204,0.0828076170081494,0.0736824732383317,0.0680846793802244,0.169692772909625,0.0489104395889208,0.0167445803095147,0.0260767392616532,0.0416709092525583,0.0417902707863397,0.0260288936569822,0.0774407757408578,0.0702251577738602,0.0420110741830379,0.0565573857863576,0.049626487769145,0.0696875259160519,0.0374002226818674,0.0333264980827121,0.0723006971832581,0.0323248076780728,0.01972317264322,0.016791633008395,0.0482109965252238,0.0166717164405606,0.0171640483386039,0.0316707021328364,0.215310283097187,0.0428465506680573,0.0306550524130966,0.0233849451255416,0.0838200283337132,0.026789878729583,0.0233644505974524,0.0266980769318025,0.152327117840828,0.0600526689186268,0.0726625084418168,0.0306564045261285,0.104304336284315,0.109613232831078,0.0747406268816278,0.0370484145558335,0.0993860126103623,0.016691576644017,0.0167353492168385,0.0166760607296548,0.0166315787148106,0.0167114827525459,0.0167134984025291
FF68_CN133,0.0424659558886415,0.021507352560135,0.0196904798855231,0.0196833896384812,0.0194671976149328,0.0196673771147024,0.0196947907891102,0.0197016014325313,0.0194926665835597,0.0197276880330372,0.0212517280796709,0.0195742858017155,0.0217804167948003,0.0194864860915825,0.0198485352218783,0.0195093342979126,0.0195592873627108,0.0196818330392189,0.0196658455545704,0.0197185654432586,0.0196835482196393,0.045723175317111,0.0196715711690151,0.041794506572536,0.0392868585464735,0.0408508067934969,0.858127428908349,0.13654817158843,0.0583184587592636,0.120525945146768,0.0801018802496909,0.105807264170981,0.0301474842043116,0.0320435180891284,0.0499628926569024,1.15485190976306,1.57139906171391,1.53787839352268,1.7328538929987,0.457549182571343,0.464446645003329,0.260500696667318,0.0566865710055637,0.636184238482754,0.052488168230643,0.56444464734189,0.0753931132297767,0.136530268610319,1.39158164138054,0.102277497983204,0.0407275892336612,0.0405728098501771,0.0422127268183025,0.0444260106562548,0.0198003557621377,0.0496062269396049,0.0198254950488835,0.0644664666381171,0.0871683442911284,0.021568076624118,0.0508593728095259,0.047345836151323,0.610050326540422,0.0208241932774609,0.0451264260728423,0.0721089308312439,0.108253182394663,0.0419690126174487,0.0404292855557292,0.147504013805931,0.077343365177907,0.0526739919624173,0.133564270959117,0.082482421304356,1.60729503778159,0.074714786499236,0.0787852935701572,0.0716472343090305,0.0625524546577987,0.0481944790456524,0.0756617580579577,0.0666656617921298,0.0406628088305815,0.0410735382032224,0.0930040683110077,0.0501581352748296,0.142193481369327,0.128181504805002,0.112905936880264,0.0655857950497405,0.0796213125696648,0.070921370789758,0.0392903431587631,0.0444128025150612,0.0414202007879952,0.0738923470546868,1.47295347292972,0.0733043030813597,0.140035095824392,0.0862835156804361,1.58760810093299,0.0945074343824526,0.0744711098570775,0.0947585685122296,0.0483226960851562,0.0610270541517562,0.12978514424662,0.0949344558824932,0.0718421681110181,0.0851143677460423,0.0463140654049071,0.216980618435347,0.194975863553298,1.19805108650207,0.124724794452844,0.0481258760020249,0.0903985214589551,0.0831283599199511,0.0933982259526284,0.076869528850723,0.133164792502323,0.0773065826956069,0.078745740090779,0.080327499505769,0.143085128969817,0.0553053291186016,0.0197270537084047,0.0307434280232245,0.0476897945100314,0.0479155723472676,0.0306757180419087,0.0824848876586831,0.0703315532113732,0.0480867148023533,0.0607686127691419,0.0485204467892942,0.071152502827674,0.0399896651999972,0.034597087880023,0.0701936335089072,0.0386395302591506,0.0217372576806698,0.0196151913941258,0.0468233070622287,0.0194945653842681,0.0201997298892217,0.0367822110428498,0.203339846976603,0.046991090100676,0.033451652001952,0.0297727402349919,0.0879723716285854,0.028767072781835,0.0297721100835477,0.028767498447049,0.157405282975759,0.0626960290305072,0.0725518146202817,0.0344611212297145,0.11935370905298,0.0951306625069337,0.078312646601659,0.0423514728120658,0.103450385094378,0.0196882388833683,0.0196780938624388,0.0196216431433471,0.0194572654266103,0.0196116608767642,0.0196782357508433
FF68_CN134,0.117138885308519,0.112184584577621,0.113584322035442,0.113660236505095,0.114223011822838,0.113704526553275,0.113660996025379,0.114403498046686,0.114156962770493,0.113613726320703,0.112687353619779,0.113822848963151,0.112309375429473,0.114204699872267,0.113662210423195,0.114304167817084,0.113953995580892,0.113660808231902,0.113680292848405,0.113637947506007,0.113609315260595,0.136508242522098,0.113642033057422,0.155664107765005,0.136109277367474,0.132194914312634,0.30494274905967,0.164170196598712,0.124576696343942,0.160677425725842,0.143868557449476,0.150358704176908,0.124668473102592,0.125354198896114,0.151842923660108,0.354205338976071,0.478141709642777,0.423178156305365,0.457549182571343,0.887439661811067,0.204603471722524,0.197345358178346,0.129404278209961,0.318914571205491,0.137759452032615,0.22805338921781,0.143382389350656,0.153024695489323,0.467722017801212,0.148168364528618,0.127595117587458,0.115416005355582,0.113143349566678,0.12799534304497,0.113570045558026,0.133848110366155,0.113598022612864,0.143360576095042,0.14145261941105,0.11237300820575,0.133241099251683,0.130062419228352,0.258055600561746,0.11242369992489,0.123093294805663,0.133554313731664,0.155299729995598,0.124179054090032,0.139824141152249,0.163161299097756,0.147359517158593,0.133914935631537,0.20723546824247,0.146136297222479,0.506396285680361,0.138453795460123,0.142988277614108,0.139201622469791,0.125128688142934,0.120426927906294,0.141259505119192,0.148518853927127,0.116627632174402,0.12843696653112,0.149305996544436,0.129422573467778,0.152142596143826,0.1639415392615,0.139371571393003,0.139293883318292,0.15106628078474,0.130144781274038,0.12006518341875,0.127961561085108,0.126867426211679,0.145787101512365,0.44915120435557,0.144687549840431,0.175678072347089,0.135737909507547,0.492736768259455,0.139765478643321,0.14143666113872,0.14873139858404,0.12401225592404,0.132534453264858,0.15756324650197,0.144650633816103,0.131673570409037,0.145047929695378,0.129796845866812,0.146091652453288,0.158570036542798,0.378355287954614,0.144374110008278,0.123949520383262,0.149932667549323,0.148261422456099,0.1477456414126,0.145474600647596,0.150475787149839,0.141545038840709,0.140075483941445,0.144180019190341,0.132643461118291,0.131910069167198,0.113644307445084,0.135719464014948,0.120401116736221,0.120436764111284,0.135520507259371,0.139555141603057,0.130651761063262,0.120346831901894,0.145309880729412,0.139288487385729,0.134186326417666,0.132871133583048,0.129435906804623,0.145196453469495,0.125038826877746,0.124133053034621,0.114317797450303,0.139683492184588,0.114248960708127,0.113673582361505,0.142969264567891,0.159714028497693,0.126115768215087,0.119577103999656,0.1296046121177,0.13303531933312,0.136717799176137,0.129637325741339,0.136734542007881,0.185159973644349,0.140657222227144,0.142440976478845,0.130177519936807,0.134459048450885,0.116707532038949,0.139653741524693,0.131472189031017,0.1349452541084,0.113609039830163,0.11375710038037,0.113599199451984,0.114173350881225,0.11389285837126,0.113637346566882
FF68_CN135,0.123810035735157,0.115257445063434,0.110522637348086,0.110607065122016,0.111138624990744,0.11054493886674,0.110649681721658,0.111362387177997,0.110988152337659,0.110549913307278,0.115418972492514,0.110764002043887,0.115319095575236,0.111147981279072,0.110637416721036,0.111138904594365,0.110839812183831,0.110559394791256,0.110617189277003,0.110544337927614,0.110502935725788,0.130757063125422,0.110573963391859,0.133367321507146,0.136380551304329,0.132876245738802,0.335608647589343,0.149108300091747,0.133337153528413,0.168769588524616,0.152713438234688,0.14835125033578,0.108930478347676,0.109550935475079,0.133235235922022,0.415483660799632,0.459861784119333,0.462416952241373,0.464446645003329,0.204603471722524,0.8959765806255,0.154347763130397,0.129715280900105,0.268276995011496,0.143885041543541,0.205241548051228,0.143274111805188,0.160870681906105,0.451943584850983,0.149277489494675,0.120834402192006,0.12003119279947,0.118418318091987,0.120745822095648,0.110433160016228,0.129383858799262,0.11055549286013,0.14215904839208,0.134955816448166,0.115366411184984,0.141091342320603,0.125903937173386,0.208115405876392,0.114404729137255,0.129286281308777,0.148206686917427,0.162892445610157,0.128991466416323,0.12859465045371,0.158819781000848,0.149258960538309,0.137869632551981,0.161124841597451,0.145143345474288,0.477608104911746,0.144064330062326,0.15903186660704,0.1492291431074,0.128703833581055,0.109887014854144,0.147351041413012,0.140619484084707,0.123237770587059,0.125506528618025,0.15389919128561,0.131485188512792,0.179977821001595,0.161461597033031,0.167174161917712,0.147884783859258,0.154597440817433,0.141085353795291,0.133511505165356,0.120756734983238,0.134286328530595,0.145461025265825,0.422377129490347,0.152205064600548,0.168682531642013,0.149423313215916,0.473082653537396,0.16528295641184,0.137065346476844,0.150059741135214,0.11588160798211,0.134942566575089,0.151209041385716,0.157149141019937,0.148052725478864,0.151374291298822,0.128639303569277,0.180011761542614,0.137629703432979,0.356698418401531,0.164357939997137,0.115733029956545,0.148870190482875,0.156853032439088,0.154851679799358,0.139982367589327,0.157425748291529,0.152431693768212,0.153504779079498,0.142769915532607,0.152861406974751,0.125570052891405,0.110527995721954,0.124949691747334,0.109920087371982,0.109815974668508,0.12488481953411,0.153261119130094,0.149504740467406,0.109730299111256,0.144387163741502,0.144117216878549,0.138973198831127,0.132091014441767,0.125578937609446,0.149430670547013,0.113931360207169,0.116774278013751,0.111192972422897,0.143926222566384,0.111134777311066,0.110596289949642,0.123339270874614,0.21685630332697,0.130114450540959,0.120407418250661,0.118195632587334,0.151652054543593,0.131846327888023,0.118170881407107,0.131842496901098,0.172000800643159,0.138514974401639,0.150548747002125,0.130998611441512,0.137651804638591,0.160443480958964,0.146023379091542,0.126100561116664,0.14104388482245,0.110503369737378,0.110625890374756,0.110551703605089,0.11105349194798,0.110841105872226,0.110550831408719
FF68_CN136,0.125806593381449,0.119021222789103,0.116337411962344,0.116348057765878,0.11664408288296,0.11635332850279,0.116317601837148,0.11691395880171,0.116795832531687,0.116329215820384,0.118855697445564,0.116520602412257,0.119114798191941,0.116693167924577,0.116405368161774,0.116720982225068,0.116510570067413,0.116289745804773,0.116326966471852,0.116404516831347,0.116371627933796,0.133656031025013,0.116304314405376,0.13952972271269,0.148738509697023,0.140949174312375,0.224281064802358,0.179961412024921,0.143764720176434,0.184940088349092,0.156890111217762,0.177186709155447,0.173368575651249,0.173987613894606,0.143984179806477,0.235023081194117,0.286213266818983,0.271295587355736,0.260500696667318,0.197345358178346,0.154347763130397,0.86121592074711,0.137517202620879,0.272216004916854,0.144679094960792,0.234828305973288,0.162666187856258,0.167322535457047,0.26729020288934,0.169949398955298,0.131254874419797,0.124986833123834,0.122887990630574,0.182287267619175,0.116457220027281,0.153068059089684,0.116401482923401,0.157157549994504,0.152009571591319,0.119112452860076,0.139366876556085,0.138268989986311,0.202929572481495,0.11912199694188,0.132823747029098,0.15629593265753,0.140431698954398,0.129510256328637,0.153968032200974,0.192974636109219,0.153685357113491,0.146437042215608,0.189627572108315,0.153946999331585,0.294089120744934,0.163205263637243,0.155556497929676,0.154465013030862,0.155163371065583,0.183782683766774,0.158756928610796,0.162956453973388,0.12394740040357,0.132757923328925,0.132324537716619,0.138747934296061,0.141691551138031,0.149485694035682,0.124048788015038,0.150462374522415,0.153117732550862,0.151375288690843,0.132183617491715,0.182289667202488,0.147348053410138,0.160532599396623,0.265613332338192,0.158583136181094,0.166433078780451,0.152677002127023,0.298588481345591,0.167932910161346,0.1619456660181,0.160583791898367,0.185521334198563,0.14075095621114,0.163132821260314,0.158095015030117,0.158607282249008,0.163614482315693,0.13531817856759,0.173179313212257,0.210583233339021,0.255062523091205,0.149906084339401,0.185816157437394,0.160344893556893,0.156613428828779,0.15683192027912,0.149997038979943,0.171553055089669,0.16231369950052,0.152308847622141,0.159101458696311,0.197401783858308,0.171155437874889,0.116344898662281,0.130863788244817,0.182873617278024,0.183477527713537,0.130749255089981,0.155565574614383,0.163177294928782,0.184055180447821,0.151791088487355,0.157923146440255,0.158457502345192,0.135141093492264,0.133949831832693,0.165102432629297,0.158832133638426,0.121334049689263,0.116824710995212,0.154989449267042,0.116643072971374,0.116489812628457,0.146522605096774,0.130457803787354,0.141360003841537,0.122024424414631,0.133883711836147,0.142401118356715,0.137524889633858,0.133841934047367,0.137697000268646,0.125126735090776,0.144003405685301,0.152284229983942,0.137535598035218,0.148892391845008,0.126452882544868,0.157276026812351,0.13694102302209,0.15742579836979,0.116393345206078,0.116349146968043,0.116316107835711,0.116676717216019,0.116518958176038,0.116329424479803
FF68_CN137,0.162429463745925,0.161219598012598,0.166373702656312,0.166356680220947,0.166864828502916,0.166393875848896,0.166374466349784,0.166799847786794,0.166845602624092,0.166361959304236,0.161707468772273,0.166623580656389,0.161337294444219,0.166921717406786,0.166318925385757,0.166812609396832,0.166622061615822,0.166352285853593,0.166356162745589,0.166314526845214,0.166364642664359,0.161455570949024,0.166308680208307,0.163743033210267,0.159146078426371,0.164380679700569,0.104011541215033,0.162279333294286,0.168801692862753,0.159349149945682,0.168312182040048,0.156984692358998,0.140800984393329,0.140856016228374,0.167004208821312,0.0874265603215708,0.0507558986038724,0.0573782978439632,0.0566865710055637,0.129404278209961,0.129715280900105,0.137517202620879,0.767819028799735,0.11317618421278,0.160604703745293,0.0964069987846313,0.163474296571942,0.156092122483878,0.0527635026797825,0.162137787091126,0.161622594467188,0.164633345390479,0.172789487340165,0.147628950719376,0.166333176824043,0.16226602916976,0.166224941010458,0.166608790876803,0.162839258324371,0.161317213061779,0.154863272916652,0.168706235351959,0.0923772762836578,0.161467226664143,0.161289453012736,0.161336572482631,0.154032466229419,0.158874115913436,0.164187598794218,0.160486502357879,0.163338788972354,0.158597642183871,0.146438924323563,0.169908789659261,0.042580626758694,0.165053414358693,0.1742425456258,0.168827721038621,0.160257219042411,0.138878605170327,0.162136764659975,0.161218375268405,0.171248792098744,0.161977056741025,0.15231241152501,0.162353252979898,0.167003787329286,0.166720932794703,0.154353367722379,0.160471236834819,0.168399877420472,0.174787639144415,0.170121793366895,0.147445476492654,0.160494777790418,0.1633179230305,0.0543876658618078,0.174293784032617,0.157946787552375,0.176725722075256,0.0436952394674586,0.152742391815605,0.16218905888345,0.167656273677435,0.138098736420348,0.178589100761072,0.163755056165963,0.162268716703071,0.158442745951113,0.161562120794507,0.161994671769139,0.164693021984181,0.159504880816115,0.0626413268773431,0.19047983733015,0.13790262577924,0.170727631815435,0.171052756575026,0.165056535903595,0.185291124435277,0.164049341063494,0.155859959668434,0.165982687425534,0.163041044501664,0.150873083029114,0.154283541934559,0.166274773052794,0.165257591772922,0.139123800853052,0.138902630215777,0.16526792041414,0.167265037267674,0.163991788622673,0.138631790290514,0.160344885210516,0.154571796574894,0.167942796444597,0.165081019999766,0.160063737509977,0.161238865623306,0.147468345564926,0.167964309230648,0.166805665211383,0.153630212602359,0.166854595845031,0.166348033374643,0.170639431479218,0.138700155462404,0.177447954920646,0.163986555444456,0.156392233152374,0.173391019058307,0.163436604334577,0.156351874247641,0.163442705535975,0.14386882870672,0.160687407992425,0.160649315128977,0.157812924189006,0.16700733871259,0.156006163149816,0.169626047800764,0.178561912438836,0.17210917417196,0.166376427748318,0.166312365133638,0.166351689087656,0.166880436227423,0.166596396507342,0.166339465818918
FF68_CN138,0.0996614639087758,0.0890032493126902,0.089216090265977,0.089188426200267,0.0889027088584612,0.089252580625091,0.0891636458077213,0.0892790010806665,0.0891544898324358,0.0891951241676021,0.0890746776048446,0.089096348972054,0.0891904710625687,0.089007130377875,0.0893010730739596,0.0891732858728577,0.0891728685540207,0.0891662957823367,0.0892042258914389,0.0892711346205876,0.0893744585914598,0.116945061574637,0.0891468111658336,0.113386012124063,0.122987829989156,0.121103890004238,0.390079021871471,0.156341896154246,0.122731120479716,0.178547243681713,0.137751431164566,0.148830248896978,0.09989869714809,0.100640468861432,0.117113291144241,0.418200948943501,0.666356361191207,0.627925644758565,0.636184238482754,0.318914571205491,0.268276995011496,0.272216004916854,0.11317618421278,1.05429789997865,0.1217058807731,0.281779825901832,0.135344094067372,0.147894403058453,0.554450278512699,0.160027789665351,0.110512855394545,0.0951625373197099,0.0936851660386267,0.113076169580286,0.0894515373806682,0.113697511423623,0.0893383354729223,0.1256305933351,0.152131533021455,0.0891136343182859,0.11909876480222,0.109326530616817,0.328932798152599,0.0899269762121865,0.110245692048236,0.132645201337842,0.14765091838296,0.108871815838748,0.118097162034537,0.170371041215528,0.133445623040547,0.119195115375325,0.196882263638029,0.13742332257529,0.676573373793168,0.12901718994944,0.134557660892086,0.137853365463711,0.117821118143374,0.116083406678968,0.134792623916927,0.136892910333363,0.0984485726138795,0.107984854728798,0.126402053110511,0.116535951399084,0.186963112356032,0.157639248608579,0.163928589857986,0.123866039923093,0.137929225681915,0.122532151204574,0.107590747165438,0.112937390201015,0.114329849618318,0.139823924146454,0.593512406692217,0.139233042405034,0.1648459943771,0.136984791421723,0.672733243413068,0.138731504453445,0.134157468820082,0.151626314317722,0.118244884556486,0.111509112307926,0.154327873714622,0.144909972434217,0.12661422218047,0.142340381773167,0.113480071616752,0.155548197458007,0.161824639382159,0.508519136526318,0.134022324287882,0.118200594508307,0.143553757157914,0.143216263067992,0.140062776582856,0.132673821063689,0.146306788660179,0.135074610428329,0.139157858243346,0.138002590333474,0.133904531872929,0.120142237168828,0.0893548237401752,0.104578189251583,0.115607099824269,0.115830749335436,0.104490614893622,0.132756950976035,0.13673561869048,0.116021046725143,0.126025510497004,0.132933698023103,0.128682158040657,0.109215891046731,0.107668489491598,0.136293348360133,0.110482887728855,0.0961743351865833,0.0892692107807487,0.131114534268076,0.0890301079530445,0.0896018973576675,0.120234168335448,0.237726793956216,0.109880579797676,0.097043489301755,0.105229995370027,0.119987653925197,0.111482629254525,0.105258452341528,0.111645517143013,0.151119209332847,0.126522691639934,0.131499644437308,0.112033223035413,0.157785185005905,0.179340303880132,0.120107587185785,0.11543919159017,0.131445968888483,0.089280536813987,0.0892540746265278,0.0892011711175514,0.089002740183709,0.0890890291996517,0.0892655675873009
FF68_CN139,0.160020273753095,0.16157084693139,0.151854337330302,0.15193379901007,0.152932171729955,0.151956096355535,0.15185651990782,0.153183602156106,0.153155575023008,0.151833371231927,0.16143086150068,0.152459645783919,0.161553749378635,0.15305787651006,0.151875470356212,0.153273692946655,0.152537584249932,0.151828663875445,0.1518836205931,0.151918604431212,0.15212621637947,0.165099340296714,0.151887217881475,0.186825513989071,0.19474950146969,0.194542682427223,0.102535267482491,0.162109142326149,0.157379751409307,0.158288609238638,0.166377608760627,0.161819614863361,0.150545955139105,0.150551326032539,0.177370650779266,0.0807394349298489,0.0419716625920642,0.0451326942017753,0.052488168230643,0.137759452032615,0.143885041543541,0.144679094960792,0.160604703745293,0.1217058807731,0.768539565996778,0.0999904655603635,0.166441967671681,0.162127420891213,0.0465339673929174,0.173021412283871,0.159454614762189,0.160436361499604,0.158964665754705,0.154289976991027,0.152213936799024,0.163557998211095,0.152029081246952,0.171318142143089,0.1716094557305,0.16164008429965,0.182753642285552,0.156568466897273,0.0943864912102788,0.161939080726851,0.156714336523585,0.186934734675111,0.163724228823468,0.16025973130181,0.165632097870505,0.15956288396128,0.16617946994997,0.176837471713449,0.159640296605558,0.164106338470262,0.0324633491856061,0.16895825837086,0.166109577391137,0.167171958474252,0.160277158536447,0.148612934285758,0.168897822256874,0.170746256755134,0.159838911159689,0.173631845412808,0.162417778818487,0.164848435692297,0.15755338525785,0.15467539180301,0.15581773117531,0.166725043385248,0.179656669117333,0.165316663254311,0.154993726785122,0.154140555981411,0.164987749239679,0.170081108953468,0.0431154166752218,0.173325470788567,0.149398086292214,0.157353063869675,0.032244210891068,0.163535208429402,0.169687936184303,0.167233521349098,0.152382007787469,0.166378259778013,0.171199306431043,0.167926591954153,0.163250000216577,0.176552705858592,0.159039211418572,0.15101079824535,0.147181947993416,0.0632139217073214,0.160806080950125,0.152341264949405,0.161507798401484,0.185291333094696,0.165349610576498,0.15272852013746,0.16665377784744,0.170026882543778,0.160634279131277,0.164980024668005,0.154885052786759,0.165018184302467,0.15208884547761,0.169044668409265,0.148588541999731,0.148553954614514,0.168884021522932,0.169418268924971,0.174303603544853,0.148480339571653,0.171376783786076,0.191146445747746,0.160534877957473,0.177716966989404,0.171731296138174,0.170141728687742,0.154616049064378,0.15583789184833,0.153236242754215,0.190652519691745,0.153049638636216,0.152079810524787,0.161778575728923,0.153972389009633,0.156169025999175,0.16364822671686,0.161129252657559,0.17838982266999,0.197057846365541,0.161105920361378,0.19726755742755,0.147298346563454,0.166924897376325,0.170510634366531,0.198351225944545,0.160319503878845,0.151125986590761,0.160424659879412,0.169193096200049,0.160109037469741,0.152000369710961,0.152000866320377,0.15187772805112,0.15296622494706,0.152475028156254,0.15193290177457
FF68_CN14,0.0830873750369617,0.0809907067748424,0.0761466449879474,0.0761608380015965,0.0760162996223744,0.076190939209315,0.0760594378705632,0.0765202914087257,0.0761183883294889,0.0762065552801984,0.0806485303675683,0.0760779835196829,0.0810246890477457,0.0760604185698303,0.0762131823033313,0.0761804603333159,0.0760863966674384,0.0761039449245376,0.0761021462803497,0.0762655391246311,0.0761851176115377,0.0900741311805172,0.0761490195321304,0.0937726736255737,0.0965191532220961,0.110615394806004,0.34105008877195,0.129854773894587,0.0953039875395376,0.125097777336672,0.113218821678364,0.134501544028065,0.258810058767735,0.259941314151722,0.0964123780244413,0.414739476983412,0.607368280972344,0.581788397344929,0.56444464734189,0.22805338921781,0.205241548051228,0.234828305973288,0.0964069987846313,0.281779825901832,0.0999904655603635,1.19497023826929,0.118827469999424,0.113962396209082,0.554455140277151,0.117995373796985,0.0907852967303476,0.0790545518570285,0.0773217814476534,0.262810898631994,0.0762735474731146,0.10856033740513,0.0765845918951427,0.107978152588275,0.115774653337356,0.0807520463051056,0.119827257430166,0.0895102916997405,0.827678239877585,0.0810311783556622,0.0874270944896822,0.114392572639531,0.131645092571595,0.111782552129545,0.102494299292255,0.148058275819397,0.112218303939657,0.108462572121167,0.111768980920963,0.122703005709662,0.606947919880943,0.117331866058349,0.1285521298374,0.115805221942172,0.0957176381440382,0.349049873872949,0.105093857618996,0.117068867554033,0.0839347033769541,0.0887191428215956,0.0968714245720392,0.0921870873968477,0.133939311224811,0.157199290224589,0.116160335233395,0.12713717276159,0.0960982913480908,0.103775109227886,0.10072182516872,0.263370919645411,0.111023745461273,0.117387715838315,0.591007262579176,0.104258155781804,0.120519243006245,0.138001317511021,0.621578112570517,0.153586406644031,0.128098020171645,0.120209988882028,0.280816257572959,0.0993938665508761,0.152100830874611,0.147658246501739,0.118751371909483,0.112028657567335,0.0930146932485997,0.201692330632455,0.214471518139732,0.531123273934497,0.150661473166397,0.282108556296175,0.131087337599463,0.106603274813578,0.135605957464451,0.111445792520776,0.15077616907558,0.13920487755672,0.110931893585232,0.115699757125665,0.181339849529298,0.228653418588138,0.0764875694387103,0.0958398875241719,0.345969205351694,0.348421921699232,0.0957565698183493,0.117718094642065,0.13028242971926,0.351055537416266,0.0963700201624777,0.100694419840689,0.119826798379445,0.0883234285807126,0.0956518561757495,0.123737539106779,0.242735546448975,0.0753166353796937,0.0762501358863545,0.100885814778938,0.0760394107395718,0.0764317113123673,0.0970381476206404,0.141146090378839,0.0853891179488096,0.0858285254719347,0.134932100218655,0.136832540990392,0.0890847308156297,0.135221631854632,0.0891369457485249,0.15797018661957,0.0925161933781444,0.11973557248166,0.0983309554728373,0.103731983499262,0.0923980796276861,0.0985525058702539,0.0854268519180582,0.108743010379684,0.0762160576301187,0.0761725688341068,0.0760891593181398,0.0760978854550232,0.076099750870225,0.0761641974182349
FF68_CN140,0.150721517000676,0.146114133419042,0.143748862060625,0.143745319023698,0.143568146311417,0.143753427528703,0.143714153652945,0.143715998202205,0.143634053475357,0.143746341454849,0.145952155285618,0.143715672693512,0.146226863756502,0.143575374273675,0.143853709245253,0.143608864110351,0.143660236059195,0.143736668004206,0.143732031591926,0.143770562640153,0.143745477604857,0.160752488865068,0.143697319011058,0.160484540959345,0.160713920258145,0.15679600999319,0.114988712598297,0.178661743451042,0.162544389180468,0.173254188558005,0.177395143221814,0.176272977042098,0.162604241048082,0.163180712770057,0.159814698320762,0.0980092819400289,0.0673248920126858,0.0721814900574468,0.0753931132297767,0.143382389350656,0.143274111805188,0.162666187856258,0.163474296571942,0.135344094067372,0.166441967671681,0.118827469999424,0.766776519068496,0.170645591105254,0.0781551170870386,0.178099498128223,0.156662150803008,0.151630666953193,0.149480035192251,0.163794981059107,0.143823975278111,0.159919879360459,0.143772494826369,0.177124115503073,0.173732715548918,0.146191174649555,0.163759650846359,0.157685737927029,0.121585688774833,0.146539122576346,0.154331220611695,0.169988902356415,0.165261489530861,0.151877573643151,0.15942154224435,0.166440824218068,0.173099267286117,0.16529333095813,0.173277800457807,0.17556372698573,0.0590772570811583,0.170600516497661,0.173688446366681,0.182214157532107,0.156672383460894,0.155894547053651,0.172188114203182,0.169519531340788,0.148975834746481,0.151668839107221,0.152496841411868,0.160009231496666,0.162276750090685,0.163716420788027,0.146512589444684,0.182755495181189,0.167377546426151,0.166143063054624,0.156218123560357,0.163700187085264,0.168803737725054,0.182039363537197,0.0700570867854153,0.185902358816381,0.165346242813483,0.169241793135147,0.0608183070962612,0.16972569936587,0.180105282694003,0.182653143563207,0.166935401291454,0.160105982695854,0.178976109731013,0.177601862107761,0.175608380101297,0.180931991310256,0.158689356344696,0.163844504285503,0.162861935429978,0.0889523781464503,0.179705516287213,0.166996108662684,0.17252746118874,0.175033410727136,0.17897363503031,0.1766593183019,0.169573031615702,0.170664570765964,0.172597499809167,0.175661993052297,0.178033336399793,0.160152021309961,0.143732227731779,0.156984053861177,0.155704145334234,0.155765332622127,0.156846109119581,0.180000915426039,0.176609899405214,0.155854889244564,0.162090796990071,0.163533443170721,0.167723553820349,0.158715171687958,0.151164471733916,0.173590226205186,0.153378682019687,0.145779322689242,0.143640229794145,0.161864681124577,0.143587000776476,0.14380123140149,0.164573677143153,0.148352798588665,0.162530492463194,0.155494509389616,0.15125513842446,0.167922614905635,0.157244569318412,0.151286433164052,0.157364181243495,0.159365145776707,0.166284171073005,0.171019204140525,0.157870363953741,0.176087462126263,0.148278186153784,0.165994389045726,0.159815591383073,0.178822598996794,0.143806923630428,0.143720158871011,0.143734652354223,0.143651151028112,0.143677137472097,0.14371888187537
FF68_CN141,0.144224726557357,0.137444322059172,0.137864320083184,0.137937396784745,0.137688570428137,0.137878108297562,0.137933190210868,0.13796128411498,0.137609041977355,0.137856833383247,0.137512203141211,0.137700593383834,0.137518033085365,0.137662454615313,0.13798264666625,0.137664729002975,0.137764343009386,0.137881213149709,0.137981574156838,0.137888148988782,0.137865901721577,0.150450251410198,0.137890815656151,0.163837643563821,0.161708128136035,0.159899389005558,0.156464391752494,0.193255954910482,0.159980035870824,0.166963136301367,0.171247398253828,0.169617981027643,0.146061751558612,0.146576501824583,0.157104909396395,0.159032926596886,0.120783756377938,0.13294476949185,0.136530268610319,0.153024695489323,0.160870681906105,0.167322535457047,0.156092122483878,0.147894403058453,0.162127420891213,0.113962396209082,0.170645591105254,0.828047037847618,0.133536569334711,0.175079683039791,0.149652433777037,0.14295305173107,0.14144375555895,0.153171366367803,0.137776261635373,0.156885165989543,0.137790759291773,0.168349306723795,0.163953336865024,0.137511431101363,0.156852093471705,0.153180351242365,0.107946945485638,0.136840620283078,0.15375472385059,0.172511957793943,0.15791053089181,0.154232491321219,0.161663658640756,0.170993593283493,0.166891219746173,0.158999440933399,0.165514656003374,0.178467043347603,0.12120124631574,0.168803070014915,0.172716790398746,0.178860195250826,0.157668719664853,0.142550222204015,0.169398867772235,0.159662823476384,0.141099179568363,0.14982811666107,0.159746199606844,0.159025515014339,0.16362993563223,0.165012850967729,0.142282466264957,0.165793725456105,0.165618409812649,0.160121598766738,0.156321272257318,0.153082957372168,0.155906361349929,0.173016250049857,0.125041251500189,0.178613831075357,0.174256404784379,0.167418806739572,0.117206457574618,0.175466783819877,0.167051829073811,0.176882112309451,0.148716500301556,0.154387450151803,0.177446832332974,0.178547118486062,0.170441084009143,0.18548901702782,0.159699881389116,0.161475247532192,0.168906661069843,0.137379170242327,0.176082675479202,0.148702006818344,0.173227250627072,0.178329048527747,0.173727590873599,0.166891290690375,0.165677055628823,0.175171935541916,0.165949598214943,0.172191682279239,0.177302890719689,0.153224599558661,0.137785254856312,0.15926518956885,0.142544275410587,0.142421717214513,0.159122988175116,0.17726487714682,0.175853204370258,0.142460194011292,0.16344469197364,0.164564542033809,0.164868329281261,0.156527532092544,0.14645973184078,0.164459277530345,0.148279492361744,0.142472893023504,0.137671973657987,0.163656301836357,0.137671243350022,0.137782604881696,0.154716259836726,0.14714489842706,0.157122695525231,0.151587891772393,0.154269127741926,0.15805171820077,0.156976679837326,0.154264950380367,0.157012577603692,0.144403293114555,0.172256533626521,0.168282456419283,0.158589308326695,0.168591777314514,0.140092923695646,0.172517278609116,0.157092323060269,0.164885890057925,0.137837958052246,0.137912946074081,0.137882035267818,0.13761904510988,0.137845803646383,0.137830083245791
FF68_CN142,0.0438473855690806,0.0219395488137551,0.0200602452411167,0.0201056537037789,0.0199086166148525,0.020186125295133,0.0201014471299015,0.0202111268666622,0.0198971945982817,0.0200868117582852,0.0217037887099361,0.0199773949323916,0.0221267705636335,0.0199818226852527,0.0203048525042818,0.0199770026526846,0.0200028346886998,0.0201331842274612,0.0201030079023519,0.0201003913132435,0.0201285144296743,0.0462007758602054,0.0201129901689349,0.0907128084483471,0.0384165192458044,0.0338955832612711,0.849869669821835,0.126992133599764,0.0557177903644163,0.12670036513482,0.0836691008030954,0.0984902252070083,0.0299716886441922,0.0315364131042528,0.0767047463347143,1.06853211655611,1.49370395518098,1.39859165887607,1.39158164138054,0.467722017801212,0.451943584850983,0.26729020288934,0.0527635026797825,0.554450278512699,0.0465339673929174,0.554455140277151,0.0781551170870386,0.133536569334711,1.71351201975872,0.100800585752842,0.040896582496736,0.0400940825462231,0.0421107132285788,0.0451448214871808,0.0200700897924834,0.0459570032347144,0.0202782651211715,0.0677981524398747,0.0790432508629204,0.0220073672979688,0.0612017646828991,0.0483597748638306,0.58024610377236,0.0211882830968697,0.046629879781243,0.0560671738680068,0.105347453929911,0.0570114578934176,0.0406905062817984,0.147272881768015,0.0715097694840968,0.0489963905766054,0.236451955853143,0.0793574752544871,1.63467042318597,0.0720204717573483,0.0864715345092934,0.0703632903089331,0.0562059323813353,0.0405631572654756,0.0708916159566744,0.0924178438478101,0.0396647699657667,0.0459482604050776,0.0962350133454945,0.048974932042003,0.128184985244103,0.124242119312691,0.104218255927791,0.0872480438426336,0.0816674894256858,0.0714982932160773,0.0576565243126434,0.0452096519685207,0.0586683013135747,0.0707000040126297,1.50341847834441,0.0705645840499978,0.215981719893728,0.098087358121258,1.63616671570312,0.109385289109078,0.0755297434170362,0.087381936418322,0.0425721051080409,0.0712899885185496,0.121419549972604,0.107036263972989,0.0845108203779175,0.0805606054617842,0.0442022025639297,0.21032690776291,0.163447696669267,1.24560513136759,0.123381966764835,0.0422766725837082,0.0907157881048439,0.0840741921982475,0.0853490428208849,0.0761751311717664,0.134681016167138,0.0917346511796291,0.0770120098480783,0.0788888971446503,0.142641873767014,0.0452519722717889,0.0201259061869424,0.0301299067348937,0.0401279980481123,0.0402906355452984,0.0300600684275088,0.0838620606869837,0.0768614036529652,0.0403809016097583,0.0616399536350199,0.048216242223006,0.0757626031549376,0.0390611516534396,0.0360806772117787,0.0801649872042339,0.0346717670859183,0.0256074099779096,0.020100595799474,0.0472179028886284,0.0199239238697966,0.0205588536144697,0.0400677831131102,0.184124046402315,0.0424430033526022,0.0349700039928368,0.0295125210741317,0.0856107851955004,0.0302754925843971,0.029477128263559,0.0302510877788046,0.229241399963639,0.0672273812932141,0.0810205701108236,0.0300726589368237,0.115402263046277,0.0764519095440819,0.0761646022175069,0.0398813417494567,0.113565755520381,0.020129657883288,0.0201358300288882,0.0200488733028063,0.0199001033105761,0.0200431476883617,0.0201473229896611
FF68_CN143,0.159469016435256,0.137069536357969,0.132866810159896,0.132856172702739,0.132647075099421,0.132842997947052,0.132873958831575,0.13295880809753,0.132714401147406,0.13283165522106,0.136769217030053,0.132783959851171,0.137349695012864,0.132650046409541,0.132952502409902,0.132654449123272,0.132724976006738,0.132857453871568,0.132808122611837,0.132919726188437,0.132816602530607,0.145477571957716,0.132813138784259,0.160632184190715,0.158825464883409,0.16406787001986,0.13834504217118,0.184652351184115,0.162299710973101,0.184999080539901,0.182077539864413,0.176905878617223,0.140368279010727,0.140569455902518,0.161438690402064,0.126202587225953,0.101790374224248,0.106615047377972,0.102277497983204,0.148168364528618,0.149277489494675,0.169949398955298,0.162137787091126,0.160027789665351,0.173021412283871,0.117995373796985,0.178099498128223,0.175079683039791,0.100800585752842,0.779292693197097,0.152506318722658,0.153398675765171,0.158082808454133,0.160585544637483,0.132861046986756,0.167337175001852,0.132916692280492,0.17153379165215,0.179035164519648,0.137191981877956,0.16054879554069,0.151095810265652,0.117908020618008,0.136827650013621,0.152786844618131,0.168526821637523,0.158664467449253,0.149520886533213,0.172043304566715,0.178810025180233,0.179492128646249,0.169399660678026,0.178912268295317,0.174196711497924,0.097708582851972,0.183428726448729,0.180475048049597,0.178315143464095,0.167770973759806,0.146564044857296,0.181515937212603,0.183938310307497,0.154603208163761,0.155167177013377,0.143767236609022,0.16018596185098,0.159575274157553,0.170111410474228,0.144695078272252,0.172088404213438,0.164872585933399,0.165027190042971,0.150009166265348,0.160433285859775,0.166114322306314,0.186900539569601,0.105388797707101,0.181847976945324,0.172475504993524,0.176058900825054,0.0978462938950195,0.174852206714888,0.174619956262489,0.185714465183175,0.149677593929724,0.15236392118907,0.194443444007766,0.184039418315344,0.174835877028793,0.182114001011209,0.156492293689941,0.209146003956876,0.180714413788168,0.117948771802448,0.183885627977504,0.149544623628666,0.179472268442793,0.189072638211522,0.18302959436657,0.175647023825611,0.172063961849151,0.187237215714602,0.171834928924985,0.171613996159448,0.172398317701418,0.164579728266291,0.132821088708105,0.149116421116316,0.146340299362796,0.146390845020343,0.149014657917895,0.174209819482596,0.181667590877997,0.146430740701168,0.157154578684384,0.163935066646337,0.176255382879927,0.150757439806172,0.15173636129506,0.184220584768897,0.148479354699198,0.141822134375341,0.132714901930011,0.162886356928324,0.132714171622046,0.132932658899198,0.161627443712075,0.149511396702858,0.151996776595774,0.140584955124127,0.150513850800969,0.158279958219145,0.151997615406636,0.15052386227987,0.152112970679581,0.144407349453651,0.162839909341757,0.17293619577734,0.15724826259012,0.166935739319712,0.141588227167159,0.159430001297178,0.164263872158071,0.181361061845786,0.132831225382658,0.1327955404489,0.13283770217101,0.132715890975655,0.13281211217992,0.132762338562222
FF68_CN144,0.170917854087752,0.181579081725841,0.187847010345718,0.187923634257394,0.188463707430399,0.187623135482379,0.187939292060161,0.18811636878911,0.188179859676983,0.18784874639208,0.182135058919727,0.188042261310022,0.181459824521769,0.188224049568641,0.187793651959209,0.188059605080891,0.187928650429815,0.187902213281486,0.187904671289437,0.187806989469242,0.187519410885423,0.168688248910081,0.187923876302319,0.160883188951652,0.156541633296049,0.161817382207582,0.0945006779904803,0.150509606668396,0.166118499667873,0.149638224070634,0.154680170103695,0.155507550603275,0.14749661474295,0.147247295950114,0.156849172239845,0.070975935227706,0.0319761753483895,0.0373535038380565,0.0407275892336612,0.127595117587458,0.120834402192006,0.131254874419797,0.161622594467188,0.110512855394545,0.159454614762189,0.0907852967303476,0.156662150803008,0.149652433777037,0.040896582496736,0.152506318722658,0.723836738817587,0.172767724162811,0.171369100946285,0.139317753955773,0.187359536038938,0.167520782770601,0.187359844854877,0.162052670741116,0.160409335931715,0.181634839695663,0.160979289133455,0.174856304785868,0.0885156998885198,0.182739052819008,0.178078315024053,0.154671990654488,0.156378507535823,0.173062163468312,0.162286920150745,0.143288125371737,0.155980372845685,0.161558060282222,0.150601846650955,0.154977079936711,0.0207722955068818,0.155380088910866,0.15384742288387,0.155632725388457,0.165383563637083,0.138673492961903,0.162336743846703,0.152183547641308,0.173837462577025,0.186222154414423,0.165024110229954,0.170352128325832,0.15199120121611,0.149824778110373,0.163578158884114,0.158332895113629,0.153180843678593,0.170752249453634,0.169913133948355,0.139238567706437,0.165987194468975,0.160251631143183,0.0299302780959889,0.155201196844976,0.141587680479482,0.151499299156469,0.0212611803513307,0.151530581376497,0.153309599059397,0.150674985950342,0.139731079051581,0.167992081799255,0.147418651237807,0.153895089041441,0.152447877392714,0.160194233110331,0.168573244184959,0.136894162289875,0.141933337325857,0.0555397287630117,0.147116529092516,0.139627195873467,0.151213636066112,0.153476246990607,0.15068741370531,0.156292598280022,0.162066367145349,0.149191121188154,0.155287765464539,0.151618235025037,0.144861897304185,0.14803611201596,0.187367110375831,0.169851145408296,0.139388339263876,0.13890964117224,0.169993430265798,0.150448340089924,0.1514310341411,0.138543026573867,0.153766855309184,0.152500851845892,0.166785613041262,0.16685170382549,0.170647819587844,0.164034693172313,0.149329837969598,0.177594901229558,0.187978169483023,0.152036722354859,0.188348477353105,0.187375811473584,0.172686088251902,0.14538301585561,0.168507483082612,0.178185244629678,0.159955676970303,0.156860936457862,0.16150471024209,0.159864947681934,0.161275276691841,0.145692011242148,0.159377694554138,0.15527024224657,0.164346801757375,0.153784674823527,0.169408858385195,0.152353179402204,0.172116548195811,0.149629001324335,0.187578728584925,0.187778578402814,0.187871819950582,0.188306211301285,0.188056934240333,0.187685783386201
FF68_CN145,0.231855965075761,0.202455711115181,0.190698136813826,0.190569731980845,0.190254218074072,0.190558685551228,0.190643564029501,0.190020390156469,0.190266207644261,0.190644536382392,0.202918041962027,0.190487586940955,0.202489693388084,0.190179150761658,0.190671737224192,0.190089197686326,0.190310126278676,0.190653308424347,0.19058624111404,0.190646764864982,0.190494689707562,0.161121928711968,0.190594804496577,0.157541596000702,0.162881795633435,0.162749468003386,0.0879509882113737,0.141840813566489,0.165297554224761,0.141995284134033,0.147758732704519,0.144074061937607,0.141183169157514,0.140872838350697,0.164721729346983,0.070648051990602,0.0371138334567339,0.0441916944756121,0.0405728098501771,0.115416005355582,0.12003119279947,0.124986833123834,0.164633345390479,0.0951625373197099,0.160436361499604,0.0790545518570285,0.151630666953193,0.14295305173107,0.0400940825462231,0.153398675765171,0.172767724162811,0.741014898818043,0.231475745883299,0.140583277502402,0.190578153474978,0.155650277818744,0.190605421087792,0.150460976504311,0.146505570141845,0.202551197838293,0.164190102707241,0.171059959498154,0.0775986850156199,0.200745989225177,0.177503545962933,0.159231453514061,0.152533210748519,0.170497409532584,0.152489404790191,0.140264362447106,0.151361784253275,0.159274954829638,0.134847146622991,0.146929758046981,0.0286356298677207,0.150117326961542,0.147460904770061,0.148152957117153,0.171996861153337,0.126397896614894,0.157247795193022,0.157040976150555,0.223267005067387,0.181165840093801,0.16627970158826,0.171817005080933,0.14144593396328,0.149834589276233,0.173050507753193,0.153059491533959,0.153991614888457,0.154535702668675,0.171992387495403,0.140357236754298,0.168140939428441,0.145973279965151,0.0369664030579708,0.146313186157951,0.142731889440172,0.157882028015237,0.0270962199683173,0.148594079820699,0.155374663765984,0.147526361229657,0.131577340858396,0.163004583354868,0.153335276687442,0.144412565939115,0.15412203954461,0.146004562185178,0.175522107778108,0.154740055356816,0.134443636866232,0.0485877853568452,0.154283900828759,0.131198194175345,0.144596549294818,0.145261496783442,0.146180916952539,0.158354825218517,0.140582213339367,0.139089255199719,0.154424962942068,0.146703099666999,0.141073355878725,0.140362666072368,0.190467250994024,0.1640009654639,0.127121256221144,0.126566647833043,0.164325576921322,0.149752256442866,0.150071622202505,0.125938249128171,0.155708477103763,0.158698416336649,0.147340395609478,0.170923070573215,0.187691333726734,0.142740669828504,0.143384592794116,0.192679645942853,0.190107083971683,0.158860014709931,0.190232634343818,0.190737026756253,0.161314321042238,0.146920965139084,0.165758983662919,0.181368389964566,0.160576317717995,0.15478640696005,0.168191080286716,0.160430961393852,0.168173060459331,0.147944368642817,0.153995746344945,0.147479738369179,0.168139357790049,0.148761704277988,0.164090050516051,0.155083700726396,0.165335580317196,0.154546022963516,0.190615019421045,0.190484978698223,0.190654839984479,0.190289690175224,0.19044692339347,0.19059082744806
FF68_CN146,0.236181120101068,0.203393989922526,0.191950698437375,0.191821584162371,0.191500394719414,0.191633886669019,0.1918422080593,0.191211230324014,0.191514512615672,0.191892131911779,0.204059930629982,0.191728797492135,0.203441451593867,0.191289114538578,0.191931393267972,0.191161561036025,0.191426475033802,0.191888843439343,0.191855119904119,0.191865273271425,0.191540094260385,0.167046875499215,0.191819697881228,0.157985393717993,0.166598958845002,0.164411377674225,0.0910509368629016,0.137483817113913,0.162065023378693,0.140905268197526,0.145396687220713,0.142117107848953,0.143394896396204,0.143105848850078,0.169031986089806,0.07288035304796,0.0448833295038675,0.0524712793373065,0.0422127268183025,0.113143349566678,0.118418318091987,0.122887990630574,0.172789487340165,0.0936851660386267,0.158964665754705,0.0773217814476534,0.149480035192251,0.14144375555895,0.0421107132285788,0.158082808454133,0.171369100946285,0.231475745883299,0.755159337996453,0.138829933274358,0.191623558027801,0.155544257968185,0.191596198604842,0.147872619015158,0.145546800979599,0.203458261196625,0.164504072534317,0.171050423762727,0.0738730919635441,0.201755212234826,0.176810108117302,0.15712551660057,0.155412522930884,0.170474394398719,0.152167714564629,0.139437549501145,0.145188616221734,0.156710008927245,0.134853218612071,0.145111854594842,0.0374912816521177,0.148622219629883,0.143556532328181,0.144149972234072,0.167393688318769,0.126367787060799,0.154909161295977,0.149759659679036,0.221873347945022,0.179425975264196,0.164614328171073,0.169651475037507,0.142521135081071,0.15288062033401,0.173380085304775,0.148261222143057,0.156328913365225,0.153002285467772,0.173076811359494,0.138679093380696,0.170650632316806,0.141240279240368,0.0463718724102191,0.14098425413382,0.139489426405782,0.162948549954614,0.0355276254229408,0.140516059957313,0.153436864611952,0.14445061707068,0.131972187076097,0.16212243393111,0.156323842941354,0.140296070332348,0.149826055106015,0.142984863946021,0.176858383560375,0.162684783583638,0.136125410913716,0.0495473474248816,0.158795639106123,0.131685977298064,0.141580398265775,0.140795246259319,0.142878151346191,0.157767094234318,0.136561492405709,0.139013031914127,0.147426713837739,0.145708148961578,0.138693574344343,0.141364794661787,0.191467251257373,0.163842446903636,0.127029425211045,0.126512417250165,0.164092566948639,0.147356867183978,0.144730629663982,0.125903882921937,0.156058628474014,0.15945791575419,0.14373115104918,0.169803258071741,0.186921985584638,0.138453198694186,0.140341482968198,0.189637245558959,0.191152488524507,0.160524762148862,0.191488743177483,0.191808680663929,0.162938630285856,0.144015487065635,0.165988529889254,0.179034012719658,0.154608887873134,0.157847336300311,0.173111457169348,0.154443667172346,0.173060803008903,0.145892349323076,0.154912741891599,0.144024442727878,0.170161664008589,0.148813889998565,0.164904886411389,0.148684930131531,0.161369486419311,0.156317896147926,0.191685254444675,0.191668724445538,0.191892503325544,0.191522387422128,0.191669688452052,0.191670994660012
FF68_CN147,0.149296999150309,0.134315444865858,0.12970691783061,0.129677834880854,0.129448872900891,0.129467435242764,0.129654473372354,0.129896818767423,0.129693559454635,0.129722842717433,0.134199580463931,0.129655992412921,0.134406182500604,0.129234754951963,0.129744368023049,0.129374661092093,0.129372115447187,0.129628036224025,0.129650358608621,0.12983432527157,0.129507727376484,0.139049989670338,0.129685880788033,0.14390279428687,0.156787909834562,0.177197475981443,0.0841783967118659,0.152559994271483,0.150504490339453,0.155120892181157,0.159586061849491,0.152803967210016,0.312212835481284,0.311776223994367,0.149578201102297,0.0780066058324873,0.0327765261068919,0.0382510481537145,0.0444260106562548,0.12799534304497,0.120745822095648,0.182287267619175,0.147628950719376,0.113076169580286,0.154289976991027,0.262810898631994,0.163794981059107,0.153171366367803,0.0451448214871808,0.160585544637483,0.139317753955773,0.140583277502402,0.138829933274358,0.862829652754315,0.129640852085512,0.155538407158089,0.129528359619789,0.151374249566939,0.154846701185631,0.134440018711914,0.154304958737278,0.139234611523862,0.238145636007049,0.134440340047419,0.141906804194196,0.152803420522339,0.148198031724746,0.139629808289387,0.155841739528008,0.174756945343948,0.167157022633073,0.152361663494162,0.14034483403846,0.171644810982378,0.0288976351532034,0.157697936156637,0.162823383515809,0.161587172444297,0.145191524934029,0.340989431478981,0.154647911357589,0.165731862111697,0.141760141662093,0.136087405687223,0.146016130263342,0.14565371389247,0.14843841572128,0.16515946759476,0.140335519482017,0.15502841432686,0.146545532593683,0.143350151470492,0.13724555727026,0.419959200841069,0.144762917622407,0.161362008065751,0.0456672212074354,0.155499972093194,0.145399612625761,0.152332993690054,0.0245083966472753,0.178429175836327,0.173505385285608,0.159173492100779,0.339085097122494,0.136227624816481,0.168413269181954,0.16567050789627,0.147158377825498,0.150599129905326,0.145707318497093,0.163421009129635,0.146306438112356,0.0545842105145068,0.156453595714178,0.340456143910266,0.154749595265431,0.150117848610088,0.162458575908,0.152153813674166,0.15519055521463,0.167359322112535,0.155117599535532,0.167303388868802,0.151702437446794,0.24760852843128,0.129564712263687,0.149818021718401,0.338457871083554,0.340617587875579,0.149732575686509,0.144103190792435,0.156636310420616,0.342500613932244,0.150306297277348,0.168989803501754,0.162563823718711,0.141695699287271,0.142875392868678,0.160029283666787,0.269625055877722,0.141060865525931,0.12948832205056,0.169377713880384,0.129512422213401,0.129579088897624,0.149614424377356,0.134165418743928,0.136190370763895,0.132385896105235,0.198067712046199,0.14424715744485,0.142728008374987,0.198343764283738,0.142796540474412,0.146523577449664,0.137780251203455,0.155356184887878,0.157546900123122,0.156721864955406,0.129783783787211,0.145363147305777,0.143782952836426,0.149915716058161,0.12951880301842,0.129558318939103,0.129660783233171,0.129602821819889,0.12962313272769,0.129426504611223
FF68_CN148,0.185209450965673,0.205420477675814,0.21395010746512,0.213967847688885,0.213518958681781,0.214246253604665,0.213958675020846,0.213239017032681,0.213875027633142,0.213944749091253,0.205777101661228,0.213870094924488,0.205223891291231,0.214022796060163,0.213717969688807,0.214110912932612,0.214260897322658,0.213917339590033,0.213899933221339,0.213890931654023,0.21465261782227,0.179219093623902,0.213987244668432,0.155479256386121,0.157927060890947,0.158967440924972,0.0750561783470964,0.134598128299718,0.168527652102008,0.135315186391528,0.141563893305768,0.139983427579173,0.145045379877284,0.144422185138309,0.158523342738118,0.051314346325274,0.00927888402939735,0.0166596767921109,0.0198003557621377,0.113570045558026,0.110433160016228,0.116457220027281,0.166333176824043,0.0894515373806682,0.152213936799024,0.0762735474731146,0.143823975278111,0.137776261635373,0.0200700897924834,0.132861046986756,0.187359536038938,0.190578153474978,0.191623558027801,0.129640852085512,0.72121767034501,0.167858364497479,0.214069514903974,0.148982507674686,0.143758618975036,0.205440763544484,0.16188939057292,0.181469610648499,0.0739046287480622,0.206761356484854,0.185388292953303,0.148215955568799,0.151573344037732,0.183107040396355,0.158186942023549,0.130017899654812,0.14299534282202,0.159110372626671,0.131756825517035,0.143872071274084,0.000287753857730637,0.143301725792638,0.140340952973275,0.144243939916617,0.171627959647736,0.127248525946888,0.145761227744466,0.140281126144792,0.190138199264176,0.185018118625249,0.172993869240624,0.177303128591426,0.141829041002095,0.139732143214615,0.171315930353253,0.145946634157403,0.150562180495491,0.158456087634334,0.181088861461114,0.12943396627203,0.167827374400637,0.142335979059436,0.0121884393078852,0.140566714117758,0.134692500781535,0.143469721663692,0.000309116409000767,0.135697851072375,0.147055754950272,0.138903101786063,0.127907405619621,0.166531937439767,0.133324763332141,0.136461857533357,0.148337967077195,0.139310985044235,0.178471266614235,0.123362861908474,0.128359470423074,0.0317527344966407,0.137113993333683,0.127636094124071,0.136898402249259,0.138016683190602,0.13474046323548,0.152425317136381,0.136363879416788,0.136935397564166,0.149368068548263,0.143731964820912,0.134346434962699,0.138284009291258,0.214730176528141,0.173631649272954,0.128150664942942,0.12749744411364,0.173832108376345,0.141460306424029,0.139588205774518,0.12684634326403,0.152762882170506,0.14794328361384,0.143251180135091,0.175579856358783,0.183631205375291,0.138363420892765,0.14353358396533,0.200146531581656,0.214089070464679,0.148026843364588,0.213636425588042,0.214352941165364,0.174076481940961,0.141462526560242,0.174983157192775,0.196850551579599,0.160092486604663,0.154821177965555,0.16843371780497,0.159949968048612,0.168370293688111,0.146426880501925,0.158131801685606,0.145242876016931,0.166330288977691,0.143394074278095,0.179694236159046,0.150623447073962,0.176614297945756,0.140628907144048,0.214396233821523,0.214200924432581,0.214002585308883,0.213675745368872,0.21372585284164,0.214447952145002
FF68_CN149,0.157234816577189,0.163277576645332,0.167969125090028,0.167999635270207,0.168419103299296,0.16782045108113,0.167954990501016,0.168415134597155,0.168494942651558,0.168012008773726,0.163610079601962,0.168205523691668,0.163216493687148,0.168273801226602,0.167917185587565,0.168320061019692,0.168146539847235,0.167995950344875,0.16796435513572,0.167973799061003,0.167930268533107,0.181137508317952,0.167987107358718,0.165359029462651,0.160684036056222,0.159342819218924,0.0916543673817518,0.164072690052429,0.1592390111582,0.163041682999485,0.157996072907034,0.162201816320299,0.166621014145541,0.166246124114629,0.160340307222874,0.0885601359982919,0.0377893140728058,0.0463158557027181,0.0496062269396049,0.133848110366155,0.129383858799262,0.153068059089684,0.16226602916976,0.113697511423623,0.163557998211095,0.10856033740513,0.159919879360459,0.156885165989543,0.0459570032347144,0.167337175001852,0.167520782770601,0.155650277818744,0.155544257968185,0.155538407158089,0.167858364497479,0.751390834831801,0.167661448431015,0.163246632453562,0.166077039041409,0.163337591267292,0.15882610338123,0.16605068118366,0.10389779261961,0.164049482951899,0.161393628314036,0.159571368053238,0.155924435428763,0.16409194931676,0.192088421999988,0.153888578867583,0.167293106132656,0.180703033503481,0.148267043740834,0.155173566164773,0.0280064466034339,0.173869537702843,0.155485495302736,0.165987711944333,0.18113669454622,0.153136148831142,0.156637057421335,0.166739849857588,0.159352046138411,0.158539697463343,0.159198143124485,0.162620599946496,0.151830128664563,0.159664709757527,0.152787516501458,0.157807878804265,0.161593377975404,0.15881372987771,0.160982648550093,0.15538827670645,0.172780782069224,0.164265624897187,0.0433294803727012,0.160892311541431,0.143659221974421,0.145639988275918,0.0286712730695953,0.157827559560622,0.160620369894437,0.157048583872955,0.156137606063931,0.154721230104075,0.157648775997629,0.15570697475595,0.166306088658328,0.162959608903796,0.159882550190482,0.168703385064302,0.139018920282918,0.0619175833377629,0.155964660791469,0.15611388983442,0.157987359289716,0.15874595312538,0.157915179823655,0.152330335369062,0.157032846779608,0.177674479758601,0.156488112155193,0.164798929158654,0.16144010928611,0.174087503331449,0.167812021240621,0.178581509731426,0.153253644949721,0.153141728383994,0.178417315634977,0.160818934370307,0.163420575118045,0.153105004326331,0.166946840000779,0.149196951132307,0.167530497953128,0.168661461213929,0.160057949297706,0.178804537437525,0.160634767394316,0.160556202950048,0.168300346877829,0.153442807232192,0.168481943169783,0.167754744230232,0.170166120973769,0.144551520592297,0.168733765875642,0.164318461635149,0.168000720299183,0.163378551111151,0.17081752646613,0.168016407314269,0.170850586464403,0.141835455192621,0.168757907770367,0.164837038714856,0.168563695929967,0.153838563204959,0.162464101209403,0.156096166303409,0.162412770992442,0.164476174770058,0.16785408280621,0.167904240357239,0.168004576325238,0.168445352654148,0.168215230527818,0.1678660723764
FF68_CN15,0.185494246032848,0.205620849142249,0.213902883665517,0.213703534630233,0.213499403121076,0.214197610921015,0.213858243069515,0.212844166641791,0.213351768236083,0.213833675509576,0.205805788158088,0.213688077140507,0.2053760207001,0.213896824196002,0.213671455331227,0.213699745375192,0.213953308300601,0.213827549269047,0.213744164792211,0.213683373957214,0.214067636969207,0.17923075351221,0.213769045341277,0.155500848462752,0.157577614789531,0.158886163908262,0.0752033416618037,0.134628943122648,0.168434314570908,0.135373669453356,0.141625923577712,0.139895765584257,0.144864071535327,0.144251518426698,0.158667668284733,0.0513238778875127,0.00931821215660355,0.0168110967589565,0.0198254950488835,0.113598022612864,0.11055549286013,0.116401482923401,0.166224941010458,0.0893383354729223,0.152029081246952,0.0765845918951427,0.143772494826369,0.137790759291773,0.0202782651211715,0.132916692280492,0.187359844854877,0.190605421087792,0.191596198604842,0.129528359619789,0.214069514903974,0.167661448431015,0.721100145015144,0.148887751259539,0.143743320066469,0.20537225648419,0.161693893390503,0.181350733204569,0.0740269615919633,0.206314007384259,0.185316238682893,0.148102753661053,0.15142821723895,0.1831506251757,0.158067355137596,0.130042329499535,0.142992813869867,0.159180206760868,0.131729466094076,0.143882312278346,0.000378161810595527,0.143370141042788,0.140366801702044,0.144308807956652,0.171808466737526,0.127254510299012,0.14601977345679,0.140597846103004,0.190435764287766,0.185464666473676,0.173068669468982,0.177270093632283,0.142024446374368,0.139857313826608,0.171487214696743,0.14612643180517,0.150636980723849,0.158681289571575,0.181227511471545,0.129642141600719,0.167916363469456,0.142625740220773,0.0125200575485811,0.140769213910262,0.134998579109402,0.143711950209486,0.000573337657508702,0.13602450321891,0.147216397663417,0.139120499861051,0.128091459919526,0.16667342521829,0.133660638224975,0.136843846157688,0.148548270731953,0.139579462944882,0.178651064262001,0.123682419634778,0.128676190381287,0.0320985415777973,0.137357640763522,0.127835756148483,0.137098773715694,0.138426340053832,0.135135221816226,0.152703017783327,0.136663572766447,0.137180463878052,0.149607459325965,0.143892607534057,0.134322622749856,0.138255940426276,0.214106885805834,0.173375849518579,0.128221208519162,0.127525421168478,0.173639448962019,0.141608179180759,0.139638884974093,0.126882124181121,0.15251417683636,0.147711604888248,0.143234462342477,0.175726310231467,0.183529354539914,0.138428288932801,0.143416125405446,0.199968770449814,0.213601283168772,0.147798002407088,0.21333451210217,0.21407869591839,0.173783081759365,0.141238651696903,0.17510407115263,0.196757923490521,0.159871449509416,0.154643416833714,0.168185012470825,0.159748085887987,0.168039293079294,0.146329995760709,0.157971067162317,0.145192105007212,0.166018443303495,0.143683125997409,0.179527826099573,0.150430078217614,0.176727408043358,0.140731375611304,0.214279484703661,0.213889788200409,0.213833337481318,0.213461802693855,0.213576469390719,0.214257421056745
FF68_CN150,0.149341831712976,0.146886895229225,0.148978338659504,0.148934357427264,0.148666376136034,0.148835340186791,0.148909577034719,0.148744702708566,0.148831605183199,0.148966595307429,0.146690154436673,0.148896197792802,0.146971247885764,0.148587052171482,0.148973931772584,0.148653885783241,0.14873221652896,0.14892996305991,0.148940224930114,0.149000748681055,0.148882726740741,0.161694807318756,0.148899836813061,0.161641820346012,0.156385793922718,0.150929103909804,0.105911581360686,0.16918448691244,0.16062481851324,0.176627055382606,0.175355676852693,0.175980156933685,0.145523184906608,0.145830778101854,0.159382827575834,0.0931256625005673,0.0588365976541918,0.0643345312877747,0.0644664666381171,0.143360576095042,0.14215904839208,0.157157549994504,0.166608790876803,0.1256305933351,0.171318142143089,0.107978152588275,0.177124115503073,0.168349306723795,0.0677981524398747,0.17153379165215,0.162052670741116,0.150460976504311,0.147872619015158,0.151374249566939,0.148982507674686,0.163246632453562,0.148887751259539,0.76128150311,0.190693525440676,0.1469504570613,0.167636221507314,0.172104617050259,0.107060752242349,0.147116787830195,0.159738057716332,0.16102315351642,0.15991744221845,0.157199277705024,0.165234180186162,0.175965972266413,0.180559939047435,0.168615117957072,0.162190819968942,0.175607182396235,0.0486365782752764,0.17536459912943,0.17736495437714,0.17337894602435,0.165730718658083,0.143690904820532,0.176984121725987,0.181552556940557,0.147160552056639,0.160694539971351,0.164501489330715,0.161837643037123,0.155315174965759,0.159706833920942,0.147005831097792,0.183360119231913,0.166728586422175,0.178919583894531,0.16379443437143,0.151273780056912,0.165810071834954,0.176647783609244,0.0569616759293427,0.177403422827541,0.164589447622006,0.164397193006953,0.0486799335292604,0.172013119895229,0.172885470672693,0.173305005472796,0.152220334296797,0.177989067217556,0.166886687663602,0.173860444325383,0.177415508381063,0.180232660922645,0.159475597553317,0.15677864118319,0.166257504399316,0.0805804322797339,0.173693174589105,0.152115032234637,0.175872659774442,0.176800100811589,0.178162212803059,0.167078483227935,0.17492169447445,0.173171918322464,0.167930260186731,0.174314942097656,0.168999481125586,0.153143623011514,0.148827619788305,0.159590013858879,0.143470706536147,0.143570203693284,0.159483994008319,0.180192644219358,0.17033648304263,0.143446927708811,0.175661183453753,0.162997284448408,0.187710843382367,0.158343603514988,0.157015419544972,0.202095786137766,0.147721770775119,0.154930594791449,0.148668224858483,0.161407979908843,0.148710770513923,0.148919325602753,0.161502682072542,0.151936369694107,0.171731425507013,0.160253625927224,0.1519711448728,0.160086297766309,0.155824445835399,0.151960582533034,0.155943348318459,0.163045910439304,0.166805790407034,0.177974753181444,0.153959389527858,0.171966492861563,0.153092639169188,0.193758582064236,0.153071814959218,0.174914462339003,0.14890160624493,0.148888623455909,0.148962710069055,0.148795494584226,0.148891715788492,0.148829881656402
FF68_CN151,0.150827136225152,0.142607983304255,0.143663641380905,0.143613275170458,0.14325448530028,0.143618545907371,0.143609778038604,0.143411559937368,0.143423970999583,0.143587338804734,0.142631878980866,0.143525454594384,0.142672471584149,0.143248943306124,0.143679808312654,0.143269663186385,0.143401911525855,0.143571280375883,0.143617723789262,0.143690308054595,0.143623365939939,0.166902554125788,0.143570241251979,0.166504068887827,0.151100183767064,0.149120469109036,0.121257964118887,0.176368739195643,0.161783070252798,0.177336230321583,0.176739531155575,0.171798438565871,0.147074467526927,0.147384189048241,0.158418428782476,0.0899414196171378,0.0803395182882769,0.087142825244241,0.0871683442911284,0.14145261941105,0.134955816448166,0.152009571591319,0.162839258324371,0.152131533021455,0.1716094557305,0.115774653337356,0.173732715548918,0.163953336865024,0.0790432508629204,0.179035164519648,0.160409335931715,0.146505570141845,0.145546800979599,0.154846701185631,0.143758618975036,0.166077039041409,0.143743320066469,0.190693525440676,0.797383078002091,0.142643876897432,0.151902658678447,0.159552901694697,0.118726549785053,0.143094693917563,0.158493429323876,0.164299799136755,0.158488358900005,0.159203184336037,0.160362174729936,0.176249481991571,0.177972336905377,0.161033043972859,0.175905486074167,0.178302085557683,0.0671272080795618,0.181421548038033,0.178704823274594,0.176955685620428,0.164906079943263,0.1386677882134,0.173837479269778,0.175446831806276,0.14742135963706,0.155370619946453,0.151560999746531,0.161896259640979,0.158800396540866,0.156006117244744,0.140667408979957,0.184359455958311,0.160993190023918,0.184235165889064,0.159637546474422,0.154699408502084,0.161129615724947,0.184259829432336,0.0812732775326166,0.176617093981965,0.166406771000962,0.164156425077089,0.0697068185658901,0.177220157260238,0.178370609310731,0.177593315417977,0.152518032862415,0.166051019211918,0.176463178448473,0.177920313939147,0.164111075039063,0.180318236323376,0.154303498121348,0.162163748495981,0.161555055586595,0.105292159183998,0.167224924581054,0.152343914924021,0.173829909106074,0.183368557418799,0.182860580237553,0.163562930919749,0.183304903776579,0.182703004817861,0.172759874395486,0.172063615474516,0.164294903986796,0.152028822509273,0.143605859414724,0.163101484788838,0.138449718255085,0.138429319710328,0.162930905714182,0.170993042422628,0.178189739153553,0.138337968616892,0.160537740764695,0.148485380783205,0.190803743518737,0.152812526419364,0.144043005069752,0.204821904748227,0.145705269461602,0.142424993167385,0.143309542174456,0.150891653717364,0.143286109721754,0.14365287038172,0.161427214134044,0.137962223082363,0.187930557576901,0.152827629188078,0.153250001756274,0.160681252539578,0.151703030039543,0.153258594351129,0.151927639384035,0.143627505742803,0.171765941948028,0.184178556588815,0.153688115591004,0.234860389445482,0.143165149856827,0.174526760619792,0.163613146895415,0.172256625436665,0.143641536002105,0.143573216735287,0.143626020087743,0.143341746669113,0.143493304351175,0.14355420368907
FF68_CN152,0.196934190620926,0.219494889311354,0.205805504381279,0.205689869504713,0.205411246583138,0.205475922656508,0.205767248763484,0.204894351298344,0.205346616414839,0.205758288928052,0.217630959764673,0.205635392703721,0.219211041557938,0.205226215757154,0.205692552864836,0.205002887581491,0.205355062948102,0.205780540368445,0.20570212198577,0.205670418273717,0.20540199462452,0.171703056172469,0.205705719274145,0.160645913980454,0.167363850021918,0.169471940300608,0.0749240134713936,0.133723887067922,0.16654171522012,0.134211795386293,0.139614847409077,0.13873318207517,0.147617607993384,0.146983062182041,0.166927184283552,0.0526691719298492,0.0106869177857,0.0185089834867403,0.021568076624118,0.11237300820575,0.115366411184984,0.119112452860076,0.161317213061779,0.0891136343182859,0.16164008429965,0.0807520463051056,0.146191174649555,0.137511431101363,0.0220073672979688,0.137191981877956,0.181634839695663,0.202551197838293,0.203458261196625,0.134440018711914,0.205440763544484,0.163337591267292,0.20537225648419,0.1469504570613,0.142643876897432,0.724449544942081,0.169175151490054,0.178843047619811,0.0776531117383518,0.215211311761786,0.180893769077968,0.157089447733481,0.155615536025557,0.179368072275551,0.156721026144543,0.131841666436613,0.142345994711526,0.164471417335315,0.131140821181623,0.142805571254047,0.00169933482414889,0.145816489104872,0.13911837570817,0.142975958362037,0.169942826183614,0.129995276800654,0.148603043829319,0.14884246381934,0.201847331194923,0.187840070333457,0.168131854397358,0.17265394635507,0.140297147014947,0.13925093286358,0.177720564277779,0.14837058889069,0.154464612404779,0.154226895075614,0.176780920837837,0.134283503282068,0.171917099004006,0.14164406442756,0.0138199473014432,0.13918664072354,0.134356016603199,0.14696989994592,0.00177248664310023,0.136471643660086,0.148065791731653,0.142213859048141,0.133625299665851,0.166897800864234,0.136834873802691,0.138371466799944,0.150898134678904,0.139163212444026,0.183339249116871,0.127980411376979,0.126926898319151,0.0325293648524438,0.135061368901629,0.133353988170301,0.136684651540908,0.137154502473198,0.136249237759054,0.151097033009844,0.136516200792321,0.136144870491089,0.149208235433662,0.143275584940683,0.133216085160589,0.144050145395054,0.205255369651112,0.172072796488932,0.130859105927465,0.130261221575959,0.172361935845201,0.141504792612062,0.142035572094565,0.129571101415083,0.150976298497089,0.157286426397771,0.142318764657406,0.176781442486383,0.193145323686773,0.137974438004724,0.144275451662004,0.197089337244987,0.204968984599167,0.157491300734458,0.20532084697665,0.205525145413342,0.169205244351396,0.140766355276228,0.169287547972445,0.190243309359671,0.158811025651646,0.15928406907304,0.177985436543673,0.158694756450448,0.177870223159132,0.146624606166933,0.15890630371534,0.142983094514151,0.17622041156138,0.143168263055351,0.17509400542228,0.149056080985663,0.1694579476,0.139705714412663,0.205582626909961,0.205483801636152,0.205789166348808,0.205439624264059,0.205558547613061,0.205532185582123
FF68_CN153,0.161672647688507,0.169127906824509,0.161655362342275,0.161712121877306,0.162106759435589,0.161674116650813,0.161635552217079,0.162262415188631,0.162308879467952,0.161696827141927,0.168612626563614,0.161996758363324,0.169075337170602,0.162144493404838,0.161704873049106,0.162243961349656,0.16196544275779,0.161686444249261,0.161664071786405,0.161765743174682,0.161759103631985,0.169810118793423,0.161729390530785,0.178349184161636,0.187694184014391,0.183339966905271,0.101287442427743,0.150381439707152,0.152720929107814,0.151251737275938,0.153111126393671,0.155597182343103,0.167396705533961,0.167437548528546,0.175560947642275,0.0876494836979612,0.047620323443223,0.0536233797972057,0.0508593728095259,0.133241099251683,0.141091342320603,0.139366876556085,0.154863272916652,0.11909876480222,0.182753642285552,0.119827257430166,0.163759650846359,0.156852093471705,0.0612017646828991,0.16054879554069,0.160979289133455,0.164190102707241,0.164504072534317,0.154304958737278,0.16188939057292,0.15882610338123,0.161693893390503,0.167636221507314,0.151902658678447,0.169175151490054,0.758772716477751,0.163053559893588,0.116913487231424,0.170488650010194,0.157176266744347,0.173927198646562,0.166964334006429,0.170133828842156,0.163752159973234,0.147097361638329,0.153581281968712,0.172962582847409,0.147906209008354,0.159326911024854,0.0342349093808879,0.151454988242348,0.15774037330918,0.156819863937917,0.15344460587638,0.152554677629499,0.159273615236171,0.171003867673262,0.162432714659666,0.163906188182811,0.160533584269078,0.165208206261742,0.157587521938723,0.158004886680873,0.163172600091864,0.169705492787779,0.177043168168245,0.150454645777553,0.16587168478806,0.154189590944767,0.171219571433771,0.155851204319232,0.0475268106382105,0.161109672057723,0.153568269967372,0.15510492556245,0.0402773063816419,0.161973810000473,0.162570187830977,0.15826767652577,0.152489926438738,0.165771770312087,0.157243246417698,0.164688072582773,0.172076961330926,0.155092877567624,0.166886433099111,0.140582793412551,0.136838366761357,0.0713534335013506,0.157701646121099,0.152374692188255,0.152501515382843,0.154700276525265,0.154056086475598,0.153134404438403,0.151660513596421,0.167575843817965,0.159268686700705,0.159143528608277,0.149201796204006,0.16188324346645,0.16170683444764,0.168582195674015,0.152618256154328,0.152595019841479,0.168517323460791,0.159819601817097,0.160622807036445,0.152462521110707,0.166825796672084,0.183811608135371,0.157982389022366,0.172629641705999,0.18073561775828,0.161306421196652,0.155009163408906,0.167448703461061,0.162249787120621,0.182415981268095,0.1621703087481,0.1617311432699,0.168042322814051,0.163617336776539,0.154440908694833,0.163139640250112,0.157746716555503,0.17034270526649,0.192623207743327,0.157706357650769,0.192747785762572,0.171369797868743,0.168216874764036,0.156790109104833,0.1885255373893,0.148090935191587,0.161577569937855,0.152106535623114,0.158455774645206,0.155111101881239,0.161707038933871,0.161711792195425,0.1617035835339,0.162162805355409,0.161924879366826,0.161684265844931
FF68_CN154,0.168260146554253,0.178809282352703,0.181883302984883,0.181825132912183,0.181573468787483,0.18152747190526,0.181872715605987,0.181355248594386,0.181493940336701,0.181836087531656,0.17847916645982,0.18172383293767,0.178674417424124,0.181406174012075,0.181772479794509,0.181284296045706,0.181532892876954,0.181829961291128,0.181843770371447,0.181740413015068,0.181569892365049,0.170075070349895,0.181860137616237,0.159930270599502,0.161321715932031,0.157403805667076,0.092477921067596,0.149620538098319,0.166129003583003,0.154820560333677,0.157910831361373,0.15712848791069,0.144472835125566,0.144295169977056,0.164057674920671,0.0768414641589294,0.0379615999815053,0.0446570717499688,0.047345836151323,0.130062419228352,0.125903937173386,0.138268989986311,0.168706235351959,0.109326530616817,0.156568466897273,0.0895102916997405,0.157685737927029,0.153180351242365,0.0483597748638306,0.151095810265652,0.174856304785868,0.171059959498154,0.171050423762727,0.139234611523862,0.181469610648499,0.16605068118366,0.181350733204569,0.172104617050259,0.159552901694697,0.178843047619811,0.163053559893588,0.730181943526338,0.0866057442472979,0.177557860009579,0.169103026275442,0.156659709487811,0.160155439151236,0.169018915663829,0.16672859894174,0.156403442336338,0.15801065820039,0.160969085687888,0.143222802454169,0.163835035321089,0.0293755612049909,0.164610501357337,0.15652188159549,0.157007486313879,0.162800347516002,0.130502711467412,0.15108769341427,0.161492708152335,0.1687179912236,0.167794969592938,0.167959643606049,0.168777738761504,0.153427683597537,0.15300365010037,0.163831291971121,0.159411818715446,0.160998047615181,0.166205297812797,0.173756043671911,0.139150459180365,0.164110582602836,0.156752525370366,0.0387485047270771,0.157304554728053,0.149811394695268,0.150579015137379,0.0279290882106048,0.148074042125062,0.159961899194164,0.15273648675406,0.137382688240124,0.172398997931122,0.149226881239303,0.153242264665034,0.157706833394244,0.158196306658253,0.172763780499801,0.138137676441036,0.146939731967187,0.0617883563866732,0.154339220613802,0.137206441975661,0.154951548370259,0.153512290818566,0.151066118030393,0.15246005475638,0.156968888494638,0.154929659997254,0.154122014505479,0.159164432108826,0.147434196364488,0.141219655343439,0.181366512029799,0.16899754893937,0.131014657350798,0.130636700026432,0.169019228652957,0.159436832806541,0.153684793733061,0.13019559401564,0.163304456151628,0.158890658432137,0.162070523640966,0.165174445167823,0.174049456373072,0.163867836581684,0.14532986612852,0.179679104178014,0.181223434266506,0.158328625941925,0.181584519390288,0.181453251750085,0.172321297336847,0.15273979191925,0.175219376347315,0.171507838593672,0.16026485597713,0.162591671404709,0.165671834970171,0.160184058877083,0.165619052483658,0.145841565793792,0.166445727714403,0.15763822200424,0.162596470571336,0.157534647642065,0.167673425481639,0.177648197018241,0.172129180437009,0.15273976688012,0.181581677449008,0.181699941434248,0.181859870532181,0.181598299258289,0.181673946643886,0.18158728204099
FF68_CN155,0.0806836936527805,0.0776200559132669,0.0738210022263001,0.0738422896601794,0.0736878190926348,0.073875938078013,0.0737657199999522,0.0741797503645945,0.0737515979305055,0.0738844597286662,0.077282136158131,0.073740989685667,0.077715759642174,0.073778761213611,0.0739230116428355,0.0738434664993,0.0737940976808736,0.0738073892858346,0.0737835979389327,0.0739533757614213,0.0738921091829498,0.0907437526401165,0.0738134445821605,0.0898720695727921,0.0859370241963866,0.104328227787738,0.352654340132562,0.109431265125359,0.0932181361816755,0.118894324477124,0.11020643903842,0.130117100515574,0.231538306150166,0.232728445222064,0.0924145804145042,0.425251897070576,0.651304643090678,0.642823731102412,0.610050326540422,0.258055600561746,0.208115405876392,0.202929572481495,0.0923772762836578,0.328932798152599,0.0943864912102788,0.827678239877585,0.121585688774833,0.107946945485638,0.58024610377236,0.117908020618008,0.0885156998885198,0.0775986850156199,0.0738730919635441,0.238145636007049,0.0739046287480622,0.10389779261961,0.0740269615919633,0.107060752242349,0.118726549785053,0.0776531117383518,0.116913487231424,0.0866057442472979,1.25801196297882,0.0785345600664638,0.0841415766708705,0.112450738012344,0.1547593313139,0.109999632515518,0.0911629994902223,0.146738621846411,0.104473233564058,0.102491106803151,0.106187708715615,0.118609433426616,0.669231162156943,0.112504730723486,0.124994186281744,0.112809865910781,0.0895340496611355,0.337253889545829,0.101473483165312,0.11595566120975,0.0828988262131812,0.0863126236693223,0.0906431412416852,0.088114798374492,0.153321175483938,0.177941154841871,0.136452413608074,0.123152145108068,0.0902218912611615,0.100980525289013,0.0990992394518987,0.238386408110102,0.103876734711091,0.114105745229618,0.645375260204194,0.101099628085116,0.13336147069705,0.142567194561119,0.681635125778236,0.14817965717635,0.126515163208113,0.116696740173822,0.273948766979853,0.095077529472597,0.146884921311126,0.144924674576847,0.116240564779823,0.108041501587743,0.0908649921086646,0.153080561962043,0.210299907234151,0.55363590584127,0.126555250855603,0.27525312621746,0.134362030167641,0.103360323516149,0.140895465378043,0.108446179837247,0.12641383819447,0.133583876598083,0.108070622096195,0.106589010855727,0.154847773695042,0.219444769319021,0.0739611545845445,0.0910836963916123,0.334220044198094,0.336628065698181,0.0910351413449181,0.113652190597917,0.12832569680959,0.339147461249507,0.090060150999475,0.0857513506993936,0.115174185782249,0.0834544361664906,0.0910198173972206,0.121723341393244,0.23530475888958,0.0706306790074143,0.0739365536390987,0.0852794173461068,0.0737244096082699,0.0741677900067239,0.0936426662882587,0.18512147180844,0.0827577056752348,0.0852289551523273,0.131976472940554,0.112480851739628,0.0832686333006584,0.132191513164112,0.0832584173355266,0.214326040793126,0.0942712611329848,0.116240769266054,0.0925354317765337,0.122664770957809,0.0895467403269709,0.0972193724988301,0.0839057164105306,0.126430727087807,0.0739131170132084,0.0738071973191696,0.0737422332958015,0.073798492048228,0.073762757036209,0.0738577095912095
FF68_CN156,0.195214824492598,0.215212309153806,0.206690499919506,0.20667773413628,0.20626006057819,0.20635737098462,0.206625994946859,0.206092920210752,0.206587751848629,0.206683722661592,0.215981118954602,0.206553022575008,0.21496819015368,0.206071482542091,0.206539947975842,0.206260340181811,0.206438702252778,0.206665535906672,0.206668703356646,0.206684532260136,0.206681439927553,0.172543356863245,0.206689327253574,0.160336209151893,0.167191776945825,0.169012543205187,0.0745979914763029,0.1335354968253,0.168218448056052,0.133946785405183,0.139519394071472,0.138890999539788,0.14942842537167,0.148719388147908,0.167034631364535,0.0529256018356687,0.0101402593214459,0.0177502018575992,0.0208241932774609,0.11242369992489,0.114404729137255,0.11912199694188,0.161467226664143,0.0899269762121865,0.161939080726851,0.0810311783556622,0.146539122576346,0.136840620283078,0.0211882830968697,0.136827650013621,0.182739052819008,0.200745989225177,0.201755212234826,0.134440340047419,0.206761356484854,0.164049482951899,0.206314007384259,0.147116787830195,0.143094693917563,0.215211311761786,0.170488650010194,0.177557860009579,0.0785345600664638,0.724052085803869,0.18166525389251,0.156215027054586,0.154950400743457,0.179484742102833,0.155161993913421,0.131927830256904,0.14093594530524,0.16340757563627,0.130983646388014,0.142461103766357,0.00113777807741069,0.145497561530012,0.139300314201571,0.143035163385454,0.170074394293379,0.131724508346291,0.148400464746236,0.148342628528606,0.200184010986414,0.188068832000378,0.168377642672832,0.173558806269942,0.141123258865263,0.138778056369721,0.175767791723873,0.148913633373815,0.154496149189297,0.154715312522965,0.176908232295464,0.134300851226125,0.172329606154893,0.141385439424657,0.0130746450707397,0.139375673637171,0.133815743117152,0.145969198586924,0.00135707495310719,0.136326529380869,0.147674501070443,0.14178000186555,0.132523148097562,0.167538038904514,0.137234610997163,0.138206488144082,0.150525289510293,0.138894655252801,0.18128715467974,0.127349329311984,0.126615065164521,0.0316372081229722,0.134827574369532,0.132228425015252,0.136118838142032,0.136786623398748,0.136005511038635,0.151410218277507,0.136701686495837,0.135989114581526,0.149315682514645,0.142258566415158,0.133444137385487,0.144594608762225,0.206532686628077,0.170532919192431,0.132561378676226,0.131973426513043,0.170822767990724,0.140840366771984,0.142289873674315,0.131332967293779,0.15068574860315,0.15709377950301,0.142734109576385,0.176998853080936,0.19136423610244,0.137506527605027,0.14477663906577,0.195439496434916,0.206204444496773,0.157391590744715,0.206356953665783,0.206456254683066,0.170166859628111,0.140707792923821,0.17035699843666,0.190553656859241,0.158145180927522,0.158982877548755,0.177678569483204,0.158011885117771,0.177654164677612,0.145382694520106,0.157794219958728,0.142649268656807,0.175763142792028,0.142809606727201,0.175589517289861,0.148595265006196,0.170551519092999,0.13972306235672,0.206515864505754,0.206620649092556,0.206723113386624,0.206329585896447,0.206430773194874,0.206478902576354
FF68_CN157,0.176663921328673,0.180869226557159,0.185650874138781,0.185552265870768,0.185304858398206,0.185397912152497,0.185584240840064,0.185041943357658,0.185260092606552,0.185594435939254,0.181343617918397,0.185497789069775,0.180757773215341,0.185191481216548,0.185537213180314,0.185078825996479,0.185343739994256,0.185596823003002,0.185576578866216,0.185568286740923,0.185400603858997,0.164046666049749,0.185587270574822,0.15569675461763,0.152413686460392,0.154404009363258,0.0939085901976217,0.151884092163386,0.172668364720891,0.151399355468177,0.158515000534565,0.154792019898409,0.140425192953728,0.140300026514923,0.156446505467136,0.075585476347728,0.0353803744712777,0.0410322570238586,0.0451264260728423,0.123093294805663,0.129286281308777,0.132823747029098,0.161289453012736,0.110245692048236,0.156714336523585,0.0874270944896822,0.154331220611695,0.15375472385059,0.046629879781243,0.152786844618131,0.178078315024053,0.177503545962933,0.176810108117302,0.141906804194196,0.185388292953303,0.161393628314036,0.185316238682893,0.159738057716332,0.158493429323876,0.180893769077968,0.157176266744347,0.169103026275442,0.0841415766708705,0.18166525389251,0.72676390894495,0.155412234980886,0.151901515224834,0.173078776931216,0.154755779930597,0.146446857554656,0.15826578189825,0.158936258861465,0.144007169901212,0.156716928073563,0.0266070430006823,0.158111027553896,0.158378925381358,0.15935617342171,0.170606772107029,0.132427152245469,0.182720018906849,0.151505617363663,0.17612287162959,0.183159789497362,0.166380150232345,0.174581408521508,0.14912535173943,0.147740024301053,0.161018078919361,0.15584163102511,0.1534039047702,0.171059734145982,0.176426108016176,0.141799240263939,0.16448843977068,0.159336747229844,0.0351804453628101,0.157277320500746,0.157091413305204,0.161346650732546,0.0260289270424892,0.15384365866796,0.157735394695453,0.156126634751704,0.135749277272669,0.170156885707905,0.150988150352062,0.155438421737913,0.161285692970014,0.161756011299402,0.171290703429551,0.143287950097826,0.148542086066787,0.0529753921461205,0.153785580405403,0.135508471784109,0.156817105460404,0.157606205303059,0.153941211119315,0.165489391520978,0.153411470760716,0.151637573579947,0.16875398080011,0.157568621568592,0.15153023917505,0.142722687559814,0.185227729530737,0.162410813767096,0.132914267658048,0.132444082870689,0.162536072016046,0.161877747377366,0.155402077440392,0.132020712910473,0.156255874222359,0.151037569248749,0.162252574810453,0.16685341900591,0.168299153345955,0.154835654756014,0.143321869772903,0.179274446794452,0.185054855202477,0.150701139321861,0.18520807381351,0.185348522468129,0.161929824595045,0.14143668617785,0.169160466040178,0.178401920743077,0.154229357256753,0.154473960346729,0.154985943788811,0.154097480331047,0.154907621389468,0.150306518456332,0.158155622244826,0.161535621048352,0.156707116907704,0.160929052291847,0.164312523188098,0.162673728807644,0.169848048902525,0.158249727642587,0.185460631000522,0.185458289841846,0.185614671729664,0.185342458825426,0.185440808355761,0.185458431730251
FF68_CN158,0.15950494341394,0.157038655857821,0.147622949674499,0.147547752993246,0.147190382007113,0.147998553320623,0.147566958006128,0.147462386251933,0.147361286590462,0.147604821344216,0.157007215056635,0.14746206074324,0.156989633414029,0.147615471320938,0.147634150512086,0.14777666072176,0.147787594475291,0.147564641886582,0.147616051394122,0.147634718065704,0.148086378069886,0.157747117181587,0.147560764994586,0.181402263734571,0.189146762383364,0.192238848748001,0.105557924512204,0.173391832830039,0.165016619356828,0.16348854383704,0.164703050155836,0.162464931673889,0.151720515698816,0.151684738954913,0.173799044204883,0.0953061325583602,0.0572946254171288,0.0648513598015545,0.0721089308312439,0.133554313731664,0.148206686917427,0.15629593265753,0.161336572482631,0.132645201337842,0.186934734675111,0.114392572639531,0.169988902356415,0.172511957793943,0.0560671738680068,0.168526821637523,0.154671990654488,0.159231453514061,0.15712551660057,0.152803420522339,0.148215955568799,0.159571368053238,0.148102753661053,0.16102315351642,0.164299799136755,0.157089447733481,0.173927198646562,0.156659709487811,0.112450738012344,0.156215027054586,0.155412234980886,0.757305904088245,0.167242076385258,0.170523663060624,0.16662291294625,0.157908899175157,0.168474239464051,0.174635088243521,0.154336942052951,0.161308023700986,0.0434580062281445,0.167658994596253,0.165506276241126,0.173503453099392,0.155305113408597,0.153697939276429,0.169128115483927,0.170896383033584,0.157772740558183,0.158643897803773,0.157822447404868,0.160070777678758,0.165781218410558,0.158206718763238,0.155845123983776,0.160014155858943,0.176050299883822,0.168281855480158,0.154249956114551,0.152778861308777,0.162629997966707,0.16753961219653,0.0537007256704698,0.174649723615138,0.159022101346252,0.167367272036382,0.0439014867831194,0.170571888425437,0.166872594806474,0.172058161117315,0.153969463604585,0.167810347792085,0.163172403952011,0.171078367432057,0.166740888981492,0.176547464333998,0.164027022852087,0.156931525939154,0.156299421443008,0.0709919686174267,0.16265744919981,0.153793926782145,0.166891478483852,0.168993755511141,0.17251186181061,0.163478419682052,0.164106605554318,0.161472155199609,0.16798382305947,0.16245555451962,0.159269129058672,0.165708905402469,0.148083060385131,0.167298456160147,0.15358202896943,0.153533252743752,0.167176828585081,0.169532213660247,0.173705268489004,0.153473117099329,0.174501600467105,0.189226420202985,0.168184515861409,0.173277712820851,0.169836101064219,0.167139804057855,0.160699948423479,0.15468051647833,0.147776810956541,0.189752671776106,0.147242580247255,0.148082538736585,0.158677329215811,0.158045729675458,0.163187260502611,0.152267791794949,0.16770195757053,0.175477997177029,0.185148167694448,0.167736799520238,0.185369939270848,0.150775046487908,0.168204455355445,0.164464494015808,0.185599439592111,0.16410055443118,0.150734808605637,0.162484604083869,0.1655732475681,0.163958903898311,0.148022962299404,0.147802822439656,0.147586747265382,0.147272677281785,0.147404370587202,0.147996642000349
FF68_CN159,0.153849580422258,0.155576804664288,0.151262696068599,0.151271213546064,0.151095459717828,0.15133820573898,0.151254237015772,0.151280202593815,0.151257141554878,0.151226831687741,0.155512729530043,0.151247952194085,0.155561835437602,0.151228258918164,0.151254741971565,0.151358942311995,0.151311701819637,0.151228509309466,0.151253669462153,0.151312774329049,0.151526061813491,0.162971757055144,0.151243787352091,0.163701284633806,0.169029423752146,0.167887560123321,0.128008526147033,0.165346359662757,0.154685323991333,0.156552637993782,0.16122425529082,0.163347076924459,0.147183233335434,0.147243940706664,0.164202021333228,0.13960116352441,0.0990058685352907,0.102271188122388,0.108253182394663,0.155299729995598,0.162892445610157,0.140431698954398,0.154032466229419,0.14765091838296,0.163724228823468,0.131645092571595,0.165261489530861,0.15791053089181,0.105347453929911,0.158664467449253,0.156378507535823,0.152533210748519,0.155412522930884,0.148198031724746,0.151573344037732,0.155924435428763,0.15142821723895,0.15991744221845,0.158488358900005,0.155615536025557,0.166964334006429,0.160155439151236,0.1547593313139,0.154950400743457,0.151901515224834,0.167242076385258,0.760467036624528,0.156200337431521,0.161301697147416,0.155050156638272,0.163030290195232,0.159179493145656,0.151915925244278,0.166779549398559,0.0893975238035851,0.160021450592215,0.15843983306563,0.165406900106452,0.154632161744678,0.142077587755082,0.16116564703334,0.160779339159045,0.153790241856814,0.159505469235675,0.154762932775464,0.157906578882423,0.214005848742189,0.220888358640243,0.207231027970044,0.163629071782238,0.1598845533209,0.155232687724422,0.153167656403341,0.148133034315871,0.159933008211073,0.167957072922013,0.0949245821188078,0.159930529337181,0.14765785839522,0.156284677568494,0.0903184588400615,0.157954770861729,0.16483254836417,0.166651102833695,0.14592540932135,0.153545905850893,0.165054153013035,0.161001052310808,0.166000540325385,0.164116220580324,0.161632255398266,0.148882505561757,0.140511807478364,0.0690249947034947,0.161277183838926,0.145732136448334,0.169010181180569,0.163506530278918,0.162091886192236,0.16402570829775,0.157145159798231,0.161447633544743,0.15725382127703,0.164399025036647,0.154006087505727,0.155136399749143,0.151448252716318,0.156806117455424,0.142072350403677,0.14199803426517,0.156752596314568,0.158136755260202,0.163047629792913,0.14180310463637,0.155205086256537,0.166064156408909,0.158264696869273,0.159777339938466,0.160839975586073,0.161295020046023,0.144700211293948,0.155388138991233,0.151396692973997,0.16589586424148,0.151138435211671,0.151488878705107,0.163975041617741,0.245887021457317,0.153132647526099,0.152427725066071,0.14728452496357,0.158888713726357,0.168040991566961,0.147254807689182,0.168142157999446,0.191379560050138,0.171715792743376,0.16024149446863,0.164239867978562,0.150345491862526,0.175579067626181,0.151753892859406,0.149559321598108,0.15546932002461,0.151438525014226,0.151343246950532,0.151259127992542,0.151160018941924,0.151202322552439,0.151347645491075
FF68_CN16,0.168260893554971,0.179623759353841,0.183019157222455,0.182892880715543,0.182581623460908,0.183052809813477,0.182930531221025,0.182261243616495,0.182665976117447,0.182992515587896,0.179571035291964,0.182873876015703,0.179485347215147,0.182655538973332,0.182855125880353,0.182608152419381,0.182806378866994,0.182975038274999,0.182898748218393,0.182915286563906,0.182982428991604,0.168275253496155,0.182916534347229,0.166659365746669,0.159407678912582,0.165135342392789,0.0886767682668786,0.150227858028731,0.16643835786374,0.156075600831118,0.16130271123219,0.149300542187235,0.148457099085616,0.148143930510707,0.156989541603885,0.0814003761576372,0.0400317893634119,0.0463356491351607,0.0419690126174487,0.124179054090032,0.128991466416323,0.129510256328637,0.158874115913436,0.108871815838748,0.16025973130181,0.111782552129545,0.151877573643151,0.154232491321219,0.0570114578934176,0.149520886533213,0.173062163468312,0.170497409532584,0.170474394398719,0.139629808289387,0.183107040396355,0.16409194931676,0.1831506251757,0.157199277705024,0.159203184336037,0.179368072275551,0.170133828842156,0.169018915663829,0.109999632515518,0.179484742102833,0.173078776931216,0.170523663060624,0.156200337431521,0.726810836162549,0.159596615842881,0.147453159332445,0.152540897761498,0.164386505471535,0.146534515376384,0.154283145481664,0.0221172974260319,0.152080373905217,0.155184620940767,0.155798634665326,0.162292424586206,0.138707446022488,0.155172698141592,0.148317697901279,0.171711874119496,0.169154298067765,0.166149185121964,0.173267125441955,0.149138434684972,0.148456873733444,0.162061271682348,0.164075728133563,0.154081025449301,0.160553210773986,0.178449749654995,0.139657747785529,0.172136537768107,0.152922994888727,0.0333127975052911,0.151167209345487,0.158780907751174,0.16089221138491,0.0307867582380783,0.16087737987344,0.153608173994573,0.150096690545049,0.140864667247867,0.16353313852797,0.152996893708397,0.159535762410058,0.162912047075935,0.151924876733333,0.1720770781802,0.135414875515329,0.143220164999119,0.0664338203121909,0.148951046007559,0.140635922273699,0.150755945804735,0.15770087408125,0.15053549295586,0.156100948777282,0.14925941958903,0.167275407640776,0.15302170748645,0.151656444737759,0.144374410477841,0.148077159496775,0.183055731045336,0.17065200529578,0.139086016805543,0.138728633299846,0.170674394451389,0.151351359628725,0.158846022009324,0.138419483505338,0.156426453297015,0.152856182142911,0.158067889305707,0.167302099353595,0.166169721381936,0.155765336795315,0.150151981117773,0.174407278063548,0.182536649009836,0.153746377473848,0.182528114839618,0.183023284505754,0.16814839691606,0.146951492012016,0.165126891686338,0.175707063486701,0.161731310197435,0.15592721059903,0.165062461831081,0.161687404082586,0.165072819684617,0.15951255113634,0.15992315531333,0.166097646245584,0.166932617774811,0.147306659554689,0.166441162246326,0.150953350134238,0.180135271225636,0.151372000218407,0.183082184886419,0.182886875497478,0.182968765972878,0.182638378822751,0.182780713758513,0.183040966304881
FF68_CN160,0.151347557854119,0.156624829979408,0.15820689403715,0.158104738559021,0.159235776937213,0.15818875736049,0.158216171034898,0.159163701800861,0.159258408137748,0.158164644678084,0.15654585656268,0.158795175882214,0.156613407962838,0.159330975710327,0.158227317621036,0.159202712765751,0.158658862857271,0.158201084958937,0.158125504344354,0.158154103204259,0.158067296712958,0.172019450621988,0.158095757857647,0.175591712386944,0.193215191206476,0.171207928238217,0.0879117518943116,0.163106121201118,0.160932140451241,0.169483817194711,0.1601581433773,0.168475103314044,0.171417952289353,0.170761413775296,0.176966481658744,0.0815533777628751,0.0315721648090254,0.0386060404224753,0.0404292855557292,0.139824141152249,0.12859465045371,0.153968032200974,0.164187598794218,0.118097162034537,0.165632097870505,0.102494299292255,0.15942154224435,0.161663658640756,0.0406905062817984,0.172043304566715,0.162286920150745,0.152489404790191,0.152167714564629,0.155841739528008,0.158186942023549,0.192088421999988,0.158067355137596,0.165234180186162,0.160362174729936,0.156721026144543,0.163752159973234,0.16672859894174,0.0911629994902223,0.155161993913421,0.154755779930597,0.16662291294625,0.161301697147416,0.159596615842881,0.767354472377269,0.159978120377362,0.16817534319337,0.180653773187952,0.151241425327473,0.159200759713594,0.0198709661093712,0.176904931303463,0.154965165483913,0.156356018223693,0.169488057154096,0.151861682141835,0.160325847125169,0.166667177955299,0.150821406437519,0.153570456718078,0.152262329091372,0.157984796952056,0.154858427844953,0.163679133349934,0.155754803667867,0.15935202527247,0.175527219933862,0.151604071223706,0.158319803821709,0.155742688902027,0.176395789802662,0.160777699096015,0.0328038897030388,0.160689811748927,0.144618788215645,0.146464760532767,0.0210288547815407,0.152673154447345,0.156470534685775,0.156502714141303,0.15177493824836,0.154625146615026,0.147306930811933,0.154260823097068,0.17111934396867,0.162823087219435,0.164841241115546,0.164266935278335,0.153257822311281,0.0535628852585828,0.153720386856675,0.151762573091217,0.158700749148948,0.156751402782694,0.155403446246178,0.157501149459013,0.164670390783646,0.180394171658971,0.159738466688793,0.175038706503178,0.159599507862422,0.172075216938187,0.158027797485029,0.188111135610893,0.151839418181877,0.151890673281446,0.187792283153423,0.159368526059288,0.166179286329682,0.151765978412927,0.182264093904152,0.189607878832393,0.168511347455044,0.177763293553508,0.167315232377398,0.173206731059853,0.17212103437331,0.170163158010026,0.15921634239897,0.194717835316333,0.15919574771436,0.158194704153918,0.179491427550603,0.158453437659719,0.161741196480685,0.154286642613518,0.192651393457583,0.174354019833561,0.196118757959652,0.192757179609594,0.196356846702582,0.150574762658429,0.182107878943868,0.162434559208926,0.18093392766966,0.153574341956451,0.164775863946529,0.153885945585721,0.163069405489832,0.166097650418773,0.158275597237298,0.158061132913735,0.158147280041273,0.159295370067148,0.158793531645996,0.158200325438654
FF68_CN161,0.145138583866357,0.131722768126741,0.12996690746611,0.129959817219068,0.129952201150291,0.130060153187067,0.129905949703578,0.130178801105636,0.129942907459789,0.129912597592652,0.132086486532385,0.129951454149573,0.131841883442408,0.13003675829306,0.129965338347282,0.13000356057957,0.129966252275536,0.129913565772354,0.129955043091572,0.129981513625408,0.129942949191673,0.139861215757735,0.129923168278796,0.152039718704109,0.151321283460137,0.146896831590736,0.155705384771181,0.172028126680611,0.156431502854943,0.190243572270538,0.174460557159478,0.166342583190631,0.151252125382456,0.151820083800155,0.157325641848891,0.152736015183774,0.142516189852851,0.148754071516458,0.147504013805931,0.163161299097756,0.158819781000848,0.192974636109219,0.160486502357879,0.170371041215528,0.15956288396128,0.148058275819397,0.166440824218068,0.170993593283493,0.147272881768015,0.178810025180233,0.143288125371737,0.140264362447106,0.139437549501145,0.174756945343948,0.130017899654812,0.153888578867583,0.130042329499535,0.175965972266413,0.176249481991571,0.131841666436613,0.147097361638329,0.156403442336338,0.146738621846411,0.131927830256904,0.146446857554656,0.157908899175157,0.155050156638272,0.147453159332445,0.159978120377362,0.882341529196701,0.173494092637877,0.158037533533498,0.176761536377854,0.182141339568225,0.140931634401653,0.186167468954012,0.174797679835635,0.168459161734467,0.157109775334035,0.165108446193739,0.165843949778148,0.171008316292065,0.13944201898589,0.149838144832725,0.151196100328578,0.150566224315022,0.15357014372895,0.167669097885299,0.137688215707126,0.160402062064384,0.158994445626919,0.175972048428681,0.147542732647636,0.174652219181783,0.15040757221273,0.170814947435717,0.129263946404616,0.165678670652723,0.177973976968407,0.170915033012413,0.138314582069262,0.170331938440494,0.166504235815362,0.171472003425132,0.178909739343164,0.167578911111418,0.173947250816683,0.169220889634598,0.16280829326666,0.170561743404508,0.146584522692631,0.171187604810851,0.175925976429068,0.140909449732274,0.164638762188984,0.179022945424099,0.184769968325157,0.181015801452306,0.17812906516783,0.171054392464867,0.169827387446901,0.182147265495712,0.156987313121295,0.171367406631806,0.181470958588343,0.162337478327857,0.129974394166047,0.140263590407258,0.164515790847262,0.164869268248644,0.140224967548886,0.175846089084086,0.177091986125807,0.165178042456198,0.153404055004981,0.161406911572621,0.179348846396727,0.144084724433894,0.141011313087216,0.181496623696823,0.15237094049191,0.135695689360799,0.130061175618217,0.154587600439254,0.129924941883853,0.130044816719804,0.150491628572895,0.13597412031571,0.15659567608545,0.138324259693094,0.140040654511302,0.151209245871946,0.142042311793784,0.14001945054119,0.1421229044076,0.140246058842912,0.15615087680295,0.166811169646844,0.140898048581645,0.171379271006344,0.136031464097113,0.188650086196226,0.160775132585167,0.171309983559824,0.12996821367407,0.12992756264615,0.129926448404855,0.129960714454568,0.129930654978733,0.129964595519752
FF68_CN162,0.154880971408532,0.142158280525419,0.143002524879206,0.143040838921638,0.142722487246773,0.143050366310688,0.143044436210014,0.14299874814373,0.142710355788179,0.143002132599499,0.142279369759186,0.142888459121467,0.14223837652982,0.142727586882962,0.143088217129211,0.142749016205246,0.142864237936163,0.143039282322376,0.14304741586651,0.143028482110872,0.14299275544523,0.164759413237972,0.143031148778241,0.154700455972365,0.157084410695118,0.154153334284202,0.11616992939346,0.190886844218764,0.159515777010951,0.173288947043946,0.184882590159719,0.175293942877124,0.153625538631384,0.153746548574572,0.152493961911892,0.101208151848698,0.0645821849784506,0.0679347659343807,0.077343365177907,0.147359517158593,0.149258960538309,0.153685357113491,0.163338788972354,0.133445623040547,0.16617946994997,0.112218303939657,0.173099267286117,0.166891219746173,0.0715097694840968,0.179492128646249,0.155980372845685,0.151361784253275,0.145188616221734,0.167157022633073,0.14299534282202,0.167293106132656,0.142992813869867,0.180559939047435,0.177972336905377,0.142345994711526,0.153581281968712,0.15801065820039,0.104473233564058,0.14093594530524,0.15826578189825,0.168474239464051,0.163030290195232,0.152540897761498,0.16817534319337,0.173494092637877,0.791003538692292,0.172545952586411,0.171689355595047,0.175878005628745,0.054908571580626,0.175753189737764,0.177052616266717,0.179004637646716,0.159692473979758,0.152549523741861,0.180748946921937,0.176339393335019,0.154815957306904,0.146958849343114,0.153941970639599,0.159947505867474,0.157869692070413,0.167728311255092,0.145232751861944,0.183115178113678,0.158177498098266,0.173521965363005,0.153422208374394,0.16715800333234,0.154113317580915,0.185990951432304,0.0670298934999435,0.185246120771887,0.169083579217634,0.167903071864495,0.0540913736606706,0.173526885552094,0.176560906173741,0.183168903740764,0.16605923621982,0.155283191650085,0.178340445505187,0.179379010202271,0.170335093370902,0.187016871368624,0.154914411166947,0.169642060324543,0.163117330385082,0.0866651328910025,0.174633711091359,0.166034810548286,0.17351641919566,0.175221408690051,0.189289627314049,0.173442703996279,0.171004681444995,0.169525202703784,0.172212268617472,0.174511273917748,0.171652610671442,0.160571297372385,0.142968154499784,0.162253075593057,0.152397431891688,0.152428822614613,0.162093138148747,0.173874879383957,0.180647329785108,0.152444597266654,0.17888044773399,0.172622810196636,0.173458678961362,0.154050586213325,0.149154618309474,0.183141439988096,0.160262393795991,0.146801624471245,0.142802374591755,0.168742717364697,0.142759787204431,0.142951315684708,0.158283050551728,0.1439705710392,0.166216039599664,0.150138217942526,0.168045498610402,0.158547334398061,0.146270206490921,0.168097367168662,0.146278436018388,0.16035481322565,0.168246483535527,0.182798065875759,0.149342157221669,0.167123657992049,0.143474550042637,0.179599354548248,0.159396306974272,0.177898191867593,0.143025114347857,0.14302490151525,0.143014564527656,0.142765053768155,0.142941441921023,0.142994537396664
FF68_CN163,0.158668027178933,0.164413531039424,0.15920481605269,0.159106207784677,0.158814814906687,0.159224279803251,0.159206998630208,0.158717199857506,0.158721807057467,0.159188816048476,0.164486378215625,0.159019806092648,0.164344644218988,0.158927040288354,0.15919331474554,0.158748406960143,0.158965788342377,0.159135866634428,0.159132649106194,0.159163376292168,0.159090758641328,0.166533072547004,0.159120638670063,0.171332669011808,0.176660808130149,0.177510348259978,0.0948824663017699,0.1655591088059,0.160428883146043,0.164469927507067,0.16368167899484,0.165002121700428,0.161131489486525,0.160957371548131,0.172063974368716,0.0880764342537994,0.0425654154870826,0.0484336778566889,0.0526739919624173,0.133914935631537,0.137869632551981,0.146437042215608,0.158597642183871,0.119195115375325,0.176837471713449,0.108462572121167,0.16529333095813,0.158999440933399,0.0489963905766054,0.169399660678026,0.161558060282222,0.159274954829638,0.156710008927245,0.152361663494162,0.159110372626671,0.180703033503481,0.159180206760868,0.168615117957072,0.161033043972859,0.164471417335315,0.172962582847409,0.160969085687888,0.102491106803151,0.16340757563627,0.158936258861465,0.174635088243521,0.159179493145656,0.164386505471535,0.180653773187952,0.158037533533498,0.172545952586411,0.752971378068179,0.15470111116294,0.15707997459588,0.0323441128474762,0.167928807917178,0.156937860839101,0.167743009224534,0.163427740482477,0.15089374031155,0.165982674905969,0.171901887732395,0.158524265012748,0.15807940730561,0.163706784896078,0.158458441312575,0.14908472575064,0.152092972760909,0.154584670861018,0.164432786130567,0.166696532162299,0.155372364339192,0.158357850780086,0.152238491839398,0.170356046949712,0.163599596552775,0.0426975052453947,0.165318658038352,0.146164399472968,0.153059470668017,0.0327372230188158,0.162003473023413,0.16139167108869,0.162027585705819,0.152642322931662,0.160489131466552,0.159169247968206,0.157382105087548,0.166932663679883,0.166138756324225,0.162814102344872,0.158085304020778,0.148666050627341,0.0646873827109014,0.153024870763235,0.152511480956673,0.160898337625438,0.162968689761691,0.166666284892988,0.149085485270924,0.15526363608938,0.172878789398112,0.165874877277164,0.164506067318358,0.154511836204383,0.168251770965193,0.158957613066358,0.179640134945008,0.150867929141477,0.150818443473776,0.179446853725615,0.165838374398484,0.163442705535975,0.15065472929399,0.177004737276539,0.17194818508418,0.166218167925733,0.174461996909466,0.174141930054181,0.167303910517348,0.162638369382579,0.161577227736409,0.158723726724118,0.174043012970228,0.158772657357765,0.159258604277601,0.160912296940538,0.150837314631588,0.16117763660353,0.156836823775456,0.17443265939522,0.169452221985556,0.181818981632524,0.17446111636672,0.181923695275124,0.157461762907169,0.173096283456432,0.16735072951768,0.180991839004681,0.155178127459662,0.160269225305354,0.164833082532281,0.164026889310059,0.165722092677721,0.159253654876193,0.159076790979851,0.159187059136172,0.158868023058414,0.159070660566135,0.159252874489968
FF68_CN164,0.134566562302881,0.131079387675617,0.131758332038036,0.131762592863363,0.131532921441377,0.131703304376179,0.131748454101163,0.13170063770881,0.131593862511155,0.131684867229957,0.131213956307821,0.13167051563515,0.131112660506497,0.131488360135954,0.131832673215674,0.13153603881309,0.131633524493431,0.131758198496009,0.13174221101136,0.131763006009012,0.131720184923139,0.150261719279171,0.131716011734768,0.195808827778919,0.145379080538977,0.147863175089875,0.197900241996879,0.167104682504527,0.161436699791211,0.203995479908784,0.176041277450564,0.163698576234553,0.142405466818998,0.142923054853061,0.172258770455487,0.136977972431925,0.173740235634362,0.13392256004669,0.133564270959117,0.20723546824247,0.161124841597451,0.189627572108315,0.146438924323563,0.196882263638029,0.159640296605558,0.111768980920963,0.173277800457807,0.165514656003374,0.236451955853143,0.178912268295317,0.150601846650955,0.134847146622991,0.134853218612071,0.14034483403846,0.131756825517035,0.148267043740834,0.131729466094076,0.162190819968942,0.175905486074167,0.131140821181623,0.147906209008354,0.143222802454169,0.106187708715615,0.130983646388014,0.144007169901212,0.154336942052951,0.151915925244278,0.146534515376384,0.151241425327473,0.176761536377854,0.171689355595047,0.15470111116294,0.904610480436991,0.161239132707361,0.214620041913848,0.163820838134252,0.168833484211761,0.167835645659988,0.147068416403789,0.137530389896131,0.168610857131745,0.178417812244393,0.132134140170391,0.144535149174318,0.143112091939881,0.146311074524636,0.153295673129804,0.153827258037662,0.132688861234577,0.186843759168628,0.157900569491169,0.16837613615183,0.150695576461763,0.140254296716756,0.158619447093109,0.179876733859689,0.194949847896995,0.175961406798336,0.241332908625236,0.161801624248294,0.219957253543707,0.171441589228285,0.163435273087487,0.166042017644602,0.143211409649917,0.15249483828145,0.160345202372833,0.169874369201579,0.167802848572582,0.174745406478103,0.145780098902279,0.151430437375163,0.159197416989709,0.217953518013416,0.159643664368573,0.143050061667937,0.168948075791235,0.175812127677124,0.165019369487964,0.16358547031014,0.175295850024209,0.167350516685073,0.169599147428526,0.169388856293334,0.165956963892417,0.14693557547157,0.131688489557463,0.149113253666343,0.137290327235102,0.137396918812468,0.148936999055503,0.169082352300253,0.166967622478865,0.137382187457519,0.168520929095543,0.148698760077792,0.171547195933197,0.141477608463014,0.135709736312855,0.166496974467596,0.140378615998322,0.131055312551906,0.131560310076654,0.149048360587177,0.131551775906436,0.131724149452091,0.152246162159623,0.136812764250703,0.14362290271603,0.137031739790894,0.143756795291718,0.1465518424545,0.13946002629371,0.143761840676458,0.139545585001687,0.191651601853653,0.150508767857533,0.166846725211764,0.146110402588638,0.151254612602725,0.136478496035391,0.152801354794096,0.14996402905993,0.165982157430611,0.131714943398545,0.131701251167501,0.131761148940187,0.131564846332413,0.131732721181005,0.13172125743255
FF68_CN165,0.148763310955511,0.142758326588501,0.143877834447224,0.143870034758159,0.143583607974331,0.143802942408722,0.143843126039545,0.143798147415284,0.143678602261215,0.14384055118232,0.142404799108858,0.143754545943186,0.14288240799833,0.143519891734285,0.143891873052904,0.14355550989703,0.143662218323671,0.143852160992367,0.143851071790203,0.143902372794845,0.14380066802106,0.158411184127465,0.143814230883265,0.158243976989012,0.153568983582583,0.153774350355498,0.118698948317169,0.175652853769765,0.163081290730312,0.174348711537953,0.179583625801279,0.174787259384274,0.152298740159907,0.152853928621191,0.163081532775237,0.109778069598536,0.0709769534856686,0.0775000308425347,0.082482421304356,0.146136297222479,0.145143345474288,0.153946999331585,0.169908789659261,0.13742332257529,0.164106338470262,0.122703005709662,0.17556372698573,0.178467043347603,0.0793574752544871,0.174196711497924,0.154977079936711,0.146929758046981,0.145111854594842,0.171644810982378,0.143872071274084,0.155173566164773,0.143882312278346,0.175607182396235,0.178302085557683,0.142805571254047,0.159326911024854,0.163835035321089,0.118609433426616,0.142461103766357,0.156716928073563,0.161308023700986,0.166779549398559,0.154283145481664,0.159200759713594,0.182141339568225,0.175878005628745,0.15707997459588,0.161239132707361,0.767959257690214,0.0641765802811289,0.176904472252742,0.184074531522296,0.17565025387341,0.163746083810966,0.158678960932464,0.170580372517395,0.165572759305061,0.147881729085371,0.156179325428074,0.157139283949005,0.162752497738143,0.165836584100673,0.167896307126146,0.149372913619962,0.172161960831662,0.164892224957872,0.173737493849603,0.160145448538277,0.171596840182055,0.157491538606195,0.179709409871963,0.0754174846498621,0.172808750777685,0.169446671645023,0.173344350292756,0.0620845150457827,0.170840796164485,0.176195401643474,0.187065726884881,0.166130747975742,0.15993486110671,0.185392866767757,0.179390928828258,0.169508451525664,0.18611857587906,0.159804453143311,0.163561290856719,0.168516042291961,0.0869395450655118,0.176064513763413,0.166158821013912,0.175506262181864,0.182285890467013,0.176467739743363,0.17817524984353,0.170840658449269,0.184675195217257,0.170094442290313,0.174694168071286,0.171591456769057,0.161894264856937,0.143771810423476,0.152568340648225,0.158330353641911,0.158472417320429,0.152511981739277,0.181128072739046,0.174893613089903,0.158573325015235,0.161393978861859,0.157252606879214,0.17063141061117,0.15498832667937,0.151909239796508,0.177281306989436,0.152767706376262,0.150835369925808,0.143535795755166,0.155981841807991,0.143604590765459,0.143842232977233,0.160950410669929,0.146186726030751,0.167193508818999,0.148788717326312,0.146925267696294,0.160148403155643,0.149291578178615,0.146909739262367,0.149401257915376,0.148397735481042,0.171164986129881,0.175841844951513,0.147374732603393,0.177434546466411,0.147535254294075,0.177307005483423,0.169374467139831,0.172456629662523,0.143823804177388,0.143791666453744,0.143843760364177,0.143647457756404,0.143781988829912,0.143762011777182
FF68_CN166,0.0304521561676972,0.00165989402085615,0.000102677126674906,5.58581263430133e-05,0,0.000176767913009823,0.000101312494077564,0.000286902527303319,0.000131175830058944,0.000126405875751236,0.00132623091785865,8.15482739534237e-05,0.00197623421892688,0.000103712077390929,0.000308974520596358,0.000154228522619199,7.29348131561274e-05,0.000113185214992469,7.59144696527725e-05,0.000117992727995753,0.000151081938587596,0.0274123681997225,5.4681287222437e-05,0.0732439629507065,0.0201048566248002,0.0227684400075256,1.00387367073338,0.111441619332405,0.0368137436541793,0.100122284061431,0.0574414840890851,0.101395845168862,0.0142374288928682,0.0160121481917465,0.0581703189184775,1.16450021277341,1.75436546983536,1.64028765992869,1.60729503778159,0.506396285680361,0.477608104911746,0.294089120744934,0.042580626758694,0.676573373793168,0.0324633491856061,0.606947919880943,0.0590772570811583,0.12120124631574,1.63467042318597,0.097708582851972,0.0207722955068818,0.0286356298677207,0.0374912816521177,0.0288976351532034,0.000287753857730637,0.0280064466034339,0.000378161810595527,0.0486365782752764,0.0671272080795618,0.00169933482414889,0.0342349093808879,0.0293755612049909,0.669231162156943,0.00113777807741069,0.0266070430006823,0.0434580062281445,0.0893975238035851,0.0221172974260319,0.0198709661093712,0.140931634401653,0.054908571580626,0.0323441128474762,0.214620041913848,0.0641765802811289,2,0.0531973014377369,0.0589782732261915,0.0550837828943731,0.0409725386982729,0.0341672828633391,0.053004199665444,0.0816886975689863,0.0291839283950042,0.0242128305809142,0.0815542749983748,0.0304369574156509,0.134894633333462,0.1132306151087,0.107876593876083,0.0445571155421114,0.0626449658976023,0.0467023305045481,0.0213590875236975,0.028865272077388,0.0226241353268524,0.053864690241558,1.8056029251649,0.0508929210708387,0.184785880692415,0.0783837702510622,1.98343265587727,0.0740285724426744,0.0561347628268601,0.076271819773129,0.0339159484205206,0.0463443335401601,0.110685437599619,0.0760631895669085,0.0521280846720699,0.0641403152741868,0.0263318128812521,0.218328449776213,0.211226234030003,1.4646067915454,0.119005873802275,0.0336510219031781,0.0728737761030877,0.069503417364698,0.0710982263397237,0.0568234265449953,0.110852732375027,0.0619889114733964,0.0576219953520634,0.0580097638422883,0.154204105293921,0.0364120701003028,0.000235025622665974,0.00748213446910985,0.0333937198009888,0.0337358461300026,0.0073583785679739,0.0610653055963627,0.0494724303472493,0.0340091482364052,0.0419072786418797,0.0302607194975644,0.0507857327275351,0.0202869328334178,0.0159343975192102,0.0527079074643067,0.0199399489131403,0.00352648188852913,0.000233836263980226,0.0281457184189323,4.22660518194361e-05,0.000828306947398471,0.0182862395574493,0.212986731102913,0.0235538549248489,0.0159730203775816,0.0066930638387734,0.0681270414153763,0.00972412149667661,0.00664844828190126,0.00977917419766361,0.20409922954487,0.0474592341989224,0.0522744342150451,0.0157643776517962,0.111166639604277,0.102453414565786,0.0618463887441573,0.0211234400959645,0.103626218213193,0.000182731399191483,0.000112283806304362,7.92446739729361e-05,3.12154490134052e-05,7.21001754821855e-05,0.000151445005975811
FF68_CN167,0.157239770151785,0.145697590795,0.143206038756484,0.143223778980248,0.143002620862538,0.143258136840105,0.143185519189265,0.14329378004198,0.143042278671626,0.143183653774063,0.145705169305082,0.143140215056311,0.145741505256226,0.143072989164846,0.143264772209614,0.143119248957937,0.143147209320021,0.143216546844801,0.143219004852752,0.143256826458956,0.143279983481226,0.154546899333074,0.143206994416621,0.159167716408074,0.157374476499206,0.155466415485504,0.120193079122749,0.179346254846749,0.166123424030151,0.177011293355469,0.172410503411461,0.168559113769136,0.149528414965034,0.150054516303373,0.162309705759249,0.10504258999986,0.0649148173039208,0.0721203778869449,0.074714786499236,0.138453795460123,0.144064330062326,0.163205263637243,0.165053414358693,0.12901718994944,0.16895825837086,0.117331866058349,0.170600516497661,0.168803070014915,0.0720204717573483,0.183428726448729,0.155380088910866,0.150117326961542,0.148622219629883,0.157697936156637,0.143301725792638,0.173869537702843,0.143370141042788,0.17536459912943,0.181421548038033,0.145816489104872,0.151454988242348,0.164610501357337,0.112504730723486,0.145497561530012,0.158111027553896,0.167658994596253,0.160021450592215,0.152080373905217,0.176904931303463,0.186167468954012,0.175753189737764,0.167928807917178,0.163820838134252,0.176904472252742,0.0531973014377369,0.770318838802262,0.18496847437639,0.176483894155546,0.176245788719863,0.151744211062385,0.178699982376084,0.186851809248995,0.151503476518028,0.163744861066773,0.15358502531868,0.156080241416586,0.163975763579329,0.16186042029925,0.147075786254452,0.166668087710364,0.164027461036866,0.177071917262932,0.15917994385,0.157659897544637,0.164262499179097,0.184357719911949,0.0652157542637146,0.171956756813094,0.167045256302127,0.172538470059662,0.0562110904421617,0.175071954294928,0.1715493117397,0.176996662157041,0.152315829366285,0.16693213368496,0.168101682245437,0.176607124234947,0.17604174902085,0.184804025715451,0.158190518445983,0.181965681723322,0.167057475397676,0.0871701596280698,0.16804147983,0.152217621724356,0.181137858865775,0.178644370467855,0.178373346922302,0.167475491157213,0.181733477175995,0.17480122704575,0.17401557425669,0.176756561937316,0.173333892282699,0.168760290660926,0.143246159789481,0.160558122616698,0.151620496893134,0.151645502637851,0.160462744396484,0.179648932026093,0.188453224381211,0.15160452192805,0.162944865029282,0.158956732523612,0.185089175503638,0.156094392698352,0.148442951977039,0.184605632340304,0.154101503284637,0.143002466454569,0.143160546830054,0.160007971193778,0.143050562450542,0.14325627977128,0.157394023713535,0.140056483414792,0.167767493320705,0.146740604110887,0.156636156012647,0.16569486679679,0.153524155193104,0.156631978651088,0.153625321625589,0.142678259796419,0.162452374550081,0.176995443586037,0.15437839015985,0.177628270043771,0.14551764708564,0.185061962142272,0.162068679091706,0.181136698719408,0.143275451398655,0.143246151443104,0.143165579695229,0.143034545753575,0.143152759660554,0.143235651701163
FF68_CN168,0.149827248637889,0.139132852498629,0.140122532467137,0.140053011322068,0.139880095261924,0.14017746831885,0.140029649813568,0.140152099506744,0.140075830316079,0.14007531701391,0.138726116867258,0.140082958121817,0.139239907299904,0.139963233520647,0.140170624289922,0.140052059835119,0.140033197023683,0.140053583048875,0.140051784404687,0.140113727039674,0.140150363460382,0.15260772302688,0.140012815171681,0.153959431259742,0.150254245098799,0.148141864782464,0.120789448606876,0.175107776943903,0.172810353282019,0.175267213605609,0.187007001778128,0.170816996471207,0.146684700079472,0.146910707442069,0.165284124904584,0.110261683706073,0.0717060345331747,0.0796735358489368,0.0787852935701572,0.142988277614108,0.15903186660704,0.155556497929676,0.1742425456258,0.134557660892086,0.166109577391137,0.1285521298374,0.173688446366681,0.172716790398746,0.0864715345092934,0.180475048049597,0.15384742288387,0.147460904770061,0.143556532328181,0.162823383515809,0.140340952973275,0.155485495302736,0.140366801702044,0.17736495437714,0.178704823274594,0.13911837570817,0.15774037330918,0.15652188159549,0.124994186281744,0.139300314201571,0.158378925381358,0.165506276241126,0.15843983306563,0.155184620940767,0.154965165483913,0.174797679835635,0.177052616266717,0.156937860839101,0.168833484211761,0.184074531522296,0.0589782732261915,0.18496847437639,0.776211630585714,0.178267160144208,0.168222437624134,0.152108593004981,0.184036134016096,0.175701947157759,0.148266730751706,0.161490692502352,0.149447288183106,0.158823382462412,0.170774075228813,0.162132574778851,0.14437466921552,0.172864792524316,0.166645740286638,0.183310479156243,0.168639372527883,0.162742778382427,0.16420547256001,0.186375101768212,0.0696679411430278,0.178537269761507,0.182757706971025,0.183531712391343,0.0648773629382929,0.202976166129655,0.172030042174073,0.183172793152325,0.155436393568365,0.16244464163203,0.173266148915876,0.182672582274638,0.179905099021045,0.18914057354501,0.153395837997079,0.163407116585549,0.174879511886398,0.092668064049334,0.174541116387788,0.155297747731122,0.18674572680061,0.188623820148621,0.182187035980886,0.180117476750423,0.17365478960247,0.183213519297636,0.174602720994517,0.184962406560499,0.169738878294745,0.157899880915088,0.140175423456548,0.149423868249969,0.151618806751843,0.151699148974358,0.149349773290446,0.197669197595919,0.184684397097614,0.151743301307321,0.160370738112473,0.153979016032766,0.185071168195818,0.150847797680776,0.144911787771158,0.191863662420714,0.150486624920038,0.147031825888154,0.140090519939145,0.152804025634653,0.139937969038251,0.140279189785388,0.155184549996565,0.145322400294525,0.175908069277769,0.148657954641902,0.149164041368815,0.163538601231547,0.144736735038569,0.149185403920086,0.144919487303702,0.151875904367802,0.155991214789072,0.179323561048388,0.143642132768042,0.186072487186693,0.145072555679954,0.176182314524743,0.166281784009257,0.177882926344533,0.1402040056237,0.140074674342901,0.14009555280432,0.13999360598561,0.140058611740861,0.140155692621931
FF68_CN169,0.153869995659768,0.142928713696492,0.144321356734083,0.14425325447306,0.14393845000831,0.144236532507258,0.144283810558311,0.144160793311517,0.143951149020522,0.144258533556349,0.142529072485352,0.144129252353811,0.14295914875928,0.143942840202476,0.14432546315144,0.143890487554365,0.144090132886023,0.144231833497153,0.144244933135449,0.144321064610897,0.144222907047228,0.159333579779871,0.144257043728101,0.165447772313356,0.155225651728829,0.158296454832775,0.112843334881514,0.180875886965799,0.163517009154917,0.167616227761829,0.17717448171352,0.175659994095067,0.151146727336963,0.151857283601292,0.158151031737618,0.102119054540331,0.0629192320105187,0.0674352978842233,0.0716472343090305,0.139201622469791,0.1492291431074,0.154465013030862,0.168827721038621,0.137853365463711,0.167171958474252,0.115805221942172,0.182214157532107,0.178860195250826,0.0703632903089331,0.178315143464095,0.155632725388457,0.148152957117153,0.144149972234072,0.161587172444297,0.144243939916617,0.165987711944333,0.144308807956652,0.17337894602435,0.176955685620428,0.142975958362037,0.156819863937917,0.157007486313879,0.112809865910781,0.143035163385454,0.15935617342171,0.173503453099392,0.165406900106452,0.155798634665326,0.156356018223693,0.168459161734467,0.179004637646716,0.167743009224534,0.167835645659988,0.17565025387341,0.0550837828943731,0.176483894155546,0.178267160144208,0.766322787574752,0.162406778293942,0.154647322938029,0.170499617149232,0.17652950293125,0.154357636894082,0.152500989561109,0.158068064579619,0.162044595621618,0.166651144565578,0.169806955516638,0.146847421040426,0.173492285647312,0.161001056483997,0.172423728245408,0.159518422812378,0.161519337267329,0.160347163771367,0.182235144496424,0.066802141744608,0.189826257606648,0.170337142406392,0.174964127453804,0.0539785515130664,0.17946915107108,0.178662962022047,0.18175354603887,0.165039037724756,0.158795618240181,0.179420904840325,0.180717706433793,0.178183629605778,0.185080783221825,0.157732294016494,0.174351315607496,0.164838415867019,0.0876966407265512,0.181615309174088,0.164992619350508,0.179685706162017,0.178682046012466,0.180349927515864,0.186673776859909,0.169163658529281,0.173923012938626,0.17799845689139,0.176069897176411,0.169104274058765,0.160525872216969,0.144197596659759,0.159469204228733,0.154505872718201,0.154501081897951,0.159349704979735,0.178494744972009,0.180090396931085,0.154514728223924,0.167508780680847,0.156884527491722,0.177606056162073,0.157067112829321,0.14597558773832,0.179380666958054,0.154906085656147,0.14326929177262,0.143926819332321,0.155586803623625,0.143930345676494,0.144208426083581,0.156122069283627,0.147812888170007,0.160756152924457,0.155478876625979,0.155665714442528,0.160471320298586,0.149639325792364,0.155651604892646,0.149700763471559,0.152890752835375,0.16176216257906,0.17801356800648,0.155638434310148,0.176329356816988,0.148505182562024,0.169057025220031,0.156436493988235,0.178401874838005,0.144293575819099,0.144250087023087,0.144234783941331,0.143978888203623,0.144127608117592,0.144218304020455
FF68_CN17,0.172328525299105,0.170191418841673,0.171733754146124,0.171727373341105,0.171410440550286,0.171621261680401,0.171705430716652,0.171479544376518,0.171406112953945,0.171697889765266,0.169715157892045,0.171520366505161,0.170044493398703,0.171334663795849,0.171691746831984,0.171387308567147,0.171517428580548,0.171713756227451,0.171751686336553,0.17170579378404,0.171638142227361,0.154093908081802,0.171773019675505,0.155918814144028,0.144362233114175,0.145175591700829,0.106401868396427,0.168343151270948,0.168263443373066,0.163277547433013,0.163434985137489,0.156085336879587,0.134573009878914,0.134703952010424,0.159907877270705,0.0974589969750805,0.0483106689562716,0.0590747907268311,0.0625524546577987,0.125128688142934,0.128703833581055,0.155163371065583,0.160257219042411,0.117821118143374,0.160277158536447,0.0957176381440382,0.156672383460894,0.157668719664853,0.0562059323813353,0.167770973759806,0.165383563637083,0.171996861153337,0.167393688318769,0.145191524934029,0.171627959647736,0.18113669454622,0.171808466737526,0.165730718658083,0.164906079943263,0.169942826183614,0.15344460587638,0.162800347516002,0.0895340496611355,0.170074394293379,0.170606772107029,0.155305113408597,0.154632161744678,0.162292424586206,0.169488057154096,0.157109775334035,0.159692473979758,0.163427740482477,0.147068416403789,0.163746083810966,0.0409725386982729,0.176245788719863,0.168222437624134,0.162406778293942,0.777118892045274,0.134212821990632,0.16827152683894,0.169404843777982,0.173404293970514,0.177516891819343,0.159115468089672,0.165822641478327,0.152218523133044,0.15080127080363,0.157201994450653,0.159363305400636,0.154195646241093,0.169777776583549,0.165404220919518,0.145487633514878,0.175278347672182,0.162729303157178,0.0514614345225906,0.165882856413329,0.160436436616995,0.157982480832511,0.0430895929855832,0.163350185949795,0.165917393720285,0.163182749285982,0.136262917470533,0.163544180784399,0.159851213719006,0.160343508058354,0.174679962538072,0.169359105633438,0.160965488399512,0.169325185958361,0.148796070484222,0.0685150143918313,0.158082674912105,0.136028496960181,0.159503057132797,0.16512842324647,0.165424243877321,0.170655552505895,0.155234031491077,0.18128090324356,0.162033440689103,0.161223671044448,0.168654754900217,0.155399711242586,0.171749754150338,0.151750742102186,0.134607000498194,0.134281541883534,0.151916438546448,0.16292914462869,0.171543306521635,0.133836179220603,0.152783869134822,0.141014576520522,0.172120208082012,0.157677500053185,0.167379720657292,0.171883550742693,0.143211910432522,0.17576838848981,0.17132006180974,0.141595455129417,0.171410849522746,0.171526467706559,0.157860469324114,0.142380248241673,0.165514647656998,0.180398294769081,0.152499741777786,0.156356114207025,0.1478340629278,0.152445903474614,0.147744389456089,0.15156010668422,0.147793516229589,0.16525664863235,0.147741192793797,0.171764364482824,0.160111921142906,0.157329506221322,0.158872984979387,0.169607189162516,0.171627225166583,0.17168163936975,0.171713868903537,0.171386319521503,0.171583281493039,0.171627154222381
FF68_CN170,0.130517271721637,0.129911850591934,0.127459317864685,0.127428106588859,0.127194178514735,0.127173721545342,0.127389137355853,0.127674758714326,0.127384947474729,0.127444027302494,0.129889632537048,0.127346670990992,0.12986921312635,0.12701127601482,0.127476194238456,0.127097974003223,0.127088333938087,0.127368375743708,0.127367995983567,0.127615102986566,0.127206209816808,0.136463985859426,0.127424091981647,0.13603854182459,0.150147444862014,0.174832818081717,0.0801366178696893,0.14281713933221,0.141502292872227,0.141111452915362,0.142082620620257,0.138315654578673,0.345778578280105,0.345303656923944,0.13830011362518,0.0784839726770331,0.036222198375809,0.0421074873539681,0.0481944790456524,0.120426927906294,0.109887014854144,0.183782683766774,0.138878605170327,0.116083406678968,0.148612934285758,0.349049873872949,0.155894547053651,0.142550222204015,0.0405631572654756,0.146564044857296,0.138673492961903,0.126397896614894,0.126367787060799,0.340989431478981,0.127248525946888,0.153136148831142,0.127254510299012,0.143690904820532,0.1386677882134,0.129995276800654,0.152554677629499,0.130502711467412,0.337253889545829,0.131724508346291,0.132427152245469,0.153697939276429,0.142077587755082,0.138707446022488,0.151861682141835,0.165108446193739,0.152549523741861,0.15089374031155,0.137530389896131,0.158678960932464,0.0341672828633391,0.151744211062385,0.152108593004981,0.154647322938029,0.134212821990632,0.903252608287605,0.145881958084033,0.152475850274363,0.13177394810892,0.132952293750483,0.136066118253344,0.135996701437984,0.144227080235599,0.155862142245952,0.133166520202309,0.141079277633023,0.135838545945108,0.136025074945717,0.129936088469992,0.341225946929895,0.136873834689321,0.153991527251502,0.0548409283703239,0.144590794468054,0.129039082495633,0.156824383500923,0.0299490198849623,0.162912881713609,0.158239524197021,0.150529562855185,0.37758217142342,0.131052157621497,0.154269745373805,0.1523733484216,0.1403377145791,0.144094168359177,0.136512152799601,0.146564579025407,0.138945180044406,0.0555028502973791,0.141473639760874,0.379389525055358,0.16606794566395,0.140448066199188,0.174183436585716,0.145063562459015,0.143161878077144,0.154945417956542,0.144527670820758,0.150931507666305,0.141077746072891,0.314765641578707,0.127227013160836,0.146716253556744,0.472252873454502,0.475632830526145,0.146603139285953,0.149129499888671,0.152117077096938,0.478924808440554,0.142742138790811,0.158344538309183,0.151214792039291,0.135018343329526,0.142150255484182,0.151417988754253,0.35078016958162,0.1245031105134,0.127174743976492,0.157886084354334,0.127232897356439,0.127213721555876,0.145626563128929,0.127387322018912,0.129705273594392,0.131025098668101,0.223265586183341,0.137686859420905,0.138221545007724,0.223736734977214,0.138303556505586,0.14524436584518,0.130106838645371,0.147323794666139,0.155430546931457,0.137010640150492,0.131986513631774,0.136678070422847,0.135932179772583,0.144973655288755,0.127185360567708,0.127297949016763,0.127403251078923,0.127391403397138,0.127349283406912,0.127106541558949
FF68_CN18,0.158844394465859,0.148679951517804,0.145724424396224,0.145710949170975,0.1455586069295,0.145728280422279,0.145703904829005,0.145702911610173,0.145609615810956,0.145720484906402,0.148495271239644,0.145677755630674,0.148806870695725,0.145504822877777,0.145724274161443,0.145550373228844,0.145578333590928,0.145729966390381,0.145710431695617,0.145739739997545,0.145671378998843,0.1540494469329,0.145704806237693,0.159747196998864,0.157234582878641,0.156302714088633,0.117526862458162,0.174214017710097,0.168484313540778,0.171951419305167,0.178481065260529,0.172707087735784,0.150889700665207,0.151198712744498,0.165366557894472,0.10198972743272,0.063664646917308,0.0693512921290178,0.0756617580579577,0.141259505119192,0.147351041413012,0.158756928610796,0.162136764659975,0.134792623916927,0.168897822256874,0.105093857618996,0.172188114203182,0.169398867772235,0.0708916159566744,0.181515937212603,0.162336743846703,0.157247795193022,0.154909161295977,0.154647911357589,0.145761227744466,0.156637057421335,0.14601977345679,0.176984121725987,0.173837479269778,0.148603043829319,0.159273615236171,0.15108769341427,0.101473483165312,0.148400464746236,0.182720018906849,0.169128115483927,0.16116564703334,0.155172698141592,0.160325847125169,0.165843949778148,0.180748946921937,0.165982674905969,0.168610857131745,0.170580372517395,0.053004199665444,0.178699982376084,0.184036134016096,0.170499617149232,0.16827152683894,0.145881958084033,0.759677576875993,0.173327582421882,0.155973537163134,0.169509653403915,0.156126113103158,0.162121006700687,0.160688075702565,0.161485701369061,0.147427535955848,0.173709875688965,0.16970641088922,0.178743938569193,0.161335804615971,0.154826252562614,0.162254644711885,0.180659974545871,0.0579346172392955,0.183820622222252,0.173828097942321,0.176345202413231,0.0542238097936174,0.176143078207681,0.168847622973962,0.177325000271678,0.15088262293773,0.165186063324247,0.171651596586668,0.175048346568315,0.1723879890602,0.188359615592866,0.1577051265602,0.161662026924103,0.16728223497695,0.0789632007635921,0.168159823105819,0.150723403281819,0.182198341148182,0.182025437607604,0.185646413000412,0.174195192457357,0.176474959359244,0.176511558221256,0.175920292546507,0.177539652388717,0.174257452254661,0.158556961943633,0.145841874609732,0.158055077617409,0.145803648204255,0.145757000304647,0.157990914846208,0.182656123219704,0.175191491102621,0.145693317450109,0.17552881409182,0.161068607884155,0.176823332951249,0.158711390779294,0.154699387636142,0.178555377225848,0.150132041623738,0.150203878888352,0.145562583978017,0.164047400530902,0.145603710749411,0.145738483867846,0.158824125289942,0.1457340143831,0.167217542210826,0.151869026953367,0.154807080935239,0.163263475441827,0.154725106996072,0.154857530609453,0.1548645832978,0.159330858861053,0.165094912543852,0.182348759549819,0.154726592651132,0.168146443863902,0.14598006974263,0.168764526447123,0.160813542610932,0.174102447519004,0.145688130176964,0.145685079576265,0.145701701385545,0.145574214654006,0.145670435858271,0.145658972109817
FF68_CN19,0.160326756880234,0.148932850906262,0.140198918507076,0.140215239846794,0.140082761981963,0.140263786547111,0.140198263316501,0.140362570089036,0.14018059403694,0.140170857988471,0.148016735902354,0.140142317553203,0.14904274347563,0.140056646169139,0.140257651960206,0.140191586215108,0.140172723403672,0.140174663936265,0.140216141255482,0.140316393759713,0.140229587268413,0.150008093755937,0.140248116224779,0.175567382698743,0.162328714632278,0.161584847978374,0.125492106079015,0.174517287482191,0.159280350762201,0.181291561566659,0.165576652889811,0.165108592255332,0.155588673212015,0.155924644088182,0.18327746923623,0.101802063324874,0.0742328333206708,0.0710507438024407,0.0666656617921298,0.148518853927127,0.140619484084707,0.162956453973388,0.161218375268405,0.136892910333363,0.170746256755134,0.117068867554033,0.169519531340788,0.159662823476384,0.0924178438478101,0.183938310307497,0.152183547641308,0.157040976150555,0.149759659679036,0.165731862111697,0.140281126144792,0.166739849857588,0.140597846103004,0.181552556940557,0.175446831806276,0.14884246381934,0.171003867673262,0.161492708152335,0.11595566120975,0.148342628528606,0.151505617363663,0.170896383033584,0.160779339159045,0.148317697901279,0.166667177955299,0.171008316292065,0.176339393335019,0.171901887732395,0.178417812244393,0.165572759305061,0.0816886975689863,0.186851809248995,0.175701947157759,0.17652950293125,0.169404843777982,0.152475850274363,0.173327582421882,0.808736533869169,0.161718936693916,0.152572772574274,0.152714744442649,0.150776657338619,0.156204030703229,0.164097495484105,0.149490931387087,0.165353696127913,0.16054359574798,0.167171148875708,0.150771132037216,0.165822232505866,0.160660866514387,0.169360320031254,0.0967825815648135,0.174762095058398,0.166575810169109,0.162029000416677,0.0850728153094343,0.173181495789775,0.175613909575889,0.174940903660521,0.160945686620693,0.176805642805745,0.175054418557394,0.169489496904084,0.175577268981993,0.169236234448237,0.152816699607735,0.182439793480939,0.153075996493966,0.112271132331243,0.1709206000457,0.160860248935178,0.178648631293181,0.172292231079844,0.176446706873974,0.161226930304565,0.174893241676138,0.173973512691101,0.170288370353903,0.163891035335837,0.158971443012619,0.168800933342469,0.140471027081604,0.153131888005815,0.152384770438171,0.152413323393004,0.153118805060273,0.15925622556023,0.172337743872216,0.152400720364124,0.156648771561092,0.16712119581091,0.18195577457413,0.156385468414025,0.160941396583048,0.195545432821708,0.15422869789299,0.14792619858065,0.140217985804742,0.166484671908279,0.140162628461003,0.140275408876724,0.153392975189857,0.146050763553631,0.160552672432686,0.148427152285867,0.156175223183905,0.161982561176486,0.159302764956941,0.156194457409106,0.159381938686711,0.1595156518153,0.161789250744775,0.172761698078804,0.161286431624356,0.162612424670477,0.143235576583772,0.183121133253483,0.15228425919626,0.172683192059173,0.140197386946944,0.140216329048959,0.140205282619341,0.14009127528624,0.140157699925537,0.140193768792626
FF68_CN2,0.227257971167961,0.201996601969757,0.190390848261332,0.190292949435341,0.190017873723881,0.190147818463371,0.190352592643537,0.189860665544765,0.190009998917425,0.190369882162957,0.202545484743413,0.190232087656142,0.201989436605325,0.189797370796746,0.190397083004758,0.189681168366561,0.189939697386131,0.19039922802358,0.190303073590329,0.190361469015201,0.190000108460987,0.160144217447707,0.190353494052225,0.159849310745109,0.161431595981834,0.168893135766333,0.0885056717168649,0.141901725423949,0.163460708670607,0.138315308204038,0.143846059790969,0.146871291677907,0.139571216724661,0.139206258882071,0.166102912809308,0.070669235094772,0.0371534620535031,0.0437928879021466,0.0406628088305815,0.116627632174402,0.123237770587059,0.12394740040357,0.171248792098744,0.0984485726138795,0.159838911159689,0.0839347033769541,0.148975834746481,0.141099179568363,0.0396647699657667,0.154603208163761,0.173837462577025,0.223267005067387,0.221873347945022,0.141760141662093,0.190138199264176,0.159352046138411,0.190435764287766,0.147160552056639,0.14742135963706,0.201847331194923,0.162432714659666,0.1687179912236,0.0828988262131812,0.200184010986414,0.17612287162959,0.157772740558183,0.153790241856814,0.171711874119496,0.150821406437519,0.13944201898589,0.154815957306904,0.158524265012748,0.132134140170391,0.147881729085371,0.0291839283950042,0.151503476518028,0.148266730751706,0.154357636894082,0.173404293970514,0.13177394810892,0.155973537163134,0.161718936693916,0.736977004634669,0.184196476259679,0.163287884420607,0.169839690006218,0.144353836659173,0.153515074335209,0.172704909331454,0.150267027574779,0.152197335855685,0.155825368110029,0.170869950058444,0.141851221498285,0.167307244894856,0.147817729068517,0.0428553811346498,0.149126023622758,0.146492541447751,0.159806644067206,0.0282439970050645,0.145725705565054,0.151125715333517,0.14869896873721,0.14020405570196,0.165603878770742,0.150737909284596,0.146935951058523,0.151936857957146,0.146242834548397,0.173358209451336,0.158086393222943,0.133067928627049,0.0518227408253564,0.157253524980656,0.139819233482725,0.144450304081552,0.142944358979694,0.14583035243664,0.160045325402885,0.142185452154902,0.138306640491792,0.152175931572531,0.143665168767849,0.137882894944623,0.145740845892463,0.190254318230593,0.162074020772821,0.132507239903492,0.131892328943434,0.162383733947758,0.145123756528075,0.15268297813277,0.131297274013644,0.151302741984205,0.154702029264381,0.147881599716532,0.170748447679028,0.184219224309488,0.14579187981305,0.14359377803439,0.18887126100669,0.189686994137527,0.155035312607237,0.189975716174959,0.190289268683198,0.162711821671093,0.139326288125991,0.16628103283535,0.18062337568386,0.155532084777707,0.156087423473772,0.168872044472307,0.155374667939173,0.168821390311863,0.144204799582887,0.155034978752167,0.146541046416185,0.168667791940688,0.148802751758803,0.16379978857211,0.148673082449746,0.16499991408378,0.150202009299962,0.190175065210243,0.190139380276485,0.190409982330012,0.190015745397812,0.190212707369348,0.190138812722866
FF68_CN20,0.179845213767925,0.187982956130084,0.185065029435725,0.184979191124126,0.184878638150332,0.185131316359806,0.185004781115216,0.184519238994652,0.184731712707362,0.185073150460294,0.187917462111793,0.184952382562032,0.187920454287855,0.184956810314894,0.18497761783211,0.184806554667604,0.184964342919903,0.185033680444683,0.184994281373275,0.18502997465341,0.184963032538755,0.157067329835116,0.185006391965927,0.162465695367361,0.163178914125869,0.162317280096142,0.0983363722713426,0.145101980831157,0.161782131285414,0.145382732078801,0.151035507693694,0.149133664730665,0.136649696915114,0.136235078130912,0.16458183155323,0.0725605699694835,0.0351669868303142,0.0382464326073766,0.0410735382032224,0.12843696653112,0.125506528618025,0.132757923328925,0.161977056741025,0.107984854728798,0.173631845412808,0.0887191428215956,0.151668839107221,0.14982811666107,0.0459482604050776,0.155167177013377,0.186222154414423,0.181165840093801,0.179425975264196,0.136087405687223,0.185018118625249,0.158539697463343,0.185464666473676,0.160694539971351,0.155370619946453,0.187840070333457,0.163906188182811,0.167794969592938,0.0863126236693223,0.188068832000378,0.183159789497362,0.158643897803773,0.159505469235675,0.169154298067765,0.153570456718078,0.149838144832725,0.146958849343114,0.15807940730561,0.144535149174318,0.156179325428074,0.0242128305809142,0.163744861066773,0.161490692502352,0.152500989561109,0.177516891819343,0.132952293750483,0.169509653403915,0.152572772574274,0.184196476259679,0.754803278452663,0.166141222678552,0.172364556607498,0.152905413246121,0.149703914228779,0.168694396016552,0.154873397071639,0.157327983007567,0.172102768327811,0.168882765393232,0.136120311277527,0.168145058365363,0.156880813354072,0.0302804837176884,0.155053374166506,0.151275562008346,0.157148327248205,0.0243881420511828,0.152609383955851,0.158379013018314,0.15655387325754,0.136007668577022,0.177274162490945,0.149702795814295,0.149851010772472,0.158526827350407,0.162208789718067,0.171595208465402,0.140744045411198,0.139754382135443,0.0529585199455375,0.146805534748748,0.135785308581062,0.154637853973615,0.156700402247615,0.153866874114866,0.1626205623878,0.160005888772781,0.15199883397764,0.152006337370331,0.153117027282027,0.144529619699727,0.145889081716582,0.185040591244626,0.154113334273668,0.133623154647028,0.13313452436707,0.154399635861846,0.157638276255688,0.160259071938048,0.13267993895784,0.148325885696862,0.156609681305623,0.165076308470095,0.169845290425012,0.182083056819439,0.162395623361427,0.139539279314059,0.183043157228775,0.184739307910197,0.155646104630374,0.184801717942282,0.18508476444353,0.165077063817191,0.146212094842857,0.161414932440669,0.180277839859947,0.146300078173279,0.160278059945135,0.16923169401929,0.146224956609416,0.169145567757694,0.140398605570618,0.155862150592329,0.154714490404856,0.164694879053006,0.152265500714534,0.16767188557513,0.152717573864364,0.164267022915291,0.147565685183675,0.185139408172057,0.184971057579992,0.185048691403253,0.184833943302881,0.184898949058133,0.185136499459763
FF68_CN21,0.165199576108192,0.168270483541847,0.173001760739833,0.173005312123137,0.172813241128372,0.172991427925427,0.1729592484699,0.172714207195144,0.172825230698561,0.172993564597873,0.168156038023967,0.172906140474694,0.168175347366559,0.172804861366123,0.172934213512864,0.172817777384131,0.172930161346956,0.173022910458497,0.172983511387088,0.172946132138851,0.173080671558737,0.171244193245159,0.173021871334592,0.162709117445028,0.158569043323966,0.157992604987498,0.100484646180855,0.149223922448748,0.161151520790705,0.151006562459154,0.15281983784539,0.15573581566078,0.152736378251163,0.152633204515072,0.152730686022225,0.121755491636452,0.0871961293793011,0.0872136233849514,0.0930040683110077,0.149305996544436,0.15389919128561,0.132324537716619,0.15231241152501,0.126402053110511,0.162417778818487,0.0968714245720392,0.152496841411868,0.159746199606844,0.0962350133454945,0.143767236609022,0.165024110229954,0.16627970158826,0.164614328171073,0.146016130263342,0.172993869240624,0.159198143124485,0.173068669468982,0.164501489330715,0.151560999746531,0.168131854397358,0.160533584269078,0.167959643606049,0.0906431412416852,0.168377642672832,0.166380150232345,0.157822447404868,0.154762932775464,0.166149185121964,0.152262329091372,0.151196100328578,0.153941970639599,0.163706784896078,0.143112091939881,0.157139283949005,0.0815542749983748,0.15358502531868,0.149447288183106,0.158068064579619,0.159115468089672,0.136066118253344,0.156126113103158,0.152714744442649,0.163287884420607,0.166141222678552,0.779697015800753,0.172034040088532,0.153839122412201,0.152004718173243,0.157600225124124,0.161608923102085,0.191175545390255,0.156644819551705,0.164775179543636,0.146154742715078,0.154747329224146,0.150682501862597,0.0664670764503177,0.158761711084669,0.149766662289122,0.152122723420804,0.0635522629544828,0.151118929729226,0.154257238328258,0.15148641235078,0.141684707109103,0.163434450969378,0.152384570125129,0.153860860550424,0.154057426069065,0.155470592847063,0.161910698872742,0.142035313356886,0.1449255885051,0.0713395367840758,0.151900121379918,0.14157869560492,0.154076768797163,0.165812559055223,0.15192947141373,0.15625269425282,0.149189819153382,0.158447745430781,0.166403127807514,0.155540564696476,0.151283591222772,0.143417469172101,0.173105731554903,0.162101025474768,0.136437594616169,0.136156830848959,0.162134056260723,0.157485829684504,0.16094092918595,0.135858322684797,0.178976702323762,0.163226730518222,0.155673447360579,0.169729734839025,0.160345836697465,0.153552512008084,0.146786313043112,0.165399417579703,0.172793097148106,0.164329049014046,0.172820744521062,0.172927139958575,0.158558084531305,0.149252846817346,0.166498877441494,0.171705735359403,0.15800453613305,0.154069816265338,0.163356888090318,0.157946441177741,0.163299848951666,0.150504690652495,0.159664843299555,0.165895380151629,0.162702849316096,0.151558270481337,0.154936775283426,0.171453311714419,0.159844444807469,0.15609964674251,0.173023640766461,0.173016333513624,0.173027279786721,0.172766417954851,0.172888888513969,0.173055494713296
FF68_CN22,0.170676577028907,0.172808183224066,0.177425949698367,0.177461425972707,0.177133851551542,0.177169440501968,0.177381309102365,0.17712704508131,0.177247291331025,0.177391504201555,0.172626340713998,0.177304789520398,0.172815916142117,0.176923280812729,0.177320092602154,0.177033390387892,0.177174861473662,0.17738395907698,0.177402024809437,0.177408630966628,0.177323952801397,0.171653649795347,0.177433290336711,0.164531073063076,0.161378542238076,0.160038034842801,0.0958471321791836,0.153528925147412,0.166263159069558,0.159390147348237,0.163023850965576,0.159559107225805,0.144453041693123,0.144236357233347,0.157123659531745,0.0764974557219607,0.0399757768290993,0.0449622027640753,0.0501581352748296,0.129422573467778,0.131485188512792,0.138747934296061,0.162353252979898,0.116535951399084,0.164848435692297,0.0921870873968477,0.160009231496666,0.159025515014339,0.048974932042003,0.16018596185098,0.170352128325832,0.171817005080933,0.169651475037507,0.14565371389247,0.177303128591426,0.162620599946496,0.177270093632283,0.161837643037123,0.161896259640979,0.17265394635507,0.165208206261742,0.168777738761504,0.088114798374492,0.173558806269942,0.174581408521508,0.160070777678758,0.157906578882423,0.173267125441955,0.157984796952056,0.150566224315022,0.159947505867474,0.158458441312575,0.146311074524636,0.162752497738143,0.0304369574156509,0.156080241416586,0.158823382462412,0.162044595621618,0.165822641478327,0.135996701437984,0.162121006700687,0.150776657338619,0.169839690006218,0.172364556607498,0.172034040088532,0.724279576287319,0.156525887856326,0.155803179267461,0.160599145058383,0.159523981499288,0.168457901431579,0.167066631372962,0.16903335906878,0.145713578279649,0.16351472224769,0.160516895688783,0.0379618044677354,0.160949029344578,0.157357800438476,0.157902656085354,0.0288485960166584,0.158217715114595,0.16161638893608,0.159667806263298,0.138885357389111,0.163160714851384,0.162170012451725,0.157441522943571,0.158397191426857,0.159863566356584,0.16940464346494,0.147052595846675,0.15232375842419,0.0600999553160562,0.157499146328595,0.138673639023496,0.160042575271748,0.165231634541256,0.154449517982442,0.166918554130001,0.156659642716798,0.162647750710036,0.166609683939115,0.158850220236825,0.152473433998296,0.146754083509325,0.177390160434899,0.16331357039503,0.136465371357965,0.136107987852268,0.163393424354505,0.160158406288168,0.158713389736523,0.135771169818862,0.161701188123775,0.159231970989419,0.161541350835985,0.168564230098078,0.167625529798708,0.15655781692055,0.145400171833003,0.174896826444948,0.176968981398578,0.158360621777164,0.177246352363642,0.177098767556909,0.16626415228839,0.14948139565166,0.168556367811188,0.174403142433873,0.154713543091096,0.158744438258002,0.164594972923409,0.154661833113994,0.164535805458688,0.147364808761447,0.163466142161865,0.162325576394623,0.163479087392192,0.158895428386445,0.16243426708574,0.158447929051069,0.173126726865597,0.156318972830525,0.17716121514769,0.177366031059739,0.177435861020748,0.17715442537021,0.177238586060084,0.177164691413602
FF68_CN23,0.14545463611443,0.140427972297183,0.141730516197849,0.141757479167912,0.141634224049381,0.141769844325055,0.14172418547109,0.141872175077095,0.141658274133962,0.14173438057028,0.140199306613594,0.141669658591838,0.140500973881353,0.141618040424879,0.141786411882887,0.14171821781172,0.141729151565252,0.14175592256865,0.141792433793706,0.141763567849745,0.141793819292245,0.144931239002154,0.141757721212838,0.163293238621287,0.161278652801233,0.164389184658469,0.149790407730952,0.162785866552356,0.158988682453779,0.157261963167541,0.164149167902512,0.159063349140109,0.139172097162067,0.139242027279597,0.156054672291438,0.162409607715657,0.14240799577115,0.146191917477085,0.142193481369327,0.152142596143826,0.179977821001595,0.141691551138031,0.167003787329286,0.186963112356032,0.15755338525785,0.133939311224811,0.162276750090685,0.16362993563223,0.128184985244103,0.159575274157553,0.15199120121611,0.14144593396328,0.142521135081071,0.14843841572128,0.141829041002095,0.151830128664563,0.142024446374368,0.155315174965759,0.158800396540866,0.140297147014947,0.157587521938723,0.153427683597537,0.153321175483938,0.141123258865263,0.14912535173943,0.165781218410558,0.214005848742189,0.149138434684972,0.154858427844953,0.15357014372895,0.157869692070413,0.14908472575064,0.153295673129804,0.165836584100673,0.134894633333462,0.163975763579329,0.170774075228813,0.166651144565578,0.152218523133044,0.144227080235599,0.160688075702565,0.156204030703229,0.144353836659173,0.152905413246121,0.153839122412201,0.156525887856326,0.774789897114808,0.214591234394524,0.221715588905041,0.157604373273364,0.163047838452332,0.161278435795438,0.154421123608767,0.148635911860928,0.154238909684933,0.171821286772201,0.13737534760178,0.177838148033314,0.159847374385705,0.162868182692969,0.135697800994115,0.159850283097999,0.159519420204398,0.164173614439988,0.141286960525483,0.159479562082269,0.155254513499601,0.162187122524046,0.162116228400003,0.166247977010265,0.150030633146327,0.145135115946821,0.150930556179357,0.113047174267485,0.165830975335503,0.141195137861761,0.176329377682929,0.175554157864796,0.161903767206858,0.171886209063686,0.157594119749537,0.164292379207832,0.160589500820058,0.164212324935315,0.152016695223867,0.150335488730002,0.142021070264976,0.148425361988056,0.14423035618847,0.144173066658515,0.148390995781823,0.169352916795085,0.168280357305533,0.144107964919931,0.150416235751788,0.161213584448156,0.164299093867921,0.153750513103524,0.145543579278176,0.160347798095999,0.143301074775252,0.14510678834416,0.141752421263607,0.160976476404493,0.141641018000049,0.141755926741839,0.158422831496207,0.286991975422595,0.15719621458476,0.148708713132056,0.142483613944429,0.164876287551484,0.158636511260357,0.142469504394547,0.158691563961344,0.186589290661342,0.158062464160825,0.160178946721329,0.15768450683646,0.159753285680697,0.210457248955295,0.154583030797988,0.153551944454465,0.159935850152354,0.141726146869625,0.141805391543597,0.141739718078206,0.141568955383262,0.141700648688679,0.141734589229699
FF68_CN24,0.153630458820473,0.139332097204203,0.139434265201897,0.139483220874674,0.13937557348065,0.139667980443414,0.139455602714037,0.139611396182295,0.139412393521646,0.139449480646697,0.139218361128346,0.139390434204438,0.139513643417897,0.139460840065442,0.139525632988087,0.139615644488056,0.139552086829169,0.139440516638076,0.139484831725386,0.139496403976738,0.139688408200489,0.146195677519807,0.139466436311047,0.15745474360433,0.162173472024885,0.162300090733243,0.142883493027306,0.165102407590166,0.155950355101734,0.159882854833233,0.165018447213334,0.173320508867594,0.152341682268242,0.152667720956087,0.155537701889254,0.156263214860703,0.123821537042307,0.127755151015101,0.128181504805002,0.1639415392615,0.161461597033031,0.149485694035682,0.166720932794703,0.157639248608579,0.15467539180301,0.157199290224589,0.163716420788027,0.165012850967729,0.124242119312691,0.170111410474228,0.149824778110373,0.149834589276233,0.15288062033401,0.16515946759476,0.139732143214615,0.159664709757527,0.139857313826608,0.159706833920942,0.156006117244744,0.13925093286358,0.158004886680873,0.15300365010037,0.177941154841871,0.138778056369721,0.147740024301053,0.158206718763238,0.220888358640243,0.148456873733444,0.163679133349934,0.167669097885299,0.167728311255092,0.152092972760909,0.153827258037662,0.167896307126146,0.1132306151087,0.16186042029925,0.162132574778851,0.169806955516638,0.15080127080363,0.155862142245952,0.161485701369061,0.164097495484105,0.153515074335209,0.149703914228779,0.152004718173243,0.155803179267461,0.214591234394524,0.776309365873017,0.2019649358164,0.159722270544726,0.157740715510626,0.156621871188854,0.149999384311807,0.165273959017713,0.154590296318942,0.174071140259847,0.117890735271776,0.171755604960433,0.157807231960068,0.159087069542808,0.113239917145578,0.163836141216008,0.163313728976188,0.162400222215011,0.15811726647051,0.151021097674249,0.176125801207826,0.162410809593908,0.161907865277838,0.167242827559165,0.15242237503858,0.170642607275569,0.164271826255106,0.0910901564872102,0.17954612135739,0.15814533950868,0.17612456177088,0.168183268078086,0.162448122071131,0.170476051154502,0.157594332582144,0.170690340204154,0.160574105928158,0.164401958788072,0.164505925429953,0.158807858201673,0.139914949731197,0.150549644237625,0.15568451048295,0.155816641973146,0.150466326531802,0.159420941305225,0.166587132029159,0.155914711899859,0.152443324444201,0.165740037387715,0.159619117674576,0.153372593337854,0.151171086237484,0.163892383275681,0.151303793627675,0.150380993175997,0.139660489570289,0.16265593850562,0.139410745112239,0.139628522947368,0.161093384103512,0.248872449473574,0.148729236872463,0.14360732837703,0.146593624416468,0.15305364907024,0.157606614275519,0.146562488258034,0.157631160969516,0.188969681481226,0.162750669881636,0.160474287435518,0.154258114697816,0.150012150095033,0.168254174721694,0.161264768603523,0.147760272611028,0.161904055156855,0.139627120756076,0.139585760286133,0.139439919872139,0.13932875030713,0.139408654344865,0.13960505710916
FF68_CN25,0.172277570669098,0.177998244058783,0.171312470780093,0.171279840620222,0.171099120697825,0.171289368009273,0.17133309885021,0.171026336119451,0.171087698681255,0.171292923565765,0.176769265122717,0.171188472834032,0.177788178275763,0.171131888572913,0.171286780632483,0.171089468113124,0.171207527612133,0.171311627796042,0.171309829151855,0.171246909990788,0.171309086324325,0.15351087193452,0.171317683092369,0.1574534624355,0.16410754869489,0.166898831641761,0.128947351642055,0.142060577839283,0.156026403113415,0.140112971692579,0.144793102293893,0.147121662114212,0.137593229766618,0.137119017852481,0.159932123495139,0.134627499199472,0.11522820353252,0.117388921889754,0.112905936880264,0.139371571393003,0.167174161917712,0.124048788015038,0.154353367722379,0.163928589857986,0.15581773117531,0.116160335233395,0.146512589444684,0.142282466264957,0.104218255927791,0.144695078272252,0.163578158884114,0.173050507753193,0.173380085304775,0.140335519482017,0.171315930353253,0.152787516501458,0.171487214696743,0.147005831097792,0.140667408979957,0.177720564277779,0.163172600091864,0.163831291971121,0.136452413608074,0.175767791723873,0.161018078919361,0.155845123983776,0.207231027970044,0.162061271682348,0.155754803667867,0.137688215707126,0.145232751861944,0.154584670861018,0.132688861234577,0.149372913619962,0.107876593876083,0.147075786254452,0.14437466921552,0.146847421040426,0.157201994450653,0.133166520202309,0.147427535955848,0.149490931387087,0.172704909331454,0.168694396016552,0.157600225124124,0.160599145058383,0.221715588905041,0.2019649358164,0.747083054446795,0.147600881854394,0.152247643641495,0.147140316266229,0.158738428866748,0.140596865403737,0.16105770751613,0.149591980970298,0.10966702105599,0.149956717633904,0.139432821278721,0.145923510520641,0.108933741780982,0.141060352223761,0.149513091017336,0.146150590392649,0.13110256139064,0.157755968514121,0.141247640744654,0.146037734859538,0.152490869579309,0.144779193057053,0.165886303466923,0.132946543096908,0.128154270577695,0.0880914827710645,0.145988941941106,0.130899356329301,0.150576982794642,0.147471245930844,0.142861984414443,0.153416945983859,0.14060759049785,0.14478591189033,0.149235941231256,0.146177240373585,0.1349507084656,0.144199875220609,0.171424245457416,0.156690712104218,0.133622420165875,0.133281353826708,0.156771275505716,0.14659011059186,0.146010613308316,0.132889199315505,0.147256731529021,0.158467684924817,0.142207419818485,0.1632729944845,0.175139722700882,0.142170825129662,0.141370324136378,0.175839457887764,0.171127218775126,0.15837246528576,0.171044193192489,0.171318016947438,0.163771665455679,0.283521026151716,0.155662751478785,0.165547670096576,0.149219407058931,0.153365941275591,0.168940088308693,0.149113779488078,0.168887305822179,0.185018227128147,0.157997546042529,0.144736163311762,0.164662219680816,0.140713631214351,0.223663862761884,0.146001261193177,0.154400078219813,0.13982777599932,0.171354924625389,0.17131427359747,0.171315287682244,0.171096282929733,0.171210949626597,0.171344921492865
FF68_CN26,0.153156330370103,0.148526954085755,0.145843852701019,0.145895646141889,0.145726277291861,0.145914396277239,0.145821914249754,0.145866325320396,0.145728334673728,0.145856230377727,0.148499060494684,0.145778029000847,0.148594280133741,0.145702999247129,0.145940896023394,0.14576344788068,0.145795664894902,0.14587138739789,0.145901513644739,0.145883998773146,0.145893676396978,0.163444829688856,0.14584338947711,0.161196119654824,0.15586985847125,0.154972042898348,0.105072140346714,0.17702010295612,0.163907945095115,0.17974630085716,0.190613475341348,0.173438764506457,0.148330985333051,0.148500946775828,0.156241247197119,0.105285327674636,0.0660003721020593,0.0708718684293039,0.0655857950497405,0.139293883318292,0.147884783859258,0.150462374522415,0.160471236834819,0.123866039923093,0.166725043385248,0.12713717276159,0.182755495181189,0.165793725456105,0.0872480438426336,0.172088404213438,0.158332895113629,0.153059491533959,0.148261222143057,0.15502841432686,0.145946634157403,0.157807878804265,0.14612643180517,0.183360119231913,0.184359455958311,0.14837058889069,0.169705492787779,0.159411818715446,0.123152145108068,0.148913633373815,0.15584163102511,0.160014155858943,0.163629071782238,0.164075728133563,0.15935202527247,0.160402062064384,0.183115178113678,0.164432786130567,0.186843759168628,0.172161960831662,0.0445571155421114,0.166668087710364,0.172864792524316,0.173492285647312,0.159363305400636,0.141079277633023,0.173709875688965,0.165353696127913,0.150267027574779,0.154873397071639,0.161608923102085,0.159523981499288,0.157604373273364,0.159722270544726,0.147600881854394,0.764463018756748,0.168782959420156,0.174451346932744,0.169530811468954,0.155128007467329,0.174555192552163,0.17850209395673,0.0578632056398948,0.182012496550466,0.173937594058793,0.177771422924454,0.0539040934861549,0.179975726061033,0.180329474719659,0.175091209386071,0.151860476090395,0.173133474911192,0.179876400004619,0.189253746240437,0.183862036943644,0.173303369582955,0.156880287532338,0.162861225987955,0.157053741933781,0.100138868312017,0.17175835509157,0.151772200636788,0.167527322156778,0.172059438112957,0.179958348904657,0.16895123906802,0.179304456192027,0.179081399273608,0.17123537947132,0.172702918720602,0.171997412014202,0.151635887611845,0.146090421362719,0.160734882183331,0.141103127404562,0.140996886375018,0.160652983361555,0.17379472495492,0.184686905183825,0.14093320352048,0.173206342953334,0.162468579040525,0.183045381538177,0.155639039422462,0.154969217649821,0.178999729977192,0.147564812987305,0.147523139528235,0.14578913802829,0.161834183463963,0.145774928321888,0.145887708737608,0.162440393326269,0.149216197877074,0.158686743928776,0.152458815319433,0.154082273232624,0.161656831304582,0.153636355535641,0.154114986856263,0.153660192787615,0.162879020463168,0.165836521502848,0.185303118178655,0.157123329849864,0.17218624878798,0.148268262311838,0.176363602000758,0.157643288254922,0.175851464150707,0.145869989379786,0.145870485989202,0.145831061878663,0.145705703473193,0.145845910082886,0.145860695689284
FF68_CN27,0.155017113332752,0.154531587904942,0.150198324374631,0.150240895069201,0.1510086991316,0.150507949912613,0.150218952444747,0.151077093515809,0.150967480550062,0.150219215355615,0.154427784017407,0.150548943141979,0.154583306228421,0.151185483737363,0.150237902893139,0.151301978290733,0.150812045976003,0.150243595122077,0.150250309782166,0.150252659287218,0.150509222735066,0.176788641236323,0.15025603539661,0.177618909582255,0.187625818842501,0.176265861755926,0.10903003392945,0.155921923169364,0.158265669222164,0.164174674429834,0.169938832442343,0.171809802157805,0.155134450870173,0.155183097727012,0.178814190022227,0.104827654106012,0.0712898883620286,0.0760202057266895,0.0796213125696648,0.15106628078474,0.154597440817433,0.153117732550862,0.168399877420472,0.137929225681915,0.179656669117333,0.0960982913480908,0.167377546426151,0.165618409812649,0.0816674894256858,0.164872585933399,0.153180843678593,0.153991614888457,0.156328913365225,0.146545532593683,0.150562180495491,0.161593377975404,0.150636980723849,0.166728586422175,0.160993190023918,0.154464612404779,0.177043168168245,0.160998047615181,0.0902218912611615,0.154496149189297,0.1534039047702,0.176050299883822,0.1598845533209,0.154081025449301,0.175527219933862,0.158994445626919,0.158177498098266,0.166696532162299,0.157900569491169,0.164892224957872,0.0626449658976023,0.164027461036866,0.166645740286638,0.161001056483997,0.154195646241093,0.135838545945108,0.16970641088922,0.16054359574798,0.152197335855685,0.157327983007567,0.191175545390255,0.168457901431579,0.163047838452332,0.157740715510626,0.152247643641495,0.168782959420156,0.756583161599873,0.161174765449931,0.160979823301566,0.146632355777737,0.166727125806245,0.162032313928243,0.0586860749228462,0.169554611162233,0.163232739909476,0.162483573306341,0.0548745267098971,0.16429271723609,0.160622510740071,0.161489703456708,0.140746273893788,0.167223029953534,0.155398438420133,0.16402022890142,0.161600372239113,0.165316387823878,0.159991107339571,0.14495340697878,0.162522747025578,0.07995728761902,0.160891038718978,0.140618979128914,0.167390316382565,0.175838552305888,0.157672563171343,0.161174961589784,0.166304557098196,0.166129742237344,0.179078887014209,0.171952955038488,0.169791673300824,0.153980510034203,0.150729379287566,0.166151388565423,0.136016344635645,0.135852638802236,0.166010606055735,0.174614047027756,0.171846630545177,0.135715173977303,0.189716394249599,0.184804568229939,0.165719304987889,0.177157751401342,0.165122668419706,0.160370408430592,0.14678647162427,0.158906053324037,0.151271622518524,0.188111832533351,0.151008398662037,0.150489775677258,0.169094166596531,0.15569544840967,0.167474518804322,0.160420799680169,0.157955743214619,0.178320122077821,0.194126256652456,0.157965045251497,0.194332420504349,0.147562793164134,0.180194125701229,0.163765084337618,0.182981698683639,0.165383325765346,0.152172947742846,0.16739404303978,0.16526899709674,0.159866233023952,0.150476312971574,0.15040444649464,0.150236613377933,0.15092924162502,0.150635269716617,0.150477660911418
FF68_CN28,0.155810924705078,0.154322248256698,0.158252565410679,0.158276690612651,0.158803993829241,0.158548002108201,0.15827177459675,0.158763134141903,0.158700344349676,0.158282679137963,0.154511443924676,0.158518760577287,0.154400925377052,0.159015541094133,0.158265894574336,0.158977377286482,0.158682541528086,0.158301383368241,0.158290361977754,0.158255111055586,0.158483296822512,0.156802895754001,0.158274094889484,0.156258974901319,0.153187320466945,0.149050192616872,0.11056875942596,0.167115445157335,0.176283314029693,0.168068747442815,0.172560166466002,0.163004153516466,0.135939023801511,0.136101890824058,0.157432972080599,0.0974728144017762,0.0615193985693645,0.0675643120027062,0.070921370789758,0.130144781274038,0.141085353795291,0.151375288690843,0.174787639144415,0.122532151204574,0.165316663254311,0.103775109227886,0.166143063054624,0.160121598766738,0.0714982932160773,0.165027190042971,0.170752249453634,0.154535702668675,0.153002285467772,0.143350151470492,0.158456087634334,0.15881372987771,0.158681289571575,0.178919583894531,0.184235165889064,0.154226895075614,0.150454645777553,0.166205297812797,0.100980525289013,0.154715312522965,0.171059734145982,0.168281855480158,0.155232687724422,0.160553210773986,0.151604071223706,0.175972048428681,0.173521965363005,0.155372364339192,0.16837613615183,0.173737493849603,0.0467023305045481,0.177071917262932,0.183310479156243,0.172423728245408,0.169777776583549,0.136025074945717,0.178743938569193,0.167171148875708,0.155825368110029,0.172102768327811,0.156644819551705,0.167066631372962,0.161278435795438,0.156621871188854,0.147140316266229,0.174451346932744,0.161174765449931,0.755524949964046,0.169246187502502,0.143430589676339,0.163560831805999,0.177499514662967,0.0559575066508111,0.170090185638174,0.171522515697172,0.171640996688207,0.0489399899357743,0.170814563502387,0.162902603150651,0.17328908893235,0.141559240200735,0.192110201870095,0.163464739970573,0.171848157932121,0.169223272525158,0.181436275219793,0.16065934747382,0.151802306017695,0.165855651398339,0.0771733828691883,0.163059039289919,0.141386541146387,0.176393790845433,0.175163818690534,0.171372543826691,0.179170613694599,0.182438633334572,0.167640090052933,0.171678643020499,0.169971429216707,0.170067591996335,0.149160506678265,0.158611225912018,0.152734366774368,0.136353275345137,0.13605903217949,0.152814930175866,0.17817681061598,0.174763801892441,0.135849204268207,0.157272846842812,0.158407595185466,0.196200427256068,0.158546195117636,0.150347774596565,0.187302192257535,0.140367385948416,0.155993030126014,0.158933542115836,0.154988639668498,0.158751194649974,0.158461011996612,0.153427504150437,0.136502149667077,0.17609915122689,0.162018408864592,0.145116916672336,0.1629790935203,0.145683372742221,0.145098550470316,0.145589442618371,0.148047287814417,0.155434544845917,0.175938345759399,0.147194551022296,0.17436267919943,0.149024389793176,0.189000755041835,0.168520315636853,0.170996614671874,0.158478055297918,0.15841683045133,0.158251835102715,0.158750785677514,0.158534852391644,0.158536868041627
FF68_CN29,0.170000629015737,0.176881949555105,0.181025099315996,0.180946355424628,0.180728744517034,0.181158073790243,0.180914480611852,0.180459444498278,0.180659148254574,0.181011937079875,0.176837738797505,0.180852859312369,0.176832927111313,0.180912623543027,0.180932721618221,0.180829055445902,0.181003870306754,0.1810136147016,0.180981310050422,0.180920519215425,0.181099753482761,0.16841732552105,0.18098561678082,0.158397387566711,0.156445942086706,0.152792653696343,0.0912394564743635,0.148907770044154,0.173095945428174,0.156195680153299,0.165858931524399,0.153875917414066,0.14391188766433,0.143742735820097,0.162368005200789,0.0765799012314139,0.0365230727377775,0.0430596294930812,0.0392903431587631,0.12006518341875,0.133511505165356,0.132183617491715,0.170121793366895,0.107590747165438,0.154993726785122,0.10072182516872,0.156218123560357,0.156321272257318,0.0576565243126434,0.150009166265348,0.169913133948355,0.171992387495403,0.173076811359494,0.13724555727026,0.181088861461114,0.160982648550093,0.181227511471545,0.16379443437143,0.159637546474422,0.176780920837837,0.16587168478806,0.173756043671911,0.0990992394518987,0.176908232295464,0.176426108016176,0.154249956114551,0.153167656403341,0.178449749654995,0.158319803821709,0.147542732647636,0.153422208374394,0.158357850780086,0.150695576461763,0.160145448538277,0.0213590875236975,0.15917994385,0.168639372527883,0.159518422812378,0.165404220919518,0.129936088469992,0.161335804615971,0.150771132037216,0.170869950058444,0.168882765393232,0.164775179543636,0.16903335906878,0.154421123608767,0.149999384311807,0.158738428866748,0.169530811468954,0.160979823301566,0.169246187502502,0.727206544886754,0.137281300628656,0.174033059915964,0.15835963273152,0.0342607956683519,0.154682678189906,0.168000999902804,0.167752699367931,0.0305258671938905,0.162973964671792,0.15889370068646,0.151963416127938,0.134684901405512,0.165677965383888,0.149076700709403,0.162634079344933,0.170136478816771,0.158915192606569,0.168199451702588,0.141725545930499,0.149266213539697,0.0639537946199546,0.153688883457664,0.13451362123521,0.153041951623237,0.157307317378755,0.152148947736526,0.161392860447376,0.153074982409191,0.164491031320658,0.160086514772104,0.164210204955623,0.154708326605633,0.142947367848509,0.18118369716684,0.165217863019632,0.130458675983723,0.130000551710755,0.165326094660029,0.168271026056335,0.164354313496443,0.129643159858681,0.160364040145138,0.151772338352005,0.163309430592166,0.165532934568438,0.165201516640784,0.158443664052554,0.14201983082803,0.174319490872981,0.180773159760864,0.151731745748722,0.18073057237354,0.181079596982931,0.162884520725441,0.144296943582114,0.173445992468715,0.1757937990338,0.15415536245375,0.159143294909728,0.16052079761991,0.154100105266533,0.16044318466259,0.156828915583493,0.164781597907351,0.164186593055821,0.158178996272891,0.163602726444053,0.165623359214056,0.164681946342245,0.169495952826493,0.159464079553413,0.181169712812609,0.181016260503027,0.181013727377686,0.180699657394089,0.180837735677713,0.181190925129098
FF68_CN3,0.149226326205249,0.13450939379539,0.129590840596077,0.12953125163933,0.129343437296703,0.129315885907079,0.129515693993084,0.129847429083054,0.129498734155545,0.12955071956308,0.134125360308757,0.129460457671808,0.134424899250447,0.12910945497113,0.129632547440654,0.129243685575076,0.129207796155087,0.12950202680117,0.129546341888479,0.129628148900111,0.12934482696843,0.138955195696496,0.12955348638697,0.144094614890333,0.156639907708992,0.177140282434822,0.0841226220492904,0.152470166391802,0.150390541430989,0.155087819663318,0.15952886830287,0.152655255642423,0.312359961237296,0.311929734728586,0.149753704539231,0.0779189062788754,0.0327597707555833,0.0382605421572578,0.0444128025150612,0.127961561085108,0.120756734983238,0.182289667202488,0.147445476492654,0.112937390201015,0.154140555981411,0.263370919645411,0.163700187085264,0.153082957372168,0.0452096519685207,0.160433285859775,0.139238567706437,0.140357236754298,0.138679093380696,0.419959200841069,0.12943396627203,0.15538827670645,0.129642141600719,0.151273780056912,0.154699408502084,0.134283503282068,0.154189590944767,0.139150459180365,0.238386408110102,0.134300851226125,0.141799240263939,0.152778861308777,0.148133034315871,0.139657747785529,0.155742688902027,0.174652219181783,0.16715800333234,0.152238491839398,0.140254296716756,0.171596840182055,0.028865272077388,0.157659897544637,0.162742778382427,0.161519337267329,0.145487633514878,0.341225946929895,0.154826252562614,0.165822232505866,0.141851221498285,0.136120311277527,0.146154742715078,0.145713578279649,0.148635911860928,0.165273959017713,0.140596865403737,0.155128007467329,0.146632355777737,0.143430589676339,0.137281300628656,0.863689946690691,0.144848321922415,0.161597104632619,0.0458327924560464,0.155649935617298,0.145499915208253,0.152422654642201,0.0246704206857709,0.178571335498178,0.173641869411275,0.159300044038123,0.339566370071355,0.136288908087706,0.16867603398772,0.16583820747095,0.147275707016543,0.150821456515779,0.14588849747021,0.163606444754891,0.146481941549289,0.0547795783280852,0.156623423614928,0.34091471471439,0.154903815441674,0.150303993677367,0.162604992221989,0.152254116256658,0.155283763376892,0.167541919969699,0.155299487950673,0.167654124485424,0.151805577797378,0.247632920717307,0.129582010129484,0.149696268947684,0.338656076665224,0.340776774145982,0.149620045662091,0.144030389521307,0.156490436621116,0.342689596767615,0.150129917470857,0.168882239571497,0.162412274383026,0.141765495862773,0.14274654567773,0.15985857939648,0.269639515975427,0.140841919198058,0.129354508765451,0.169242481711229,0.129348812363324,0.12932254214253,0.149425984056473,0.134093326914823,0.136375096947128,0.132208097414698,0.197939574297274,0.144102702529396,0.1426041272782,0.198258902498218,0.142625126762082,0.146535199779277,0.137682619461521,0.155261390914036,0.157308089418603,0.156976116456896,0.129647842176033,0.145252745607428,0.143669003927962,0.149876968004138,0.129289215060201,0.129484808225952,0.129504977245348,0.129430698665536,0.12947513060212,0.129245158710571
FF68_CN30,0.16985033998294,0.172023093815436,0.167554326858725,0.167630241328378,0.167344523986573,0.167783785448105,0.167616102566178,0.167350487472754,0.167273508840067,0.167593663332308,0.172256984330865,0.167399822905674,0.172001030168519,0.167469519324654,0.167618026406017,0.167590270530163,0.167646608573168,0.167627975287093,0.167647459903596,0.167608661771313,0.167884380153782,0.160135412020245,0.16765531384411,0.164491607220653,0.169469991421639,0.166150140782101,0.0934395488638757,0.157702126037761,0.164823964115691,0.167413490097588,0.167515591324268,0.162681624480042,0.147516675259448,0.14765967790535,0.168176319719449,0.0849287276345563,0.0399618508995059,0.0458634570441948,0.0414202007879952,0.126867426211679,0.134286328530595,0.147348053410138,0.160494777790418,0.114329849618318,0.164987749239679,0.111023745461273,0.168803737725054,0.155906361349929,0.0586683013135747,0.166114322306314,0.165987194468975,0.168140939428441,0.170650632316806,0.144762917622407,0.167827374400637,0.172780782069224,0.167916363469456,0.165810071834954,0.161129615724947,0.171917099004006,0.171219571433771,0.164110582602836,0.103876734711091,0.172329606154893,0.16448843977068,0.162629997966707,0.159933008211073,0.172136537768107,0.176395789802662,0.15040757221273,0.154113317580915,0.170356046949712,0.158619447093109,0.157491538606195,0.0226241353268524,0.164262499179097,0.16420547256001,0.160347163771367,0.175278347672182,0.136873834689321,0.162254644711885,0.160660866514387,0.167307244894856,0.168145058365363,0.154747329224146,0.16351472224769,0.154238909684933,0.154590296318942,0.16105770751613,0.174555192552163,0.166727125806245,0.163560831805999,0.174033059915964,0.144848321922415,0.730424669521171,0.159652348773573,0.0367829747363215,0.161094018428144,0.16007735462363,0.164004829836331,0.0318114888157131,0.166370176312139,0.160746875926709,0.158440025032295,0.143255073719841,0.163280873464144,0.151627966900317,0.165496081141936,0.180021956641804,0.158185289440954,0.168179700002029,0.150519901924107,0.146635005752353,0.0737683282426839,0.153764906430215,0.143143386679473,0.157751340448218,0.158653241572535,0.157896959683228,0.161484491144433,0.157875889255144,0.174718460200793,0.158454201353191,0.16529576392695,0.160631570732024,0.155703248098735,0.167980384352252,0.163460687804665,0.137316255254449,0.137021302646779,0.163515001851311,0.163677501633281,0.168452872739592,0.136740530533193,0.16098065793924,0.164956721584142,0.16709796367125,0.168372943662727,0.172762152956336,0.17010274693517,0.147347143655074,0.172828356416651,0.167537212613217,0.165403515650683,0.167317974162158,0.167696795336516,0.166715620325907,0.152816036070784,0.165022190563303,0.169451500023968,0.157533128601498,0.163512151563653,0.172413996370127,0.157499154674971,0.172371855513959,0.157459722218056,0.162934323555458,0.164527947344986,0.169646529809288,0.158525362561289,0.165522021680849,0.150732300519426,0.160540069403806,0.160832705891931,0.167782654514056,0.167782441681449,0.167621702984972,0.167232432146933,0.167455643473321,0.16779819129436
FF68_CN31,0.147188199429596,0.141831645071638,0.14241055810881,0.142471574295979,0.142310718750227,0.142414414134865,0.142459563859848,0.142505393814536,0.142247507465975,0.142448475698347,0.141778921009762,0.142356085481006,0.141846472409919,0.142244874184113,0.142501925895,0.142218770890854,0.142300648846689,0.142426032291289,0.142503691153681,0.142440062550591,0.142399369790788,0.157639160971623,0.14245904638449,0.155820372803549,0.154959339712947,0.15969236547686,0.125197287013373,0.185108856259995,0.169224198972976,0.176925254730829,0.184550279169754,0.179839755237536,0.147553132233056,0.147779849037675,0.157236289712684,0.0994824967254948,0.0625606925316427,0.070367150508176,0.0738923470546868,0.145787101512365,0.145461025265825,0.160532599396623,0.1633179230305,0.139823924146454,0.170081108953468,0.117387715838315,0.182039363537197,0.173016250049857,0.0707000040126297,0.186900539569601,0.160251631143183,0.145973279965151,0.141240279240368,0.161362008065751,0.142335979059436,0.164265624897187,0.142625740220773,0.176647783609244,0.184259829432336,0.14164406442756,0.155851204319232,0.156752525370366,0.114105745229618,0.141385439424657,0.159336747229844,0.16753961219653,0.167957072922013,0.152922994888727,0.160777699096015,0.170814947435717,0.185990951432304,0.163599596552775,0.179876733859689,0.179709409871963,0.053864690241558,0.184357719911949,0.186375101768212,0.182235144496424,0.162729303157178,0.153991527251502,0.180659974545871,0.169360320031254,0.147817729068517,0.156880813354072,0.150682501862597,0.160516895688783,0.171821286772201,0.174071140259847,0.149591980970298,0.17850209395673,0.162032313928243,0.177499514662967,0.15835963273152,0.161597104632619,0.159652348773573,0.76326840150314,0.0660370919865338,0.184039777209544,0.170675274994135,0.174185598297292,0.0543273257311548,0.181315557399791,0.173822167841646,0.181359534458843,0.156218273795138,0.15623497072181,0.174689364731472,0.184622204071324,0.175909596664712,0.191593189736027,0.155964093237851,0.173674236660278,0.167993742728227,0.089207480978368,0.175773492299187,0.15616476100066,0.1796123623764,0.179077643404075,0.182127517968342,0.173705614863638,0.178298162760614,0.175218892257464,0.176619030341369,0.177301217271153,0.178095471001445,0.162974594823236,0.142525879996248,0.15579969882836,0.153886258574849,0.153881467754599,0.155692969535777,0.178723623488204,0.180091544557887,0.153924910645539,0.164326661950298,0.162052541372276,0.17666577422431,0.154460351579452,0.142958768999138,0.181855638919173,0.152736340692467,0.142178608125973,0.142242332712395,0.156818123718366,0.142273527295467,0.142338065653621,0.164650000585266,0.149622403513521,0.161468870900362,0.151460325750274,0.151668446827514,0.160163151203345,0.146406127236157,0.151694066030922,0.146405843459348,0.150957252065365,0.167201892754436,0.181001466550253,0.153051537436924,0.174075188252567,0.149747853729135,0.174718101306593,0.163522129657048,0.178622949491947,0.142372845005503,0.142467697403983,0.14241337501096,0.142288726047513,0.142409068280562,0.142357875778817
FF68_CN32,0.0415724553925147,0.0139514820257021,0.0120260647215663,0.0120792770464822,0.0120255472462084,0.0122455911226229,0.012044564465614,0.0122791059984286,0.0120190913237988,0.0121342170713837,0.0135787996114374,0.0120070641949141,0.0142862677163714,0.012170406960935,0.0122664153325933,0.0121741002326432,0.0120885498710422,0.0121202869686019,0.0120979145057459,0.012108067873052,0.012158183692197,0.0363688692542885,0.012063911366901,0.0841159574674624,0.0317912905839984,0.036316449835163,0.94378585522229,0.120766320796925,0.0502752015550066,0.0906474813575909,0.0655494924841031,0.109645741968487,0.0326976152879887,0.0343134195737074,0.0678547074886755,1.0599076802734,1.60918717808166,1.50686056584451,1.47295347292972,0.44915120435557,0.422377129490347,0.265613332338192,0.0543876658618078,0.593512406692217,0.0431154166752218,0.591007262579176,0.0700570867854153,0.125041251500189,1.50341847834441,0.105388797707101,0.0299302780959889,0.0369664030579708,0.0463718724102191,0.0456672212074354,0.0121884393078852,0.0433294803727012,0.0125200575485811,0.0569616759293427,0.0812732775326166,0.0138199473014432,0.0475268106382105,0.0387485047270771,0.645375260204194,0.0130746450707397,0.0351804453628101,0.0537007256704698,0.0949245821188078,0.0333127975052911,0.0328038897030388,0.129263946404616,0.0670298934999435,0.0426975052453947,0.194949847896995,0.0754174846498621,1.8056029251649,0.0652157542637146,0.0696679411430278,0.066802141744608,0.0514614345225906,0.0548409283703239,0.0579346172392955,0.0967825815648135,0.0428553811346498,0.0302804837176884,0.0664670764503177,0.0379618044677354,0.13737534760178,0.117890735271776,0.10966702105599,0.0578632056398948,0.0586860749228462,0.0559575066508111,0.0342607956683519,0.0458327924560464,0.0367829747363215,0.0660370919865338,1.82015953421673,0.061711707435867,0.17873413574971,0.0854964314877643,1.79622843756312,0.0792782389268911,0.0653956145093071,0.0839059208967607,0.0575117856203794,0.054594230339785,0.114964587396326,0.0828317714224394,0.0632306478463116,0.0719588713238073,0.0364801765345141,0.226191700673284,0.216005540452948,1.38412180843008,0.124247736424238,0.0574008080220351,0.0740377659766552,0.0701878244306951,0.0762946846722127,0.0617389458363631,0.120728670291444,0.0727672596431118,0.0616741237013996,0.0620817565682696,0.162289411544202,0.0528680827803542,0.0123684080563752,0.0213820275401718,0.0541737816114284,0.0545173268244883,0.0213263780732475,0.0689767985510005,0.0598435587957436,0.0548970452343457,0.042832895995708,0.0381310648148661,0.0597493282023312,0.0288234442103475,0.0259472577460728,0.0663665902475375,0.0373395194838259,0.0134222841815911,0.0122487418798431,0.0363998718706951,0.0120209901245075,0.0126750748038024,0.0313319644327795,0.202617322008028,0.0341129855094471,0.028572506220424,0.0201339479209329,0.0789529222006348,0.0223448906002093,0.0200999739944064,0.0223509918016074,0.211053685210436,0.0606198886819837,0.0603129172918055,0.0286547347240818,0.120892885253834,0.103300283855058,0.0651528935272856,0.0298848445941962,0.111252515474571,0.0121685498921101,0.0121122911396836,0.0120444893482234,0.0119808523987575,0.012064303646608,0.0121968566288292
FF68_CN33,0.149937370732617,0.13936074196918,0.140531329653562,0.140510050566059,0.140891918167928,0.140423803282,0.140471081333053,0.14113412584778,0.141004648505388,0.140511782439233,0.139070354829588,0.140745735552488,0.13946637788641,0.14081826973956,0.140577293150278,0.140882265583226,0.140641347418581,0.140498561778475,0.140511661416771,0.140568637957597,0.140462676531674,0.152778857135589,0.140509583168962,0.167058727354188,0.160627155498728,0.160555839882659,0.118374666541629,0.190302764774389,0.167741548608604,0.182802355913404,0.183205969999873,0.179807913810267,0.141722311709512,0.141942643535924,0.158317562819554,0.100585053093056,0.0635355493350578,0.0708553300837904,0.0733043030813597,0.144687549840431,0.152205064600548,0.158583136181094,0.174293784032617,0.139233042405034,0.173325470788567,0.104258155781804,0.185902358816381,0.178613831075357,0.0705645840499978,0.181847976945324,0.155201196844976,0.146313186157951,0.14098425413382,0.155499972093194,0.140566714117758,0.160892311541431,0.140769213910262,0.177403422827541,0.176617093981965,0.13918664072354,0.161109672057723,0.157304554728053,0.101099628085116,0.139375673637171,0.157277320500746,0.174649723615138,0.159930529337181,0.151167209345487,0.160689811748927,0.165678670652723,0.185246120771887,0.165318658038352,0.175961406798336,0.172808750777685,0.0508929210708387,0.171956756813094,0.178537269761507,0.189826257606648,0.165882856413329,0.144590794468054,0.183820622222252,0.174762095058398,0.149126023622758,0.155053374166506,0.158761711084669,0.160949029344578,0.177838148033314,0.171755604960433,0.149956717633904,0.182012496550466,0.169554611162233,0.170090185638174,0.154682678189906,0.155649935617298,0.161094018428144,0.184039777209544,0.061711707435867,0.773694247347836,0.175009339776613,0.178064910743006,0.051366907632804,0.176365863868855,0.181449462495045,0.189872212756987,0.15207024975023,0.170015965483,0.175308791081347,0.18277419106509,0.17328332575921,0.185625446902038,0.15484893384141,0.158551853961067,0.165838541326019,0.0881526241538848,0.185671001426293,0.151940826659287,0.18791362695168,0.194078169002859,0.193909305108624,0.187261007061504,0.172749700162238,0.182631935419907,0.189914057316781,0.170451638002533,0.167505713387394,0.152311764680812,0.140692765272498,0.155657893887521,0.144452182016319,0.144369352573535,0.155578832833836,0.182634151382931,0.180463375641724,0.144372357269162,0.173096158260781,0.170372251440156,0.172158063073724,0.15559483283805,0.152836413749599,0.178754751300262,0.149645385261879,0.146384973344306,0.140913631267021,0.169615831835632,0.140973203531014,0.140450323894097,0.162678544667024,0.156377084478588,0.164602559779867,0.156297384927083,0.155093716378486,0.170273492937361,0.154476823153952,0.155167577639461,0.154606367267358,0.155831911669394,0.16471751025354,0.182555228044463,0.157990046823027,0.170010168924353,0.145248655882825,0.176544997979671,0.158003463623639,0.17825696087183,0.14042692900009,0.140480633761234,0.140494417802422,0.140936613015379,0.140781691743491,0.140404865353174
FF68_CN34,0.148619194068314,0.134486132443411,0.1346620824115,0.134640093881975,0.134373531474791,0.134697153886568,0.134650076148558,0.13458239537956,0.134366366110358,0.134638278545033,0.134117706681285,0.134514672878679,0.1346244026937,0.134379340553003,0.134721525306654,0.134405735969448,0.134486195041237,0.134665496079588,0.134656603015169,0.134678107454844,0.134638833579087,0.141742743639775,0.134631822622624,0.171802732776705,0.143299710142654,0.142255040070984,0.15626522216431,0.167260763922783,0.164949860862461,0.183521696739253,0.17666275283593,0.163794355080851,0.129910778082523,0.130358840798329,0.16295373305457,0.132920677675386,0.154436322360813,0.140704120518054,0.140035095824392,0.175678072347089,0.168682531642013,0.166433078780451,0.157946787552375,0.1648459943771,0.149398086292214,0.120519243006245,0.165346242813483,0.174256404784379,0.215981719893728,0.172475504993524,0.141587680479482,0.142731889440172,0.139489426405782,0.145399612625761,0.134692500781535,0.143659221974421,0.134998579109402,0.164589447622006,0.166406771000962,0.134356016603199,0.153568269967372,0.149811394695268,0.13336147069705,0.133815743117152,0.157091413305204,0.159022101346252,0.14765785839522,0.158780907751174,0.144618788215645,0.177973976968407,0.169083579217634,0.146164399472968,0.241332908625236,0.169446671645023,0.184785880692415,0.167045256302127,0.182757706971025,0.170337142406392,0.160436436616995,0.129039082495633,0.173828097942321,0.166575810169109,0.146492541447751,0.151275562008346,0.149766662289122,0.157357800438476,0.159847374385705,0.157807231960068,0.139432821278721,0.173937594058793,0.163232739909476,0.171522515697172,0.168000999902804,0.145499915208253,0.16007735462363,0.170675274994135,0.17873413574971,0.175009339776613,0.815087807447533,0.180230094411797,0.194186066788186,0.178935429490775,0.161842579918965,0.169127385175962,0.142370015583788,0.161079800375365,0.165878144883658,0.178465006831678,0.17439356913975,0.172464554547239,0.154473605625718,0.155730369649956,0.164709785681866,0.203644076582022,0.168327948345713,0.14199157834276,0.171367277262967,0.17638677988897,0.176608109107402,0.177097507254021,0.162313774617911,0.175101174959901,0.177081636618647,0.177257281943985,0.169140234422956,0.137320511906588,0.134834159660781,0.137843061861624,0.129037392354343,0.128919090810408,0.137901632560408,0.182121191414771,0.177669559569511,0.128788010963682,0.157541608520267,0.15076394998003,0.172770987596117,0.144847462245611,0.140781541508709,0.170139963429061,0.134048978442007,0.14100595054016,0.134354806378571,0.150902136766552,0.134388129287712,0.134751342737563,0.147468074307682,0.143167950066224,0.155801898098632,0.149053239044383,0.139205728887148,0.148773819043829,0.136254771406833,0.139204389293681,0.136285703079038,0.197568352498939,0.153888553828453,0.172326459570861,0.138115704604264,0.189843296734766,0.136584916512035,0.171377388898389,0.154762699076916,0.186421895729413,0.134666226387552,0.134644020852232,0.134638649958798,0.134392686409413,0.13457120288835,0.134627845574106
FF68_CN35,0.161225982990805,0.147079441967465,0.143341400294479,0.14335843107622,0.143234466515666,0.1433842756318,0.143316624075121,0.143478093079564,0.143312434193997,0.143333204152518,0.146507406344728,0.143343683028517,0.147280143115781,0.143246660572085,0.143409356493908,0.143323426372166,0.143286118068131,0.143341976194474,0.143387710165829,0.14345745666307,0.143393352316507,0.14312190310574,0.143347322048777,0.155515366985094,0.152102470937641,0.158866629213499,0.124548911255769,0.176041532015055,0.16582957314421,0.17199326803815,0.176607420531321,0.167488423867974,0.134580329651317,0.134921266621645,0.159461863590389,0.121168065295004,0.0901722303195493,0.102905053704026,0.0862835156804361,0.135737909507547,0.149423313215916,0.152677002127023,0.176725722075256,0.136984791421723,0.157353063869675,0.138001317511021,0.169241793135147,0.167418806739572,0.098087358121258,0.176058900825054,0.151499299156469,0.157882028015237,0.162948549954614,0.152332993690054,0.143469721663692,0.145639988275918,0.143711950209486,0.164397193006953,0.164156425077089,0.14696989994592,0.15510492556245,0.150579015137379,0.142567194561119,0.145969198586924,0.161346650732546,0.167367272036382,0.156284677568494,0.16089221138491,0.146464760532767,0.170915033012413,0.167903071864495,0.153059470668017,0.161801624248294,0.173344350292756,0.0783837702510622,0.172538470059662,0.183531712391343,0.174964127453804,0.157982480832511,0.156824383500923,0.176345202413231,0.162029000416677,0.159806644067206,0.157148327248205,0.152122723420804,0.157902656085354,0.162868182692969,0.159087069542808,0.145923510520641,0.177771422924454,0.162483573306341,0.171640996688207,0.167752699367931,0.152422654642201,0.164004829836331,0.174185598297292,0.0854964314877643,0.178064910743006,0.180230094411797,0.777420199329905,0.0847603144446649,0.180113816864222,0.165002438862744,0.175155518218865,0.164937370509667,0.169759827700366,0.170683199878851,0.189178294994693,0.176155827298154,0.170239039094172,0.155470375841268,0.172998192663776,0.182020175217068,0.113780478581623,0.179704564800264,0.164949126381307,0.188222914461405,0.179704134961862,0.186436013625672,0.186662208781745,0.168468897782936,0.168373540428664,0.178965918805012,0.169434978371208,0.172012059905383,0.160537715725565,0.143595063376408,0.145402170790232,0.156650298948035,0.156715033446043,0.14546854535127,0.184440361561256,0.181149376865678,0.156832967749401,0.159641561081635,0.158435860190301,0.174362979668993,0.151611996108422,0.14821011310508,0.170598976591152,0.157453474955065,0.145886206389795,0.143320738838855,0.158461245695161,0.143352642863949,0.143459038301463,0.148692575412626,0.132890977093751,0.163132566695824,0.15283244087427,0.157928617490209,0.157535432201479,0.143164740884367,0.157995384330953,0.143229725773676,0.153192758131392,0.159024208806379,0.1757715142079,0.146614824213392,0.17228957693204,0.13773492620456,0.171409317962614,0.160037404691357,0.178923097719139,0.143348382038623,0.143342493669832,0.143337122776399,0.143252912008264,0.143336363256115,0.143352567746559
FF68_CN36,0.0291305449693655,0.0018969269471285,9.0695902862469e-05,0.000121206083041128,6.18007465830926e-05,0.000265527456468079,0.000127641139509093,0.000347284389840097,0.000170274431905052,0.000156281731297436,0.00139370720062587,0.000103620267246814,0.00226789418097278,0.000165512823973816,0.000343816470303977,0.000190489356372885,9.50068064493527e-05,0.000181370939782779,0.000122816933752227,0.000151415793657429,0.000190889982456531,0.0270307676819099,0.000122157569989796,0.0753652738901552,0.0213677427163788,0.019842780395115,1.01440541685588,0.112283096862302,0.0377729885598994,0.105357336039973,0.0616173391272385,0.102113170344728,0.0130307473022676,0.0150353258166087,0.0597240762394995,1.15177006440268,1.74079888931947,1.62680337468748,1.58760810093299,0.492736768259455,0.473082653537396,0.298588481345591,0.0436952394674586,0.672733243413068,0.032244210891068,0.621578112570517,0.0608183070962612,0.117206457574618,1.63616671570312,0.0978462938950195,0.0212611803513307,0.0270962199683173,0.0355276254229408,0.0245083966472753,0.000309116409000767,0.0286712730695953,0.000573337657508702,0.0486799335292604,0.0697068185658901,0.00177248664310023,0.0402773063816419,0.0279290882106048,0.681635125778236,0.00135707495310719,0.0260289270424892,0.0439014867831194,0.0903184588400615,0.0307867582380783,0.0210288547815407,0.138314582069262,0.0540913736606706,0.0327372230188158,0.219957253543707,0.0620845150457827,1.98343265587727,0.0562110904421617,0.0648773629382929,0.0539785515130664,0.0430895929855832,0.0299490198849623,0.0542238097936174,0.0850728153094343,0.0282439970050645,0.0243881420511828,0.0635522629544828,0.0288485960166584,0.135697800994115,0.113239917145578,0.108933741780982,0.0539040934861549,0.0548745267098971,0.0489399899357743,0.0305258671938905,0.0246704206857709,0.0318114888157131,0.0543273257311548,1.79622843756312,0.051366907632804,0.194186066788186,0.0847603144446649,1.96332211281226,0.0825455032197687,0.0574132566429451,0.0754085081216767,0.0303397304729885,0.0493921757616907,0.111123952060433,0.0838217268213801,0.0622008218056764,0.0641425228908349,0.025796972886464,0.216995487505512,0.206366635462803,1.48203005747965,0.115462290187802,0.0301010533104982,0.0725425459689101,0.0664436732099342,0.0703228854991271,0.0553648930362177,0.11569262514674,0.0691110792332071,0.0569573274670603,0.0607213305449009,0.154810757514194,0.0350684661992566,0.000450065846224248,0.00852083688140981,0.0293627495166925,0.0296545054620708,0.00838147325576723,0.0634994804679692,0.0536887235807155,0.0298838221630453,0.0362850298999194,0.0292434589271136,0.0563868567899624,0.020229547320131,0.0169979304023165,0.0586346654153062,0.0184317544627505,0.00428992079589212,0.000305569198885703,0.0276498977354111,9.27157260338507e-05,0.000794333020872083,0.0190915355441716,0.21491578325412,0.0236780865694587,0.0162788691800884,0.00785449972105809,0.0681427284304621,0.0108798818427768,0.00782549188869284,0.0108788886239445,0.210360844130741,0.0487384374570305,0.0544120623210236,0.0146712067848811,0.109701011675269,0.103801433700129,0.056157452452032,0.0206999824987927,0.105868134296557,0.000196999530231382,0.000192530045486467,0.000102735551312104,3.48419497078255e-05,0.000120421523627479,0.000184158629614475
FF68_CN37,0.152273600873161,0.136483992124475,0.135798679476602,0.135830608540827,0.135627895915716,0.135823109321325,0.135824983082903,0.135858752523199,0.135560427979326,0.135800415522964,0.13602688610947,0.135711572515739,0.136663410012101,0.135554247487348,0.135866635676032,0.135563616295241,0.135668196395813,0.135818410311219,0.135815902225008,0.135823217824222,0.135742086869106,0.161160952196423,0.135815952303269,0.152553513309943,0.147945916895702,0.148559922273884,0.125465577120542,0.175757821976855,0.163061397141348,0.186220485139074,0.187549921065602,0.171388293439602,0.16143916197235,0.161716249160605,0.157605320587124,0.122413912258464,0.09038442025545,0.099179130970069,0.0945074343824526,0.139765478643321,0.16528295641184,0.167932910161346,0.152742391815605,0.138731504453445,0.163535208429402,0.153586406644031,0.16972569936587,0.175466783819877,0.109385289109078,0.174852206714888,0.151530581376497,0.148594079820699,0.140516059957313,0.178429175836327,0.135697851072375,0.157827559560622,0.13602450321891,0.172013119895229,0.177220157260238,0.136471643660086,0.161973810000473,0.148074042125062,0.14817965717635,0.136326529380869,0.15384365866796,0.170571888425437,0.157954770861729,0.16087737987344,0.152673154447345,0.170331938440494,0.173526885552094,0.162003473023413,0.171441589228285,0.170840796164485,0.0740285724426744,0.175071954294928,0.202976166129655,0.17946915107108,0.163350185949795,0.162912881713609,0.176143078207681,0.173181495789775,0.145725705565054,0.152609383955851,0.151118929729226,0.158217715114595,0.159850283097999,0.163836141216008,0.141060352223761,0.179975726061033,0.16429271723609,0.170814563502387,0.162973964671792,0.178571335498178,0.166370176312139,0.181315557399791,0.0792782389268911,0.176365863868855,0.178935429490775,0.180113816864222,0.0825455032197687,0.820675670201586,0.187427258539819,0.177077463430276,0.168214349985072,0.154519660932578,0.176963956879779,0.187953864833952,0.181046787375959,0.18388238541014,0.151294666864708,0.169570945021516,0.166538798161448,0.12217537281119,0.174082303538739,0.168237456929081,0.172464855016802,0.178445651584015,0.177299176582039,0.16496541016233,0.171943102140744,0.182244617634026,0.182897003825654,0.173480992999581,0.168289684381541,0.161677146385571,0.135953020675307,0.153620413956065,0.162676366262695,0.162819139383236,0.153482469214468,0.17370302331366,0.181485009713587,0.162949134200986,0.168031489217041,0.152241079216188,0.179390152615221,0.149164487899971,0.145460382594816,0.186066298348339,0.159441398274618,0.142109203830179,0.135629744638164,0.152298389612084,0.135677965829789,0.135724768137367,0.146694144004755,0.14309423904003,0.155529543305989,0.142555530499623,0.155873430720495,0.153861298735203,0.142667488797234,0.15600120957522,0.142616125194766,0.151156016854277,0.153771566838854,0.187874661891863,0.146654619737695,0.164656047535216,0.140672792392955,0.16527980565462,0.151126170211049,0.166224861719879,0.135747486974858,0.135821765554669,0.135807171914937,0.135605193770979,0.135707090511428,0.135737483842333
FF68_CN38,0.1575650660121,0.148214353064464,0.146896927574068,0.146879905138704,0.146577870630368,0.146961795614104,0.146845901999859,0.14671933754295,0.146650162772515,0.146878089801763,0.147589818732023,0.146753774693385,0.148313604003487,0.146621280135801,0.146932249440439,0.14667889100126,0.146818943202983,0.146871254119211,0.146887900967622,0.146914371501458,0.146972291182856,0.163557184439363,0.146868796111261,0.158247232075942,0.154782546760807,0.152866681884852,0.114288055136785,0.176369807531866,0.158051054663819,0.176054627480162,0.175714036884469,0.167704607545146,0.164393725087416,0.164687838884224,0.16185532483625,0.100571348342446,0.0657679380293717,0.0683571593685179,0.0744711098570775,0.14143666113872,0.137065346476844,0.1619456660181,0.16218905888345,0.134157468820082,0.169687936184303,0.128098020171645,0.180105282694003,0.167051829073811,0.0755297434170362,0.174619956262489,0.153309599059397,0.155374663765984,0.153436864611952,0.173505385285608,0.147055754950272,0.160620369894437,0.147216397663417,0.172885470672693,0.178370609310731,0.148065791731653,0.162570187830977,0.159961899194164,0.126515163208113,0.147674501070443,0.157735394695453,0.166872594806474,0.16483254836417,0.153608173994573,0.156470534685775,0.166504235815362,0.176560906173741,0.16139167108869,0.163435273087487,0.176195401643474,0.0561347628268601,0.1715493117397,0.172030042174073,0.178662962022047,0.165917393720285,0.158239524197021,0.168847622973962,0.175613909575889,0.151125715333517,0.158379013018314,0.154257238328258,0.16161638893608,0.159519420204398,0.163313728976188,0.149513091017336,0.180329474719659,0.160622510740071,0.162902603150651,0.15889370068646,0.173641869411275,0.160746875926709,0.173822167841646,0.0653956145093071,0.181449462495045,0.161842579918965,0.165002438862744,0.0574132566429451,0.187427258539819,0.762148401404484,0.182458318264117,0.169918876255554,0.152663497689455,0.178962192147797,0.173825773476398,0.169987032768025,0.17751062369041,0.158816617724063,0.161999516840837,0.153919689986887,0.0845477238826803,0.173071085745049,0.169942692641586,0.170770444554931,0.16924747284452,0.179559195956556,0.171201142633926,0.166460271275875,0.170652072066793,0.175080818147028,0.170448574882269,0.168115608175031,0.160221817885462,0.147159813402297,0.161908562200296,0.158043446941419,0.158149329076763,0.161796157371529,0.172748560881813,0.17262310649301,0.158177873685219,0.167798529322619,0.155197770657323,0.166702228564425,0.154585780929125,0.156678526394175,0.172157424575903,0.158397546147869,0.154023310254134,0.146681879004133,0.155040829562263,0.146583955139013,0.146986897342154,0.163145132166008,0.149650639306037,0.156365003098255,0.15609567804037,0.158333512745508,0.160436853935832,0.153589085830965,0.158373320789376,0.153597315358432,0.153042869724678,0.166656899392342,0.173419517761691,0.153079063787418,0.171704800565208,0.148702703740802,0.164207575846949,0.156538949935926,0.175963818901214,0.146930158673065,0.146915047557974,0.146863562933044,0.146569357326092,0.146764190971559,0.146921574424586
FF68_CN39,0.1488860068668,0.142426270163026,0.138783293721127,0.138757757981486,0.138398968111308,0.138748839877937,0.138710275444203,0.138670972356127,0.138572001020725,0.138748848224314,0.141757040983134,0.13865574856495,0.14259149921019,0.138371433414437,0.138863310434948,0.13845813140284,0.138552069873066,0.138749816404016,0.138747308317805,0.138816345373023,0.138720316135423,0.158108924266957,0.138747358396066,0.159511002883455,0.160931535338928,0.158433928004085,0.12488666408337,0.184138452248571,0.16524788910996,0.174459346934851,0.173499413453049,0.171231498406135,0.147185044499187,0.147664322664007,0.162720389226818,0.113765805651311,0.0839845354192895,0.0886836373349369,0.0947585685122296,0.14873139858404,0.150059741135214,0.160583791898367,0.167656273677435,0.151626314317722,0.167233521349098,0.120209988882028,0.182653143563207,0.176882112309451,0.087381936418322,0.185714465183175,0.150674985950342,0.147526361229657,0.14445061707068,0.159173492100779,0.138903101786063,0.157048583872955,0.139120499861051,0.173305005472796,0.177593315417977,0.142213859048141,0.15826767652577,0.15273648675406,0.116696740173822,0.14178000186555,0.156126634751704,0.172058161117315,0.166651102833695,0.150096690545049,0.156502714141303,0.171472003425132,0.183168903740764,0.162027585705819,0.166042017644602,0.187065726884881,0.076271819773129,0.176996662157041,0.183172793152325,0.18175354603887,0.163182749285982,0.150529562855185,0.177325000271678,0.174940903660521,0.14869896873721,0.15655387325754,0.15148641235078,0.159667806263298,0.164173614439988,0.162400222215011,0.146150590392649,0.175091209386071,0.161489703456708,0.17328908893235,0.151963416127938,0.159300044038123,0.158440025032295,0.181359534458843,0.0839059208967607,0.189872212756987,0.169127385175962,0.175155518218865,0.0754085081216767,0.177077463430276,0.182458318264117,0.773503901340549,0.15668519932238,0.159569460906153,0.202062588424276,0.196438783083054,0.173679223620381,0.187450870439621,0.175771117755005,0.170532940058373,0.160232559672328,0.0980649773120254,0.180917769084288,0.156530236318608,0.175960976959933,0.182428450754947,0.187190208920793,0.181319459330918,0.176254372968341,0.173968258646942,0.173183315299904,0.174095361445151,0.168439368302025,0.159228144175683,0.138928412173532,0.153271360134355,0.150257575303119,0.150304573750551,0.153188042428533,0.176835201498975,0.177682392123752,0.1503267333808,0.160950540038768,0.166241199752351,0.174105510639269,0.15403976513588,0.151116046056062,0.178318473668415,0.149169378876742,0.144568830977659,0.138478855456289,0.165335797322991,0.138468192960002,0.138844885808291,0.160514066267068,0.144545039630757,0.161459051388125,0.14645532495386,0.148096518917627,0.165110203106043,0.153338197919302,0.148087375461907,0.153473417568892,0.151046754436353,0.170374630157527,0.17634763955524,0.152399672893843,0.175763063501449,0.143745377448336,0.166043156925027,0.153748259581804,0.175988903936511,0.138758350574234,0.138705639031923,0.138735740239641,0.138494033342394,0.138639915488272,0.138719969760788
FF68_CN4,0.13979232476411,0.133805076447676,0.127717362794404,0.12773084636603,0.127515363784504,0.127720509378435,0.127692586575046,0.128012261150625,0.127666403991208,0.127760955920125,0.133377057555615,0.127644444674001,0.133794363873128,0.127580056550628,0.127794541740133,0.127702226640183,0.127664208894125,0.127707297064053,0.127723943912464,0.127875985684377,0.127834583482551,0.140268531462289,0.127740311157255,0.140157370243656,0.154400357823434,0.169564309652007,0.0840390664717306,0.148295968109432,0.146605117377241,0.14662220658362,0.148746927017967,0.149631772321413,0.316996323438977,0.317189696468514,0.14393998574163,0.0764590331766309,0.0349435918836378,0.0410757666858126,0.0483226960851562,0.12401225592404,0.11588160798211,0.185521334198563,0.138098736420348,0.118244884556486,0.152382007787469,0.280816257572959,0.166935401291454,0.148716500301556,0.0425721051080409,0.149677593929724,0.139731079051581,0.131577340858396,0.131972187076097,0.339085097122494,0.127907405619621,0.156137606063931,0.128091459919526,0.152220334296797,0.152518032862415,0.133625299665851,0.152489926438738,0.137382688240124,0.273948766979853,0.132523148097562,0.135749277272669,0.153969463604585,0.14592540932135,0.140864667247867,0.15177493824836,0.178909739343164,0.16605923621982,0.152642322931662,0.143211409649917,0.166130747975742,0.0339159484205206,0.152315829366285,0.155436393568365,0.165039037724756,0.136262917470533,0.37758217142342,0.15088262293773,0.160945686620693,0.14020405570196,0.136007668577022,0.141684707109103,0.138885357389111,0.141286960525483,0.15811726647051,0.13110256139064,0.151860476090395,0.140746273893788,0.141559240200735,0.134684901405512,0.339566370071355,0.143255073719841,0.156218273795138,0.0575117856203794,0.15207024975023,0.142370015583788,0.164937370509667,0.0303397304729885,0.168214349985072,0.169918876255554,0.15668519932238,0.887223675693355,0.136459332754392,0.16395698423166,0.155986344678244,0.14654372142993,0.150546351592001,0.143810700365904,0.155496971570755,0.142536183598336,0.0585028886461222,0.150062662367073,0.455950897330405,0.163095191620775,0.146633499231351,0.175985936799579,0.143120208791262,0.148325005154116,0.161447971573001,0.146352873179357,0.16188864774539,0.149612141643317,0.263547282759149,0.128171797968852,0.15052860302186,0.374702984436707,0.377197557863603,0.150419035961185,0.142332853341346,0.158775707958464,0.379506958576111,0.151998036898662,0.164810910382467,0.157571200599005,0.139023661024907,0.132826576450813,0.159279833286843,0.295696061178554,0.128640384425065,0.127753456700622,0.164332592050973,0.127562595930485,0.127813717540697,0.144846694378951,0.125873890217117,0.13277909391353,0.134451511672687,0.213467999878586,0.142161827735535,0.140903753330148,0.213877427216455,0.140973704313619,0.143065477425779,0.143305815517241,0.154829499303167,0.155455185435598,0.151609346133807,0.129794145813936,0.145434521346483,0.139922599185481,0.149973610700429,0.127734986168893,0.127785143719922,0.127669809312918,0.127641644464604,0.127692461379395,0.127724983036369
FF68_CN40,0.162005334265426,0.1670357205667,0.166378785599747,0.16637737088889,0.166284621777349,0.166403924886493,0.166405089206049,0.1662927135896,0.166379616064233,0.166400386022755,0.16683968921617,0.166383196659855,0.167078925585902,0.166275532573077,0.16632329888717,0.166382094938125,0.166406508090095,0.166391422014134,0.166432899333351,0.166421059997943,0.166491749635756,0.157999995704103,0.166435077737681,0.170952499897606,0.168408670328369,0.165530802069181,0.101473983947917,0.16098117124141,0.168149123050836,0.162575809115712,0.161327132730536,0.158137652495701,0.137105617744622,0.136912344871606,0.169174508819045,0.0936442270607093,0.0595871497558658,0.0653830490391228,0.0610270541517562,0.132534453264858,0.134942566575089,0.14075095621114,0.178589100761072,0.111509112307926,0.166378259778013,0.0993938665508761,0.160105982695854,0.154387450151803,0.0712899885185496,0.15236392118907,0.167992081799255,0.163004583354868,0.16212243393111,0.136227624816481,0.166531937439767,0.154721230104075,0.16667342521829,0.177989067217556,0.166051019211918,0.166897800864234,0.165771770312087,0.172398997931122,0.095077529472597,0.167538038904514,0.170156885707905,0.167810347792085,0.153545905850893,0.16353313852797,0.154625146615026,0.167578911111418,0.155283191650085,0.160489131466552,0.15249483828145,0.15993486110671,0.0463443335401601,0.16693213368496,0.16244464163203,0.158795618240181,0.163544180784399,0.131052157621497,0.165186063324247,0.176805642805745,0.165603878770742,0.177274162490945,0.163434450969378,0.163160714851384,0.159479562082269,0.151021097674249,0.157755968514121,0.173133474911192,0.167223029953534,0.192110201870095,0.165677965383888,0.136288908087706,0.163280873464144,0.15623497072181,0.054594230339785,0.170015965483,0.161079800375365,0.169759827700366,0.0493921757616907,0.154519660932578,0.152663497689455,0.159569460906153,0.136459332754392,0.754683023858853,0.151809588231402,0.158303052643589,0.162043990509304,0.160652023528229,0.162414778296049,0.139655510956562,0.157347584473345,0.080124932942251,0.160211610266707,0.136249742714847,0.17648132347151,0.16578100975114,0.162158582088778,0.168695264039733,0.171687310732746,0.154150321242198,0.16441139019379,0.156397236805231,0.152468025546168,0.144892774724941,0.166692751253635,0.155409943900471,0.13150947646911,0.131132228586768,0.155556485410111,0.164240802772757,0.160861137824301,0.13080676162573,0.163245201049951,0.170556351645133,0.183042677312113,0.173253199512362,0.172598276022204,0.171259141605903,0.138999852985252,0.169469152610776,0.166360961912216,0.168918805048002,0.166324050061076,0.166459532621534,0.155190029392896,0.142415620186304,0.173068686161736,0.162528059494374,0.147184501984699,0.175858575263691,0.171387437935986,0.147118603167136,0.1713786408549,0.145554579802722,0.164246795471258,0.171729497493986,0.165204717476264,0.160777135715585,0.153738193851453,0.196124533652357,0.169002298027736,0.156730006845917,0.166398537300306,0.166443019315151,0.166396500784381,0.166291716197579,0.16635175585867,0.166448127297716
FF68_CN41,0.15558456262147,0.13698272569348,0.133308533802567,0.133336206214653,0.133202309465777,0.133375530168671,0.133327742988637,0.13342607165303,0.133175989166722,0.133309560406906,0.136549031265234,0.133261865037016,0.137538147853312,0.133205280775897,0.133399192146734,0.133218906235927,0.13322771166339,0.133315494680769,0.133362647536171,0.133348679874694,0.133286703854199,0.152259578960235,0.133321549977095,0.160783746045965,0.151031985522709,0.148535087629889,0.145250492085708,0.178356503934038,0.15240344545613,0.175826445886424,0.182822904692942,0.175923042677643,0.155547951239893,0.156030067172804,0.15627085596861,0.144832985455153,0.124270204870426,0.130694669786091,0.12978514424662,0.15756324650197,0.151209041385716,0.163132821260314,0.163755056165963,0.154327873714622,0.171199306431043,0.152100830874611,0.178976109731013,0.177446832332974,0.121419549972604,0.194443444007766,0.147418651237807,0.153335276687442,0.156323842941354,0.168413269181954,0.133324763332141,0.157648775997629,0.133660638224975,0.166886687663602,0.176463178448473,0.136834873802691,0.157243246417698,0.149226881239303,0.146884921311126,0.137234610997163,0.150988150352062,0.163172403952011,0.165054153013035,0.152996893708397,0.147306930811933,0.173947250816683,0.178340445505187,0.159169247968206,0.160345202372833,0.185392866767757,0.110685437599619,0.168101682245437,0.173266148915876,0.179420904840325,0.159851213719006,0.154269745373805,0.171651596586668,0.175054418557394,0.150737909284596,0.149702795814295,0.152384570125129,0.162170012451725,0.155254513499601,0.176125801207826,0.141247640744654,0.179876400004619,0.155398438420133,0.163464739970573,0.149076700709403,0.16867603398772,0.151627966900317,0.174689364731472,0.114964587396326,0.175308791081347,0.165878144883658,0.170683199878851,0.111123952060433,0.176963956879779,0.178962192147797,0.202062588424276,0.16395698423166,0.151809588231402,0.797382461902424,0.185130990851114,0.169922022839585,0.179730726518161,0.158007403113461,0.188849318382236,0.18683025473106,0.133280974066566,0.182349427259958,0.163982928943762,0.169539111940624,0.186860339246025,0.180595949489887,0.173317666926313,0.163030377832188,0.18569959611301,0.169091967326259,0.175087875008563,0.171323963740867,0.159084841060218,0.133541623065828,0.145251831679175,0.15398853507544,0.154087322790553,0.145181283929767,0.165552949179865,0.17489925524058,0.154271235202053,0.158041122475497,0.157178082081288,0.166052638409006,0.149523461390438,0.147777416068855,0.170422388125242,0.149332554715228,0.135635541196811,0.133253819129837,0.156335110549955,0.13319633346003,0.133324012158234,0.150203749519513,0.14425133480641,0.153286992897992,0.142932240040665,0.14454718464958,0.155672500046819,0.144506358347748,0.144552939476343,0.14453445225186,0.149063868155163,0.159656384246728,0.175251555802842,0.148440281136482,0.169069482187318,0.138660101200421,0.160893321453016,0.158994587515323,0.174931839495379,0.133303455032319,0.133329491554565,0.133312769588763,0.133181026205086,0.133282213503512,0.133289904689679
FF68_CN42,0.148058033774472,0.138458306676752,0.136547078213077,0.136591777233716,0.136430212245941,0.136626844535596,0.136641488253589,0.136633400614526,0.13622936920922,0.136589252454752,0.138369401071701,0.136430884129269,0.138578131434442,0.136409771969301,0.136663276470073,0.136343939922752,0.136459871095692,0.136630658829767,0.136675683359099,0.1366517835093,0.136513187750317,0.150522806463213,0.136631038589908,0.159062581273449,0.154293941519979,0.169765081744525,0.120625701041583,0.179593712397571,0.163458622076421,0.17455010126235,0.179063512988251,0.172332498174434,0.139606021115673,0.140046279969226,0.151609054010621,0.129076929140968,0.091178223281399,0.0954651393816639,0.0949344558824932,0.144650633816103,0.157149141019937,0.158095015030117,0.162268716703071,0.144909972434217,0.167926591954153,0.147658246501739,0.177601862107761,0.178547118486062,0.107036263972989,0.184039418315344,0.153895089041441,0.144412565939115,0.140296070332348,0.16567050789627,0.136461857533357,0.15570697475595,0.136843846157688,0.173860444325383,0.177920313939147,0.138371466799944,0.164688072582773,0.153242264665034,0.144924674576847,0.138206488144082,0.155438421737913,0.171078367432057,0.161001052310808,0.159535762410058,0.154260823097068,0.169220889634598,0.179379010202271,0.157382105087548,0.169874369201579,0.179390928828258,0.0760631895669085,0.176607124234947,0.182672582274638,0.180717706433793,0.160343508058354,0.1523733484216,0.175048346568315,0.169489496904084,0.146935951058523,0.149851010772472,0.153860860550424,0.157441522943571,0.162187122524046,0.162410809593908,0.146037734859538,0.189253746240437,0.16402022890142,0.171848157932121,0.162634079344933,0.16583820747095,0.165496081141936,0.184622204071324,0.0828317714224394,0.18277419106509,0.178465006831678,0.189178294994693,0.0838217268213801,0.187953864833952,0.173825773476398,0.196438783083054,0.155986344678244,0.158303052643589,0.185130990851114,0.781771193060687,0.18231804488341,0.185706298253533,0.164048243514953,0.175219459811082,0.170950046062844,0.111437195752732,0.182960907859175,0.155994553339769,0.17828221700785,0.180446215491143,0.184226815339134,0.179608230919913,0.179822102650727,0.178029050535336,0.174214789749946,0.170246584218746,0.172571813834745,0.162702936953051,0.136734763186864,0.151768707678122,0.152282268585407,0.152317915960471,0.151716605421313,0.175024651204746,0.18528046193899,0.152386189322217,0.161659927810353,0.160054101618028,0.176903495726663,0.152349110543542,0.143667560004786,0.182953204153443,0.149900049909017,0.138686792913241,0.136368211186316,0.159666591865483,0.136397986885342,0.136494450134533,0.159554846400478,0.142314499658891,0.158226069837713,0.15183426012105,0.147351550541993,0.159882980028884,0.146660875347063,0.147370784767194,0.14663150444731,0.158400776195668,0.161974782353363,0.17719394963727,0.155680787998923,0.172239920163616,0.138459270683265,0.161435986176,0.156250407345593,0.174949517121318,0.136544837210922,0.13662762909501,0.136544929021066,0.136311025986072,0.136515082377838,0.136553279570996
FF68_CN43,0.152473651004092,0.150994906744034,0.14835650020675,0.148362889358146,0.148258079732214,0.148364612884943,0.148366486646521,0.148332149652607,0.148164362440971,0.14834830406479,0.150634284844161,0.148295642600739,0.151088482146872,0.148191525724076,0.148408848681673,0.148232819423005,0.14827496862555,0.148374812157321,0.148392877889778,0.148371106366048,0.148325447512083,0.151686341459248,0.148371644707348,0.162538187822549,0.159094785768106,0.150918095038882,0.108322607556399,0.177527867304758,0.164541280681831,0.17423657796643,0.18081020932722,0.169838859541732,0.145661868302546,0.146234083372383,0.162267051600911,0.112873323413147,0.0692813453187351,0.0759363788918856,0.0718421681110181,0.131673570409037,0.148052725478864,0.158607282249008,0.158442745951113,0.12661422218047,0.163250000216577,0.118751371909483,0.175608380101297,0.170441084009143,0.0845108203779175,0.174835877028793,0.152447877392714,0.15412203954461,0.149826055106015,0.147158377825498,0.148337967077195,0.166306088658328,0.148548270731953,0.177415508381063,0.164111075039063,0.150898134678904,0.172076961330926,0.157706833394244,0.116240564779823,0.150525289510293,0.161285692970014,0.166740888981492,0.166000540325385,0.162912047075935,0.17111934396867,0.16280829326666,0.170335093370902,0.166932663679883,0.167802848572582,0.169508451525664,0.0521280846720699,0.17604174902085,0.179905099021045,0.178183629605778,0.174679962538072,0.1403377145791,0.1723879890602,0.175577268981993,0.151936857957146,0.158526827350407,0.154057426069065,0.158397191426857,0.162116228400003,0.161907865277838,0.152490869579309,0.183862036943644,0.161600372239113,0.169223272525158,0.170136478816771,0.147275707016543,0.180021956641804,0.175909596664712,0.0632306478463116,0.17328332575921,0.17439356913975,0.176155827298154,0.0622008218056764,0.181046787375959,0.169987032768025,0.173679223620381,0.14654372142993,0.162043990509304,0.169922022839585,0.18231804488341,0.76378880995146,0.178607671449322,0.161834125039326,0.168000227862955,0.159993473537378,0.0960075912720404,0.173089072186927,0.146465378164645,0.167554794255823,0.168823476906048,0.169046225008527,0.175394195381355,0.162988512406452,0.180979669987392,0.172178031780078,0.180661952637159,0.178097707830412,0.157593585581426,0.148482463724534,0.15441568594432,0.140470108980163,0.140297889842477,0.154378481969994,0.182854812891225,0.179028199468258,0.140187383814419,0.159291150973705,0.161526243894083,0.178863734114565,0.159115109195472,0.156441823149784,0.18546893564538,0.144536718293146,0.154080316007278,0.148213105281142,0.160720163347948,0.148226563813637,0.148321608178782,0.157236439947466,0.156519707364348,0.158441080848953,0.156845808650018,0.148874772643706,0.157773858972667,0.154337088114544,0.148881946354516,0.154298494468491,0.165500922040446,0.161845004541409,0.174488187839681,0.152659324501085,0.167915211669466,0.155792408268276,0.173823603418445,0.151838437482609,0.17945452404584,0.148338651480088,0.148358303024126,0.148352932130693,0.148163014501127,0.148345787632202,0.148349222166231
FF68_CN44,0.148238949836722,0.139338732573713,0.139307525471076,0.13931107685438,0.13968159338388,0.139231923990551,0.139315383584778,0.139933733252054,0.139756013852096,0.139302876539231,0.138927740290204,0.139487878152896,0.139506799388969,0.139602269419328,0.139388251626921,0.139642144234211,0.139392003323266,0.13929604085668,0.139329004871621,0.139335611028812,0.139225392950751,0.157228460811301,0.139320541645605,0.163136205716083,0.158725834184245,0.151654454126907,0.125889769198867,0.17901197828506,0.167921020747678,0.17310071955567,0.178256885754439,0.179975325434949,0.143583870885198,0.143985819869507,0.158858140948352,0.108186707677105,0.0750412633718592,0.0794367241016482,0.0851143677460423,0.145047929695378,0.151374291298822,0.163614482315693,0.161562120794507,0.142340381773167,0.176552705858592,0.112028657567335,0.180931991310256,0.18548901702782,0.0805606054617842,0.182114001011209,0.160194233110331,0.146004562185178,0.142984863946021,0.150599129905326,0.139310985044235,0.162959608903796,0.139579462944882,0.180232660922645,0.180318236323376,0.139163212444026,0.155092877567624,0.158196306658253,0.108041501587743,0.138894655252801,0.161756011299402,0.176547464333998,0.164116220580324,0.151924876733333,0.162823087219435,0.170561743404508,0.187016871368624,0.166138756324225,0.174745406478103,0.18611857587906,0.0641403152741868,0.184804025715451,0.18914057354501,0.185080783221825,0.169359105633438,0.144094168359177,0.188359615592866,0.169236234448237,0.146242834548397,0.162208789718067,0.155470592847063,0.159863566356584,0.166247977010265,0.167242827559165,0.144779193057053,0.173303369582955,0.165316387823878,0.181436275219793,0.158915192606569,0.150821456515779,0.158185289440954,0.191593189736027,0.0719588713238073,0.185625446902038,0.172464554547239,0.170239039094172,0.0641425228908349,0.18388238541014,0.17751062369041,0.187450870439621,0.150546351592001,0.160652023528229,0.179730726518161,0.185706298253533,0.178607671449322,0.770962743565069,0.155934363443897,0.171526112985547,0.164352953037034,0.089123833590664,0.181383117146326,0.150349531508869,0.181364750944306,0.182180809583836,0.18472485198568,0.173643960178648,0.184053223222475,0.177851698375954,0.17415804273448,0.177675869430328,0.182445126815677,0.157874482890663,0.139447677829321,0.159992567955501,0.143938529298889,0.143896138051419,0.159785097895648,0.186351610890873,0.179690776585887,0.143873602834216,0.168081095907204,0.162341351046665,0.181827741154915,0.155626741036333,0.145229050243859,0.188445712642144,0.148300975935477,0.142016212673713,0.139618882882232,0.162173058879236,0.139702576175008,0.139187500400344,0.157018599514511,0.14982962735526,0.161330596476884,0.149073829555804,0.152946218682011,0.167041258387668,0.151457421211168,0.152971837885419,0.151549364897354,0.149331277719586,0.1648842124362,0.182067824681886,0.1519292669275,0.176300065207813,0.146198582058913,0.170069903942692,0.158793765344545,0.178816693935249,0.139202415375581,0.139296558332038,0.139296862974789,0.139690106688156,0.139576333053603,0.139213695503747
FF68_CN45,0.172588919733877,0.183484263239567,0.178743070546012,0.178779965704398,0.178582219173449,0.178588011558907,0.178805555695488,0.178468286957738,0.178429618194294,0.178752610454628,0.182875336631633,0.178591404361053,0.183360749383357,0.178418471608156,0.178713123746263,0.178403719387265,0.178545190473035,0.178828779488771,0.17884258856909,0.178712272415836,0.178567291678646,0.166214754257645,0.178822064828683,0.162561349018007,0.17032003650726,0.167229335641162,0.0915461816464277,0.150847630753241,0.166864452915963,0.151963395261996,0.154876305783934,0.155943477687299,0.149157748200752,0.148946029835137,0.165970798011866,0.0739424420078899,0.034182160279881,0.0418552431560844,0.0463140654049071,0.129796845866812,0.128639303569277,0.13531817856759,0.161994671769139,0.113480071616752,0.159039211418572,0.0930146932485997,0.158689356344696,0.159699881389116,0.0442022025639297,0.156492293689941,0.168573244184959,0.175522107778108,0.176858383560375,0.145707318497093,0.178471266614235,0.159882550190482,0.178651064262001,0.159475597553317,0.154303498121348,0.183339249116871,0.166886433099111,0.172763780499801,0.0908649921086646,0.18128715467974,0.171290703429551,0.164027022852087,0.161632255398266,0.1720770781802,0.164841241115546,0.146584522692631,0.154914411166947,0.162814102344872,0.145780098902279,0.159804453143311,0.0263318128812521,0.158190518445983,0.153395837997079,0.157732294016494,0.160965488399512,0.136512152799601,0.1577051265602,0.152816699607735,0.173358209451336,0.171595208465402,0.161910698872742,0.16940464346494,0.150030633146327,0.15242237503858,0.165886303466923,0.156880287532338,0.159991107339571,0.16065934747382,0.168199451702588,0.14588849747021,0.168179700002029,0.155964093237851,0.0364801765345141,0.15484893384141,0.154473605625718,0.155470375841268,0.025796972886464,0.151294666864708,0.158816617724063,0.175771117755005,0.143810700365904,0.162414778296049,0.158007403113461,0.164048243514953,0.161834125039326,0.155934363443897,0.724131827526143,0.147067181140031,0.149224602678452,0.0509152058967386,0.151617558968521,0.143699722767559,0.150905358467974,0.153668126018708,0.152481922263443,0.161516549577498,0.150665254075061,0.153384962668185,0.157122712217985,0.161022218722225,0.14823562380559,0.14828403696388,0.178678903601623,0.170099070356216,0.137122001682166,0.136681613459774,0.170228585257303,0.155197674673991,0.153051729403589,0.136361822034921,0.158188427678609,0.167322134830963,0.153476810371037,0.170397824738492,0.178500963022681,0.151359422228657,0.14944722558528,0.180279050084575,0.178323702673444,0.166779966717396,0.178558507117126,0.178432915013107,0.170464445517643,0.150637473160077,0.165067018952782,0.169333866190172,0.162263112111089,0.160363071965436,0.172442507593076,0.162195084967457,0.172266991636578,0.150668367273586,0.169134980378797,0.156500034954369,0.169763011843093,0.155559319005015,0.164562280165712,0.159228711729301,0.167495572539653,0.153780276282984,0.178567725690237,0.178778926580494,0.178760785730646,0.178475093427971,0.178621685015871,0.178604545731232
FF68_CN46,0.159915789635856,0.128089953398524,0.123353017357107,0.123335994921743,0.123055953116121,0.12326535536219,0.12334242997821,0.123439339758557,0.123145271866821,0.123353334519423,0.12731288903113,0.123243208251507,0.128437509045608,0.122973791383477,0.12348482333861,0.123010118988245,0.123093415828126,0.123356431025194,0.123340443540546,0.123432182740501,0.123290039771404,0.133940450505236,0.123356101343313,0.142725692255441,0.138442310845727,0.1441997708909,0.185448979458591,0.175086769113645,0.153708192800256,0.182056849196471,0.167343672656145,0.163951292002723,0.134742937936184,0.135173974043437,0.143461963706511,0.206846815036311,0.224268979248836,0.227891148173519,0.216980618435347,0.146091652453288,0.180011761542614,0.173179313212257,0.164693021984181,0.155548197458007,0.15101079824535,0.201692330632455,0.163844504285503,0.161475247532192,0.21032690776291,0.209146003956876,0.136894162289875,0.154740055356816,0.162684783583638,0.163421009129635,0.123362861908474,0.168703385064302,0.123682419634778,0.15677864118319,0.162163748495981,0.127980411376979,0.140582793412551,0.138137676441036,0.153080561962043,0.127349329311984,0.143287950097826,0.156931525939154,0.148882505561757,0.135414875515329,0.164266935278335,0.171187604810851,0.169642060324543,0.158085304020778,0.151430437375163,0.163561290856719,0.218328449776213,0.181965681723322,0.163407116585549,0.174351315607496,0.169325185958361,0.146564579025407,0.161662026924103,0.182439793480939,0.158086393222943,0.140744045411198,0.142035313356886,0.147052595846675,0.145135115946821,0.170642607275569,0.132946543096908,0.162861225987955,0.14495340697878,0.151802306017695,0.141725545930499,0.163606444754891,0.150519901924107,0.173674236660278,0.226191700673284,0.158551853961067,0.155730369649956,0.172998192663776,0.216995487505512,0.169570945021516,0.161999516840837,0.170532940058373,0.155496971570755,0.139655510956562,0.188849318382236,0.175219459811082,0.168000227862955,0.171526112985547,0.147067181140031,0.886415341414846,0.168436634863642,0.216114089255661,0.225234571574068,0.155424303841655,0.167870587766217,0.162568418399107,0.172283500769773,0.164419219095174,0.206131901963323,0.175711445334491,0.161403118144391,0.161076478517422,0.202355750734136,0.163511133305691,0.123537864562803,0.138290160570916,0.146195397916186,0.146350231551119,0.138245152734337,0.156844631810898,0.176883648042772,0.146462490318293,0.14554154693544,0.142448020820815,0.177833716107265,0.139148664709365,0.137926897042804,0.173550401468564,0.143001577565446,0.130607099601318,0.123084051193422,0.141842002925174,0.123117374102562,0.123408933908087,0.139893512062537,0.133842484908232,0.13964024960669,0.12834690495289,0.140093391092744,0.181983659818824,0.132406198666659,0.140117591412106,0.132450609737301,0.133465449858496,0.148731060555782,0.15895504655551,0.138339329076301,0.159585035245152,0.13159272323073,0.15349960015273,0.140530732887625,0.182869160312844,0.123289764340971,0.123288842066341,0.123347320954981,0.123031832087338,0.123255043413726,0.123176182673083
FF68_CN47,0.136907174291215,0.127007353217752,0.128434049472449,0.128515639478286,0.128473970192404,0.128474796483701,0.128477379687302,0.128668645256712,0.12840579281399,0.128446427149156,0.126944696967553,0.128424271692096,0.127227918742713,0.128419476698658,0.128513356744247,0.128381312891007,0.128428428187713,0.128472935241688,0.12850164260449,0.128466391682322,0.128384551285183,0.133143046017723,0.128526523153557,0.145359149391318,0.140880671425269,0.147557568332294,0.196692224986,0.167280786880586,0.160689110653281,0.171645795854833,0.179487200110783,0.214660797271477,0.131138271363529,0.131469276145534,0.154818719957605,0.182228475741407,0.231751472612145,0.244661656502381,0.194975863553298,0.158570036542798,0.137629703432979,0.210583233339021,0.159504880816115,0.161824639382159,0.147181947993416,0.214471518139732,0.162861935429978,0.168906661069843,0.163447696669267,0.180714413788168,0.141933337325857,0.134443636866232,0.136125410913716,0.146306438112356,0.128359470423074,0.139018920282918,0.128676190381287,0.166257504399316,0.161555055586595,0.126926898319151,0.136838366761357,0.146939731967187,0.210299907234151,0.126615065164521,0.148542086066787,0.156299421443008,0.140511807478364,0.143220164999119,0.153257822311281,0.175925976429068,0.163117330385082,0.148666050627341,0.159197416989709,0.168516042291961,0.211226234030003,0.167057475397676,0.174879511886398,0.164838415867019,0.148796070484222,0.138945180044406,0.16728223497695,0.153075996493966,0.133067928627049,0.139754382135443,0.1449255885051,0.15232375842419,0.150930556179357,0.164271826255106,0.128154270577695,0.157053741933781,0.162522747025578,0.165855651398339,0.149266213539697,0.146481941549289,0.146635005752353,0.167993742728227,0.216005540452948,0.165838541326019,0.164709785681866,0.182020175217068,0.206366635462803,0.166538798161448,0.153919689986887,0.160232559672328,0.142536183598336,0.157347584473345,0.18683025473106,0.170950046062844,0.159993473537378,0.164352953037034,0.149224602678452,0.168436634863642,0.913804553036033,0.254408359121331,0.156831598943616,0.142496150202295,0.174624484171871,0.179157309570073,0.161817820392361,0.169332113451056,0.158663853990562,0.171847122981405,0.168446466895443,0.170185722439547,0.214930618938778,0.144485325478359,0.128560722432255,0.13664071621374,0.138766129397357,0.138841505525711,0.13659783670323,0.181552377493457,0.171915433901846,0.13888494841665,0.153766826096865,0.149169992335432,0.17177579901896,0.140285908618665,0.132860070460677,0.163510386304973,0.138971955220993,0.131849340930026,0.128406293596595,0.147215325154006,0.128454514788219,0.128433210661586,0.147974774493286,0.129645434246343,0.159921786507544,0.135400895334287,0.139612397747504,0.149408218793578,0.134567167415195,0.139629503646636,0.134581072478847,0.139846889202058,0.141217368436212,0.15868688581718,0.140624450178868,0.176226425125822,0.128335683249361,0.171584704550273,0.169049601117919,0.169843813116328,0.12837718143452,0.128510343702243,0.128472338475751,0.128410120410331,0.12845597123096,0.128375691606272
FF68_CN48,0.0529802956424562,0.0326268463595968,0.0317095461701913,0.0317436035604854,0.0316714282676128,0.0318127240794707,0.0317294647982851,0.0320427543956568,0.0316500740627194,0.0317538487379357,0.0321449098737851,0.0316933834116313,0.032892816174032,0.0317439248959898,0.0319165530061356,0.0317866374789649,0.0317096004216404,0.0317569452437068,0.0317757204181868,0.0317567866625488,0.0317742681486339,0.0612596551519785,0.0317381700692265,0.103504311034506,0.0510356274203659,0.0552919081448011,0.793647361849332,0.122710204459602,0.0661198922169986,0.122937038113496,0.0959980471902363,0.136437832487906,0.0441529881534732,0.0457836907216758,0.0814625274520432,0.848794773346794,1.36013402120525,1.26626892397683,1.19805108650207,0.378355287954614,0.356698418401531,0.255062523091205,0.0626413268773431,0.508519136526318,0.0632139217073214,0.531123273934497,0.0889523781464503,0.137379170242327,1.24560513136759,0.117948771802448,0.0555397287630117,0.0485877853568452,0.0495473474248816,0.0545842105145068,0.0317527344966407,0.0619175833377629,0.0320985415777973,0.0805804322797339,0.105292159183998,0.0325293648524438,0.0713534335013506,0.0617883563866732,0.55363590584127,0.0316372081229722,0.0529753921461205,0.0709919686174267,0.0690249947034947,0.0664338203121909,0.0535628852585828,0.140909449732274,0.0866651328910025,0.0646873827109014,0.217953518013416,0.0869395450655118,1.4646067915454,0.0871701596280698,0.092668064049334,0.0876966407265512,0.0685150143918313,0.0555028502973791,0.0789632007635921,0.112271132331243,0.0518227408253564,0.0529585199455375,0.0713395367840758,0.0600999553160562,0.113047174267485,0.0910901564872102,0.0880914827710645,0.100138868312017,0.07995728761902,0.0771733828691883,0.0639537946199546,0.0547795783280852,0.0737683282426839,0.089207480978368,1.38412180843008,0.0881526241538848,0.203644076582022,0.113780478581623,1.48203005747965,0.12217537281119,0.0845477238826803,0.0980649773120254,0.0585028886461222,0.080124932942251,0.133280974066566,0.111437195752732,0.0960075912720404,0.089123833590664,0.0509152058967386,0.216114089255661,0.254408359121331,1.65071671188408,0.131718173446344,0.0582535698532863,0.0937205379832575,0.0908751663419126,0.0977581561566286,0.0838473001197164,0.143660686763539,0.103391046528934,0.0938728718783562,0.0861495897192409,0.188921168166416,0.0630180823234573,0.0319284465929925,0.04418847277419,0.055116642579605,0.0552530307219389,0.0441165061407357,0.088219716503322,0.0943394802432819,0.055427010945117,0.0757978415575405,0.0611049383663201,0.0926305596054457,0.0492461642469737,0.0453973327691201,0.0947535064347359,0.0485125344241432,0.0333675497367157,0.0318428336335659,0.0596823527021685,0.0316987960369482,0.0321726824423927,0.053697136728471,0.139020823256815,0.053851803435869,0.0479218404762006,0.0421912223786278,0.0934574768811168,0.0414757167128917,0.0422069093937137,0.0414271908785162,0.145775099422611,0.0731933421757689,0.0896639651883064,0.0474634741583071,0.137728666422004,0.131849662265531,0.0913057767839518,0.0557461471793957,0.122927815367196,0.0317534188995334,0.0317929348202165,0.0316818570653514,0.0316494355648987,0.0317882232905458,0.0317959144767133
FF68_CN49,0.156669399631208,0.135101385604916,0.137048102862496,0.137050944803777,0.136928399127269,0.137114389786578,0.137077244236889,0.137175572901282,0.136940388697458,0.137089567662148,0.134875557689419,0.13700710963313,0.135406374730618,0.136922147691089,0.137220347039312,0.136949252549557,0.136994239520195,0.13709053584185,0.137119243204653,0.137135781550166,0.137107858746777,0.149753929891403,0.1370880778339,0.1581723901157,0.151081746620842,0.152422930072633,0.139219625604422,0.176495028222119,0.159667522486489,0.172648245779756,0.172214008837022,0.172447586363323,0.138367493924615,0.138714106431127,0.153694972139497,0.138161492827068,0.124496617032295,0.12958804038668,0.124724794452844,0.144374110008278,0.164357939997137,0.149906084339401,0.19047983733015,0.134022324287882,0.160806080950125,0.150661473166397,0.179705516287213,0.176082675479202,0.123381966764835,0.183885627977504,0.147116529092516,0.154283900828759,0.158795639106123,0.156453595714178,0.137113993333683,0.155964660791469,0.137357640763522,0.173693174589105,0.167224924581054,0.135061368901629,0.157701646121099,0.154339220613802,0.126555250855603,0.134827574369532,0.153785580405403,0.16265744919981,0.161277183838926,0.148951046007559,0.153720386856675,0.164638762188984,0.174633711091359,0.153024870763235,0.159643664368573,0.176064513763413,0.119005873802275,0.16804147983,0.174541116387788,0.181615309174088,0.158082674912105,0.141473639760874,0.168159823105819,0.1709206000457,0.157253524980656,0.146805534748748,0.151900121379918,0.157499146328595,0.165830975335503,0.17954612135739,0.145988941941106,0.17175835509157,0.160891038718978,0.163059039289919,0.153688883457664,0.156623423614928,0.153764906430215,0.175773492299187,0.124247736424238,0.185671001426293,0.168327948345713,0.179704564800264,0.115462290187802,0.174082303538739,0.173071085745049,0.180917769084288,0.150062662367073,0.160211610266707,0.182349427259958,0.182960907859175,0.173089072186927,0.181383117146326,0.151617558968521,0.225234571574068,0.156831598943616,0.131718173446344,0.785704430911904,0.15000560236248,0.176982677802811,0.194743049720469,0.17720066012417,0.182785980322237,0.188942138437979,0.170131700516087,0.170414467413714,0.168073721883353,0.186556493573936,0.149952294054231,0.13737058182066,0.151234656415936,0.141374046620405,0.141356485843741,0.15114353484786,0.176044277973003,0.17181186371286,0.141364456633529,0.160207149128339,0.157006497268235,0.168309473640796,0.15067924260248,0.145256159275515,0.17436272927769,0.145413697136512,0.146354600879343,0.137013962008435,0.15500075026115,0.136998333417986,0.137093377783131,0.156385218022723,0.1492586767615,0.153925590875243,0.152523286906574,0.149480744634274,0.175231207336346,0.145957976883395,0.149513458257913,0.145936409845895,0.148626242583472,0.163062515555832,0.173734868914117,0.145318126949633,0.167933056222939,0.142828173242263,0.165594893896179,0.152114518932467,0.17540442803924,0.137067145121032,0.137095309969347,0.137067946373199,0.136902149772416,0.137060092432686,0.137056432546484
FF68_CN5,0.139484831725386,0.133477719032307,0.127488617820236,0.12752976963076,0.127334860867903,0.12755561418634,0.1274922192818,0.127826082697839,0.12744688176334,0.127515893779427,0.133183784682599,0.127379518156658,0.133508154095095,0.127358405996691,0.12759275556284,0.12749334604266,0.127455328296602,0.127484937068093,0.127522157735172,0.127647240710209,0.127590230783876,0.140195863733188,0.127536396653893,0.13993359136365,0.154365999963577,0.169612247066822,0.0838330236422999,0.14821123986594,0.146499815315081,0.146576497651394,0.148679225383028,0.149559814034336,0.318331898125598,0.31853591278548,0.143816947628895,0.0763246439915264,0.0346836314604565,0.0408207723567925,0.0481258760020249,0.123949520383262,0.115733029956545,0.185816157437394,0.13790262577924,0.118200594508307,0.152341264949405,0.282108556296175,0.166996108662684,0.148702006818344,0.0422766725837082,0.149544623628666,0.139627195873467,0.131198194175345,0.131685977298064,0.340456143910266,0.127636094124071,0.15611388983442,0.127835756148483,0.152115032234637,0.152343914924021,0.133353988170301,0.152374692188255,0.137206441975661,0.27525312621746,0.132228425015252,0.135508471784109,0.153793926782145,0.145732136448334,0.140635922273699,0.151762573091217,0.179022945424099,0.166034810548286,0.152511480956673,0.143050061667937,0.166158821013912,0.0336510219031781,0.152217621724356,0.155297747731122,0.164992619350508,0.136028496960181,0.379389525055358,0.150723403281819,0.160860248935178,0.139819233482725,0.135785308581062,0.14157869560492,0.138673639023496,0.141195137861761,0.15814533950868,0.130899356329301,0.151772200636788,0.140618979128914,0.141386541146387,0.13451362123521,0.34091471471439,0.143143386679473,0.15616476100066,0.0574008080220351,0.151940826659287,0.14199157834276,0.164949126381307,0.0301010533104982,0.168237456929081,0.169942692641586,0.156530236318608,0.455950897330405,0.136249742714847,0.163982928943762,0.155994553339769,0.146465378164645,0.150349531508869,0.143699722767559,0.155424303841655,0.142496150202295,0.0582535698532863,0.15000560236248,0.889165293639968,0.163055158224734,0.146551608755951,0.176132486655596,0.143020582265286,0.148224669186117,0.161419998691351,0.14615463421218,0.161750711350171,0.149448665335268,0.264421720130798,0.127954404067053,0.150492826277957,0.376559289568234,0.379085078444144,0.150375455355029,0.142234645699416,0.158666149244166,0.381449815634449,0.151930335263722,0.16490283320271,0.157472992957075,0.138924034498931,0.132550298861102,0.159244765984964,0.296879815272245,0.128356302973101,0.127548832755238,0.164379820023765,0.127377126919722,0.127558723211677,0.144748486737021,0.125735244379874,0.132505654091911,0.134280940944408,0.213978493492419,0.141999770311532,0.140838889463301,0.214392177482426,0.140864145599321,0.142983586950379,0.14325868770097,0.154758959900135,0.155396706546959,0.151528874542453,0.129683877657615,0.145305807697563,0.139787500558354,0.149881078594684,0.127543841621946,0.12759045196286,0.127463766483488,0.127405805070206,0.127455203100951,0.127519649648961
FF68_CN50,0.148586805953369,0.136843854504065,0.136844572292465,0.136782145567626,0.136633350536266,0.136772518022055,0.13675949350115,0.136895422592763,0.136734020359334,0.136795937955192,0.136210097425324,0.136743276491141,0.136947362095226,0.136580985368589,0.136862867550282,0.136627245161679,0.136651658313648,0.136757177381604,0.136756797621462,0.136851374589509,0.136768115308324,0.146528176303249,0.136768198772091,0.160526398038704,0.153007961003957,0.15585599931267,0.120701139767762,0.180995098264799,0.164217962912804,0.1792262715079,0.179566035812296,0.175468469787978,0.140612247776072,0.14096027916663,0.163833687381246,0.122209768229742,0.0807411501102695,0.0837056662796004,0.0903985214589551,0.149932667549323,0.148870190482875,0.160344893556893,0.170727631815435,0.143553757157914,0.161507798401484,0.131087337599463,0.17252746118874,0.173227250627072,0.0907157881048439,0.179472268442793,0.151213636066112,0.144596549294818,0.141580398265775,0.154749595265431,0.136898402249259,0.157987359289716,0.137098773715694,0.175872659774442,0.173829909106074,0.136684651540908,0.152501515382843,0.154951548370259,0.134362030167641,0.136118838142032,0.156817105460404,0.166891478483852,0.169010181180569,0.150755945804735,0.158700749148948,0.184769968325157,0.17351641919566,0.160898337625438,0.168948075791235,0.175506262181864,0.0728737761030877,0.181137858865775,0.18674572680061,0.179685706162017,0.159503057132797,0.16606794566395,0.182198341148182,0.178648631293181,0.144450304081552,0.154637853973615,0.154076768797163,0.160042575271748,0.176329377682929,0.17612456177088,0.150576982794642,0.167527322156778,0.167390316382565,0.176393790845433,0.153041951623237,0.154903815441674,0.157751340448218,0.1796123623764,0.0740377659766552,0.18791362695168,0.171367277262967,0.188222914461405,0.0725425459689101,0.172464855016802,0.170770444554931,0.175960976959933,0.163095191620775,0.17648132347151,0.169539111940624,0.17828221700785,0.167554794255823,0.181364750944306,0.150905358467974,0.167870587766217,0.174624484171871,0.0937205379832575,0.176982677802811,0.163055158224734,0.777558551131679,0.195553311801352,0.209925171611208,0.184675303720154,0.175330153632617,0.171676944532833,0.182825525455239,0.177747752600015,0.167155461860623,0.167544407189968,0.136987562418801,0.15080552328258,0.165624982584333,0.165828767718855,0.150678929613352,0.184692455524358,0.176431120015409,0.16598572133348,0.166330422519718,0.158927745557189,0.1825402504714,0.155355963708895,0.147105044478119,0.181881475128377,0.166297621259124,0.14353819533848,0.136667833591774,0.159103532770931,0.136666393841786,0.13681038970652,0.153089939116312,0.157714595524613,0.164569428837392,0.149319526021134,0.166667766374859,0.161139639723414,0.148558870630415,0.166781356389124,0.14869763749012,0.146443368769178,0.160177294138734,0.172452277027052,0.150108358779733,0.169156213561228,0.147394930835107,0.181690084363316,0.157748986769977,0.176507689675636,0.136765711551822,0.136786781979906,0.136754452289598,0.136631222210197,0.13677852324012,0.1367095946878
FF68_CN51,0.146490605088347,0.137184586988163,0.138084877261769,0.138151568985122,0.138018381678269,0.138231331134453,0.138138849106968,0.138149916402527,0.137816119757502,0.138092288844315,0.137063047050052,0.137965845409869,0.137381740926364,0.137990846981398,0.138230872083732,0.137994540253106,0.13804094610779,0.138169876762505,0.138176591422594,0.138116510029619,0.138109870486921,0.148728356329717,0.138135493863518,0.169658536072231,0.158335361467956,0.157844056174252,0.122362143856725,0.18134363461115,0.172551269228396,0.182480682380596,0.188527198318272,0.176701680337052,0.138394732325111,0.138680332817643,0.158412331754267,0.112330988372045,0.07863146984681,0.0846430395050691,0.0831283599199511,0.148261422456099,0.156853032439088,0.156613428828779,0.171052756575026,0.143216263067992,0.185291333094696,0.106603274813578,0.175033410727136,0.178329048527747,0.0840741921982475,0.189072638211522,0.153476246990607,0.145261496783442,0.140795246259319,0.150117848610088,0.138016683190602,0.15874595312538,0.138426340053832,0.176800100811589,0.183368557418799,0.137154502473198,0.154700276525265,0.153512290818566,0.103360323516149,0.136786623398748,0.157606205303059,0.168993755511141,0.163506530278918,0.15770087408125,0.156751402782694,0.181015801452306,0.175221408690051,0.162968689761691,0.175812127677124,0.182285890467013,0.069503417364698,0.178644370467855,0.188623820148621,0.178682046012466,0.16512842324647,0.140448066199188,0.182025437607604,0.172292231079844,0.142944358979694,0.156700402247615,0.165812559055223,0.165231634541256,0.175554157864796,0.168183268078086,0.147471245930844,0.172059438112957,0.175838552305888,0.175163818690534,0.157307317378755,0.150303993677367,0.158653241572535,0.179077643404075,0.0701878244306951,0.194078169002859,0.17638677988897,0.179704134961862,0.0664436732099342,0.178445651584015,0.16924747284452,0.182428450754947,0.146633499231351,0.16578100975114,0.186860339246025,0.180446215491143,0.168823476906048,0.182180809583836,0.153668126018708,0.162568418399107,0.179157309570073,0.0908751663419126,0.194743049720469,0.146551608755951,0.195553311801352,0.794995081452148,0.185706440141938,0.180341522714485,0.173563843308306,0.196055701083369,0.182590900458657,0.176699397603013,0.170202006220569,0.149519814023802,0.138278947213764,0.149818180299559,0.140439991079691,0.140286217434604,0.149793036839625,0.193364875126959,0.18310362255508,0.140285674920116,0.169095318396521,0.168764359519588,0.177850329570169,0.155913076010018,0.144085859541131,0.174014672848002,0.144932975048517,0.142127315467708,0.137973407227197,0.166879217656418,0.137957069194725,0.13807552514663,0.15737162203836,0.15435984451073,0.161333864083378,0.155400353913595,0.15009965768198,0.161905327979308,0.151178330892495,0.150133080747642,0.151171662137479,0.148559125194905,0.166377308291064,0.187060598036374,0.153738773924637,0.173414484896516,0.144396319716787,0.178839037185787,0.18165454549115,0.182594902546304,0.138133006643249,0.138188839730462,0.138097626352242,0.137869398853432,0.138091191295774,0.138118746858586
FF68_CN52,0.150691904055997,0.136326145447539,0.134705788213307,0.134708630154588,0.134631488767554,0.134786973419873,0.134705842464756,0.134890013613936,0.134620066750983,0.134686240998979,0.136057041568637,0.134669761078102,0.13651407663944,0.134672769946918,0.134785804927129,0.134686395406948,0.134666823153489,0.134701398019141,0.134735780918128,0.134770055314218,0.134720139808115,0.154454955646889,0.134678366192523,0.153872724924962,0.149698597586794,0.154369192452681,0.119970598104326,0.189358184452604,0.162141609731674,0.17718042433376,0.177798999353208,0.175294130670601,0.148057315986072,0.148386192442008,0.157546795793412,0.118063263225401,0.0791677913234698,0.0847898773110835,0.0933982259526284,0.1477456414126,0.154851679799358,0.15683192027912,0.165056535903595,0.140062776582856,0.165349610576498,0.135605957464451,0.17897363503031,0.173727590873599,0.0853490428208849,0.18302959436657,0.15068741370531,0.146180916952539,0.142878151346191,0.162458575908,0.13474046323548,0.157915179823655,0.135135221816226,0.178162212803059,0.182860580237553,0.136249237759054,0.154056086475598,0.151066118030393,0.140895465378043,0.136005511038635,0.153941211119315,0.17251186181061,0.162091886192236,0.15053549295586,0.155403446246178,0.17812906516783,0.189289627314049,0.166666284892988,0.165019369487964,0.176467739743363,0.0710982263397237,0.178373346922302,0.182187035980886,0.180349927515864,0.165424243877321,0.174183436585716,0.185646413000412,0.176446706873974,0.14583035243664,0.153866874114866,0.15192947141373,0.154449517982442,0.161903767206858,0.162448122071131,0.142861984414443,0.179958348904657,0.157672563171343,0.171372543826691,0.152148947736526,0.162604992221989,0.157896959683228,0.182127517968342,0.0762946846722127,0.193909305108624,0.176608109107402,0.186436013625672,0.0703228854991271,0.177299176582039,0.179559195956556,0.187190208920793,0.175985936799579,0.162158582088778,0.180595949489887,0.184226815339134,0.169046225008527,0.18472485198568,0.152481922263443,0.172283500769773,0.161817820392361,0.0977581561566286,0.17720066012417,0.176132486655596,0.209925171611208,0.185706440141938,0.782011592847432,0.175395276237143,0.175311891760307,0.172272350010446,0.187224959060357,0.17425535314091,0.16763948494062,0.173433669043456,0.134915465889809,0.149815325838714,0.173786587237597,0.17404925606003,0.14977386521225,0.176013325434856,0.182211837239373,0.174384279622437,0.175425652875294,0.161215170259736,0.174014359858874,0.149211669967691,0.147115869728753,0.176036565920893,0.171691692580535,0.137271877569314,0.134714923322651,0.161396633009663,0.13468936254388,0.134760995322265,0.15406986217041,0.143091050724115,0.162851343877893,0.148027106275456,0.169102755018198,0.158074324362175,0.142509642120298,0.169212797822347,0.142498716713143,0.154645411617755,0.158221546101519,0.18271028285838,0.147923460969079,0.177065966296315,0.139689155201208,0.170908168117543,0.151944515757806,0.183174499986369,0.134766687551202,0.134733840385536,0.134682355760605,0.134635035977669,0.134705717269105,0.134707023477065
FF68_CN53,0.161542702949017,0.151150529111569,0.152380000483863,0.152366525258614,0.152241851256036,0.1525434809651,0.152409851300279,0.152352102719604,0.152130397914218,0.152371804341903,0.151070136810795,0.152274448030401,0.151314339274688,0.15232995560892,0.152427382864625,0.152337905532767,0.152387149155542,0.152404697412641,0.152447593615904,0.1523711950564,0.152502896708194,0.143292478007208,0.15239514498446,0.157568801015692,0.153235049222341,0.158075910173756,0.114169373832708,0.179386150527573,0.170254671857809,0.173366347168659,0.176698537926209,0.168157736511634,0.137380096690146,0.137603975726673,0.157023110731139,0.109383123224313,0.0658110095065467,0.0734273370209071,0.076869528850723,0.145474600647596,0.139982367589327,0.149997038979943,0.185291124435277,0.132673821063689,0.15272852013746,0.111445792520776,0.1766593183019,0.166891290690375,0.0761751311717664,0.175647023825611,0.156292598280022,0.158354825218517,0.157767094234318,0.152153813674166,0.152425317136381,0.152330335369062,0.152703017783327,0.167078483227935,0.163562930919749,0.151097033009844,0.153134404438403,0.15246005475638,0.108446179837247,0.151410218277507,0.165489391520978,0.163478419682052,0.16402570829775,0.156100948777282,0.157501149459013,0.171054392464867,0.173442703996279,0.149085485270924,0.16358547031014,0.17817524984353,0.0568234265449953,0.167475491157213,0.180117476750423,0.186673776859909,0.170655552505895,0.145063562459015,0.174195192457357,0.161226930304565,0.160045325402885,0.1626205623878,0.15625269425282,0.166918554130001,0.171886209063686,0.170476051154502,0.153416945983859,0.16895123906802,0.161174961589784,0.179170613694599,0.161392860447376,0.152254116256658,0.161484491144433,0.173705614863638,0.0617389458363631,0.187261007061504,0.177097507254021,0.186662208781745,0.0553648930362177,0.16496541016233,0.171201142633926,0.181319459330918,0.143120208791262,0.168695264039733,0.173317666926313,0.179608230919913,0.175394195381355,0.173643960178648,0.161516549577498,0.164419219095174,0.169332113451056,0.0838473001197164,0.182785980322237,0.143020582265286,0.184675303720154,0.180341522714485,0.175395276237143,0.797852649591003,0.171708518876046,0.165863843367111,0.181379749383311,0.171602632567514,0.170645983384961,0.156702780964986,0.152646433522207,0.149168197864433,0.145212983468631,0.145060628707591,0.149240247961654,0.174282879491404,0.170317924873945,0.144924582766703,0.153002911446028,0.157577034716347,0.175146512478361,0.158191670245973,0.153394314783324,0.170880933890236,0.14340115617876,0.159683743669686,0.152359339028239,0.156487177360998,0.152222395851852,0.152467132483856,0.166086983749297,0.144279249263422,0.155158037730845,0.155447043545087,0.142218332706075,0.160422460609141,0.14511885303174,0.142205642040239,0.14503414565419,0.153758492239689,0.15789508592165,0.169698289864651,0.144459848163356,0.164248360416897,0.150165368706067,0.162050667610698,0.161585716001555,0.173313848458954,0.152495526857531,0.152481834626487,0.152413323393004,0.152162393749457,0.152294087054873,0.152506097543674
FF68_CN54,0.143355067486393,0.136556926937632,0.136311468344039,0.13633559354601,0.136752223807008,0.136438767282101,0.136334934182248,0.13695470273357,0.136701073037147,0.136335906535138,0.136451704166051,0.136479051069444,0.136693778303875,0.136801308848625,0.13641489664462,0.136878784090728,0.136587495542448,0.136358867417554,0.136367000961689,0.136388505401364,0.136430817358255,0.153503806726608,0.136337254474982,0.165517719123638,0.157258624616845,0.155692514658245,0.146725997951589,0.16779419755309,0.163511755110758,0.178571143531512,0.172391135644232,0.174625339675487,0.145783767134857,0.146210546589972,0.156544567047473,0.144180165251934,0.124989445539754,0.127649611081204,0.133164792502323,0.150475787149839,0.157425748291529,0.171553055089669,0.164049341063494,0.146306788660179,0.16665377784744,0.15077616907558,0.169573031615702,0.165677055628823,0.134681016167138,0.172063961849151,0.162066367145349,0.140582213339367,0.136561492405709,0.15519055521463,0.136363879416788,0.157032846779608,0.136663572766447,0.17492169447445,0.183304903776579,0.136516200792321,0.151660513596421,0.156968888494638,0.12641383819447,0.136701686495837,0.153411470760716,0.164106605554318,0.157145159798231,0.14925941958903,0.164670390783646,0.169827387446901,0.171004681444995,0.15526363608938,0.175295850024209,0.170840658449269,0.110852732375027,0.181733477175995,0.17365478960247,0.169163658529281,0.155234031491077,0.143161878077144,0.176474959359244,0.174893241676138,0.142185452154902,0.160005888772781,0.149189819153382,0.156659642716798,0.157594119749537,0.157594332582144,0.14060759049785,0.179304456192027,0.166304557098196,0.182438633334572,0.153074982409191,0.155283763376892,0.157875889255144,0.178298162760614,0.120728670291444,0.172749700162238,0.162313774617911,0.168468897782936,0.11569262514674,0.171943102140744,0.166460271275875,0.176254372968341,0.148325005154116,0.171687310732746,0.163030377832188,0.179822102650727,0.162988512406452,0.184053223222475,0.150665254075061,0.206131901963323,0.158663853990562,0.143660686763539,0.188942138437979,0.148224669186117,0.175330153632617,0.173563843308306,0.175311891760307,0.171708518876046,0.779935256359695,0.167481700861509,0.17144434353261,0.172777088797515,0.185765941461728,0.157195463410853,0.136607697947351,0.156975937009796,0.143104142016034,0.143105026731969,0.156883396557674,0.166135267538747,0.172403304661521,0.14313002413031,0.166443620254276,0.159432555288461,0.196781986094667,0.152066677500984,0.143899472428927,0.191982907105221,0.147343145740614,0.139523149941006,0.136861907716957,0.160810137289222,0.136770368830044,0.13635603382265,0.162298183586157,0.136651658313648,0.157930157396718,0.140888913472301,0.151671977344876,0.175935449566669,0.152724401200539,0.151690502128053,0.152766683945111,0.140888124739699,0.163082855675951,0.175317400368956,0.151394264178365,0.163752790124678,0.138929555627146,0.172520233226482,0.155993514215865,0.169202252175334,0.13637378656598,0.13645941621816,0.136300096405728,0.136678441836612,0.136527067774839,0.136368749527616
FF68_CN55,0.141457017951593,0.136289175171762,0.136865959882865,0.136913496671597,0.136750512799776,0.136969847234167,0.136861757482176,0.136948025632176,0.136725611384767,0.136939349573554,0.135819299200342,0.13681361558113,0.136394101646969,0.136744970805619,0.136924693335995,0.136757886823627,0.136847568641715,0.136886400159505,0.136951289065482,0.136924551447591,0.136934938513446,0.157388419121553,0.136878976057393,0.169360474439224,0.1558366106795,0.151394422759523,0.114585853858924,0.174688263009742,0.158692223325107,0.189840337944211,0.187199736309844,0.170292485117636,0.159719044670115,0.159842892381395,0.156048374950187,0.119084071005967,0.0787519790073932,0.0828076170081494,0.0773065826956069,0.141545038840709,0.152431693768212,0.16231369950052,0.155859959668434,0.135074610428329,0.170026882543778,0.13920487755672,0.170664570765964,0.175171935541916,0.0917346511796291,0.187237215714602,0.149191121188154,0.139089255199719,0.139013031914127,0.167359322112535,0.136935397564166,0.177674479758601,0.137180463878052,0.173171918322464,0.182703004817861,0.136144870491089,0.167575843817965,0.154929659997254,0.133583876598083,0.135989114581526,0.151637573579947,0.161472155199609,0.161447633544743,0.167275407640776,0.180394171658971,0.182147265495712,0.169525202703784,0.172878789398112,0.167350516685073,0.184675195217257,0.0619889114733964,0.17480122704575,0.183213519297636,0.173923012938626,0.18128090324356,0.154945417956542,0.176511558221256,0.173973512691101,0.138306640491792,0.15199883397764,0.158447745430781,0.162647750710036,0.164292379207832,0.170690340204154,0.14478591189033,0.179081399273608,0.166129742237344,0.167640090052933,0.164491031320658,0.167541919969699,0.174718460200793,0.175218892257464,0.0727672596431118,0.182631935419907,0.175101174959901,0.168373540428664,0.0691110792332071,0.182244617634026,0.170652072066793,0.173968258646942,0.161447971573001,0.154150321242198,0.18569959611301,0.178029050535336,0.180979669987392,0.177851698375954,0.153384962668185,0.175711445334491,0.171847122981405,0.103391046528934,0.170131700516087,0.161419998691351,0.171676944532833,0.196055701083369,0.172272350010446,0.165863843367111,0.167481700861509,0.81087042673324,0.163647993018311,0.182355682869326,0.175494347729066,0.168603708460066,0.137098339704104,0.15572206083191,0.154714578041812,0.154836777343685,0.155576312228061,0.177530033189523,0.183866886188531,0.154990893190219,0.159377285581678,0.154474682308318,0.186070538307724,0.149725226701788,0.14584021368076,0.195425537119816,0.154547237361332,0.142222994157485,0.136826143492619,0.157339254789357,0.136751631214259,0.136922585875868,0.156181082340378,0.154827270820577,0.153856249177274,0.14717640599926,0.154544215972952,0.159996123511993,0.154962398660023,0.154620205559995,0.155029511875402,0.15967953292262,0.166096982708633,0.18645676689144,0.15238577200338,0.168917945371198,0.146803360517607,0.152956367876129,0.166050272211199,0.174818612548503,0.136921893126599,0.13692593694613,0.136912762190443,0.136726391770992,0.136844605677972,0.136909052225982
FF68_CN56,0.156169835597719,0.149410004918201,0.149339778504298,0.149310695554542,0.149210852022771,0.149323770153707,0.149317840053032,0.149288469153279,0.149181693955624,0.149337257898522,0.148975601047933,0.149305879695162,0.149500742552947,0.149184736209946,0.149409863029797,0.149195523901885,0.149246186408706,0.149347448824523,0.149321529151552,0.149308270932098,0.149339941258644,0.168168799634005,0.149327254765997,0.156026920588773,0.152563654157684,0.155215886468041,0.114174786458025,0.177589580414385,0.165374157270495,0.178518761671082,0.17400594253793,0.178267022428992,0.143717279371035,0.14401068372582,0.155801188656609,0.10435291637014,0.0672885143296577,0.0736824732383317,0.078745740090779,0.140075483941445,0.153504779079498,0.152308847622141,0.165982687425534,0.139157858243346,0.160634279131277,0.110931893585232,0.172597499809167,0.165949598214943,0.0770120098480783,0.171834928924985,0.155287765464539,0.154424962942068,0.147426713837739,0.155117599535532,0.149368068548263,0.156488112155193,0.149607459325965,0.167930260186731,0.172759874395486,0.149208235433662,0.159268686700705,0.154122014505479,0.108070622096195,0.149315682514645,0.16875398080011,0.16798382305947,0.15725382127703,0.15302170748645,0.159738466688793,0.156987313121295,0.172212268617472,0.165874877277164,0.169599147428526,0.170094442290313,0.0576219953520634,0.17401557425669,0.174602720994517,0.17799845689139,0.162033440689103,0.144527670820758,0.175920292546507,0.170288370353903,0.152175931572531,0.152006337370331,0.166403127807514,0.166609683939115,0.160589500820058,0.160574105928158,0.149235941231256,0.17123537947132,0.179078887014209,0.171678643020499,0.160086514772104,0.155299487950673,0.158454201353191,0.176619030341369,0.0616741237013996,0.189914057316781,0.177081636618647,0.178965918805012,0.0569573274670603,0.182897003825654,0.175080818147028,0.173183315299904,0.146352873179357,0.16441139019379,0.169091967326259,0.174214789749946,0.172178031780078,0.17415804273448,0.157122712217985,0.161403118144391,0.168446466895443,0.0938728718783562,0.170414467413714,0.14615463421218,0.182825525455239,0.182590900458657,0.187224959060357,0.181379749383311,0.17144434353261,0.163647993018311,0.795857390667807,0.170484998470369,0.175794850677269,0.150699219655211,0.149482768630634,0.153455802540779,0.144526690121491,0.14446088728726,0.15349025221078,0.182503630743447,0.170592216025991,0.144349671817179,0.187275083225878,0.160771389235199,0.175315096768975,0.157079002242989,0.151738214190697,0.165405197445597,0.146959454455428,0.150530969219666,0.149172971991929,0.160231349447701,0.14918997773454,0.149316946990721,0.154140426612571,0.143742648183141,0.163251798860765,0.156632967696732,0.149887138064198,0.159012536398506,0.147769774960948,0.149886507912754,0.147795740538991,0.153849747349793,0.157694760360287,0.175853145945621,0.151483770722542,0.17192426019525,0.147567129106851,0.179343054011268,0.158998118032685,0.178225052673547,0.149333280850004,0.149321716945029,0.149315636609573,0.149210852022771,0.149343964212233,0.149327534369618
FF68_CN57,0.14764346506853,0.143522049272673,0.143685938726371,0.143666787964937,0.143413704956191,0.143628782738444,0.143651230318691,0.143652365425928,0.143501604822845,0.143657168765742,0.142757754861694,0.143566906874471,0.143513465024194,0.143401777983827,0.143717003940603,0.143431011168364,0.143526368522637,0.143663812481629,0.143692519844431,0.143672167204747,0.143639278307197,0.160164578433768,0.143661354473678,0.160505331783808,0.165864686351162,0.150106188721781,0.113857369577355,0.169605223590794,0.165214236518938,0.174854906767764,0.180384948912672,0.17386818558981,0.163401870887767,0.163655546489262,0.166248845033446,0.104611566412172,0.0650165846755305,0.0680846793802244,0.080327499505769,0.144180019190341,0.142769915532607,0.159101458696311,0.163041044501664,0.138002590333474,0.164980024668005,0.115699757125665,0.175661993052297,0.172191682279239,0.0788888971446503,0.171613996159448,0.151618235025037,0.146703099666999,0.145708148961578,0.167303388868802,0.143731964820912,0.164798929158654,0.143892607534057,0.174314942097656,0.172063615474516,0.143275584940683,0.159143528608277,0.159164432108826,0.106589010855727,0.142258566415158,0.157568621568592,0.16245555451962,0.164399025036647,0.151656444737759,0.175038706503178,0.171367406631806,0.174511273917748,0.164506067318358,0.169388856293334,0.174694168071286,0.0580097638422883,0.176756561937316,0.184962406560499,0.176069897176411,0.161223671044448,0.150931507666305,0.177539652388717,0.163891035335837,0.143665168767849,0.153117027282027,0.155540564696476,0.158850220236825,0.164212324935315,0.164401958788072,0.146177240373585,0.172702918720602,0.171952955038488,0.169971429216707,0.164210204955623,0.167654124485424,0.16529576392695,0.177301217271153,0.0620817565682696,0.170451638002533,0.177257281943985,0.169434978371208,0.0607213305449009,0.173480992999581,0.170448574882269,0.174095361445151,0.16188864774539,0.156397236805231,0.175087875008563,0.170246584218746,0.180661952637159,0.177675869430328,0.161022218722225,0.161076478517422,0.170185722439547,0.0861495897192409,0.168073721883353,0.161750711350171,0.177747752600015,0.176699397603013,0.17425535314091,0.171602632567514,0.172777088797515,0.182355682869326,0.170484998470369,0.763729169200554,0.174084089663361,0.160245175220773,0.143819706106408,0.163069155098529,0.150707052729783,0.150815063191195,0.162872326669021,0.189156481739079,0.173276448344775,0.150849992777859,0.169157765987302,0.170499671400681,0.176439975521132,0.15817905052434,0.150668788765611,0.176405509158378,0.159969615419462,0.148868450263324,0.143454572989906,0.173064149905977,0.143414823370674,0.143614155713205,0.159141696578582,0.151119839484291,0.167115123821831,0.149625512538857,0.169151739903294,0.164142215370686,0.157320696620672,0.16925397884519,0.157414768632926,0.153943097400459,0.168871723136803,0.173967862194047,0.153358529693044,0.178638123204864,0.150840198304753,0.177976372378532,0.160785615634355,0.175080509331088,0.143611334637866,0.143647303348434,0.143671019577945,0.143417961608329,0.143638335166625,0.14358004824465
FF68_CN58,0.142078280504351,0.133393024174321,0.134079772398994,0.134084742666344,0.133877773389095,0.13402545417916,0.134029456266808,0.134093022272072,0.13408060286348,0.134072285699057,0.133011828455781,0.134069285176619,0.133461769106353,0.133901318517883,0.134133539757964,0.133947578310973,0.133979795325196,0.134020755169055,0.134038820901512,0.134109986282799,0.134080644595364,0.151477848968243,0.134029648233473,0.150850923398866,0.153415076395468,0.143495996057674,0.165320682034712,0.176708545231922,0.155671919973635,0.176648054866488,0.173422163563118,0.192624092459262,0.144291309777813,0.144496743321742,0.147070886931304,0.153791894439408,0.158800951574919,0.169692772909625,0.143085128969817,0.132643461118291,0.152861406974751,0.197401783858308,0.150873083029114,0.133904531872929,0.154885052786759,0.181339849529298,0.178033336399793,0.177302890719689,0.142641873767014,0.172398317701418,0.144861897304185,0.141073355878725,0.138693574344343,0.151702437446794,0.134346434962699,0.16144010928611,0.134322622749856,0.168999481125586,0.164294903986796,0.133216085160589,0.149201796204006,0.147434196364488,0.154847773695042,0.133444137385487,0.15153023917505,0.159269129058672,0.154006087505727,0.144374410477841,0.159599507862422,0.181470958588343,0.171652610671442,0.154511836204383,0.165956963892417,0.171591456769057,0.154204105293921,0.173333892282699,0.169738878294745,0.169104274058765,0.168654754900217,0.141077746072891,0.174257452254661,0.158971443012619,0.137882894944623,0.144529619699727,0.151283591222772,0.152473433998296,0.152016695223867,0.164505925429953,0.1349507084656,0.171997412014202,0.169791673300824,0.170067591996335,0.154708326605633,0.151805577797378,0.160631570732024,0.178095471001445,0.162289411544202,0.167505713387394,0.169140234422956,0.172012059905383,0.154810757514194,0.168289684381541,0.168115608175031,0.168439368302025,0.149612141643317,0.152468025546168,0.171323963740867,0.172571813834745,0.178097707830412,0.182445126815677,0.14823562380559,0.202355750734136,0.214930618938778,0.188921168166416,0.186556493573936,0.149448665335268,0.167155461860623,0.170202006220569,0.16763948494062,0.170645983384961,0.185765941461728,0.175494347729066,0.175794850677269,0.174084089663361,0.806027768194659,0.150492863836652,0.134241917459953,0.143167566132894,0.140718497151992,0.140826507613404,0.143049485767942,0.179785140721327,0.179833499628168,0.140855052221861,0.165119300656691,0.162086786556047,0.173411755631321,0.148973718939977,0.136703101206695,0.174585469033793,0.139889247064022,0.137009096070795,0.133961917386215,0.156728925990129,0.133910816694615,0.134196700963956,0.148452212282034,0.13781251412275,0.149630603828669,0.149405973618235,0.139055469066669,0.17044457696781,0.140945034509511,0.139064061661525,0.141110050724069,0.150597047484329,0.156881831612035,0.160555539413097,0.142468982746001,0.166284287922279,0.13800252356246,0.176217344267927,0.147121440935228,0.181665938295403,0.134097395773484,0.134012049898113,0.134049245526062,0.13395368368556,0.134052033215894,0.134049082771716
FF68_CN59,0.142907079887978,0.14393550373732,0.138301832978789,0.138326667622784,0.138754648956149,0.138233325918494,0.138285570063708,0.139014592686577,0.138829778866389,0.138331946706073,0.143862205856776,0.138549582652797,0.143997863691145,0.138629920702123,0.138366951410127,0.138727969762895,0.138432424562476,0.138261261241448,0.138257334271191,0.138470388057085,0.13821189659621,0.149860492256451,0.138309883059156,0.15448130933145,0.165773727537433,0.177892754203146,0.0930343865245215,0.159325967884282,0.148867832631446,0.154024119852677,0.152432073528353,0.151883845945272,0.251963496714307,0.251906436709713,0.15788862999924,0.0917996026834319,0.0435295638891385,0.0489104395889208,0.0553053291186016,0.131910069167198,0.125570052891405,0.171155437874889,0.154283541934559,0.120142237168828,0.165018184302467,0.228653418588138,0.160152021309961,0.153224599558661,0.0452519722717889,0.164579728266291,0.14803611201596,0.140362666072368,0.141364794661787,0.24760852843128,0.138284009291258,0.174087503331449,0.138255940426276,0.153143623011514,0.152028822509273,0.144050145395054,0.16188324346645,0.141219655343439,0.219444769319021,0.144594608762225,0.142722687559814,0.165708905402469,0.155136399749143,0.148077159496775,0.172075216938187,0.162337478327857,0.160571297372385,0.168251770965193,0.14693557547157,0.161894264856937,0.0364120701003028,0.168760290660926,0.157899880915088,0.160525872216969,0.155399711242586,0.314765641578707,0.158556961943633,0.168800933342469,0.145740845892463,0.145889081716582,0.143417469172101,0.146754083509325,0.150335488730002,0.158807858201673,0.144199875220609,0.151635887611845,0.153980510034203,0.149160506678265,0.142947367848509,0.247632920717307,0.155703248098735,0.162974594823236,0.0528680827803542,0.152311764680812,0.137320511906588,0.160537715725565,0.0350684661992566,0.161677146385571,0.160221817885462,0.159228144175683,0.263547282759149,0.144892774724941,0.159084841060218,0.162702936953051,0.157593585581426,0.157874482890663,0.14828403696388,0.163511133305691,0.144485325478359,0.0630180823234573,0.149952294054231,0.264421720130798,0.167544407189968,0.149519814023802,0.173433669043456,0.156702780964986,0.157195463410853,0.168603708460066,0.150699219655211,0.160245175220773,0.150492863836652,0.769052437300579,0.138215673331686,0.162484424636769,0.312790993171361,0.314439911706802,0.162319521098297,0.154485190396635,0.160871704337256,0.316142030047594,0.15599250013109,0.165694470343895,0.161870014459315,0.153133348621745,0.154821002691644,0.168580922851562,0.254860882975506,0.136917749150546,0.138782037591427,0.16809506774187,0.138827421014959,0.138270488160936,0.156051216891467,0.135839017515394,0.145916845938813,0.138845390764084,0.193073974685197,0.155637274163781,0.162337010930759,0.193291852676847,0.162484291094741,0.143040242155701,0.152893519659265,0.157679632552443,0.168470203990896,0.145169336091461,0.142904939042343,0.142946812814456,0.145433849463155,0.155932518894637,0.138195303999248,0.138241204898138,0.138328770909723,0.138839781998913,0.138527364597911,0.138189557518862
FF68_CN6,0.18535607593908,0.205393998795601,0.213801604556946,0.213855526323885,0.213493189243592,0.214155215500356,0.21387756910486,0.213140175066119,0.213662674942894,0.213823914421976,0.205765521063499,0.213732233646659,0.205230756186101,0.213912603021232,0.213604229439762,0.214003557661774,0.21414431930552,0.213808565435149,0.213830887819744,0.213765840332609,0.214471480581036,0.179132312171732,0.213903300984354,0.155545004968903,0.157758693606127,0.15901829122527,0.075033956119022,0.134502833543271,0.168477761635036,0.135334821242813,0.141584237599076,0.139876072308335,0.145040893699785,0.144460265482193,0.158690541530193,0.0511793228155374,0.00918004206283527,0.0167445803095147,0.0197270537084047,0.113644307445084,0.110527995721954,0.116344898662281,0.166274773052794,0.0893548237401752,0.15208884547761,0.0764875694387103,0.143732227731779,0.137785254856312,0.0201259061869424,0.132821088708105,0.187367110375831,0.190467250994024,0.191467251257373,0.129564712263687,0.214730176528141,0.167812021240621,0.214106885805834,0.148827619788305,0.143605859414724,0.205255369651112,0.16170683444764,0.181366512029799,0.0739611545845445,0.206532686628077,0.185227729530737,0.148083060385131,0.151448252716318,0.183055731045336,0.158027797485029,0.129974394166047,0.142968154499784,0.158957613066358,0.131688489557463,0.143771810423476,0.000235025622665974,0.143246159789481,0.140175423456548,0.144197596659759,0.171749754150338,0.127227013160836,0.145841874609732,0.140471027081604,0.190254318230593,0.185040591244626,0.173105731554903,0.177390160434899,0.142021070264976,0.139914949731197,0.171424245457416,0.146090421362719,0.150729379287566,0.158611225912018,0.18118369716684,0.129582010129484,0.167980384352252,0.142525879996248,0.0123684080563752,0.140692765272498,0.134834159660781,0.143595063376408,0.000450065846224248,0.135953020675307,0.147159813402297,0.138928412173532,0.128171797968852,0.166692751253635,0.133541623065828,0.136734763186864,0.148482463724534,0.139447677829321,0.178678903601623,0.123537864562803,0.128560722432255,0.0319284465929925,0.13737058182066,0.127954404067053,0.136987562418801,0.138278947213764,0.134915465889809,0.152646433522207,0.136607697947351,0.137098339704104,0.149482768630634,0.143819706106408,0.134241917459953,0.138215673331686,0.721277552929431,0.173638514167824,0.128255432836991,0.127568158790583,0.173884377560689,0.141491292347682,0.139539734191592,0.126938341201664,0.152680357370473,0.147871400444153,0.14316439868292,0.175748474034905,0.183466385300587,0.138305017121516,0.143548252722453,0.199947658289846,0.213986681288002,0.14793580526028,0.213548934693849,0.214127818518702,0.173925141264695,0.141404832231016,0.175034716935096,0.196714109185816,0.160033373391391,0.154730139861247,0.168424265533311,0.159929164704584,0.168270032837503,0.146506108483144,0.158162787609259,0.145109980833264,0.16618036718547,0.143616609547967,0.179659243974557,0.150445857042844,0.176555184732484,0.140737222248212,0.214239217609072,0.214156709501793,0.213898067806137,0.213486804265384,0.213607855940456,0.214319313613472
FF68_CN60,0.161616885545497,0.171971634229636,0.173855211147166,0.173882174117229,0.175052941248711,0.173653328986541,0.173913439644503,0.175017757097557,0.175007466015035,0.173891709852657,0.171550709757805,0.17441298698524,0.171909841829429,0.174768588539503,0.173862155332615,0.174821942752823,0.174306470525264,0.173874941981783,0.173907196554701,0.173822994132943,0.173680851163846,0.184016979081474,0.173904408864869,0.172602278109852,0.178239024508212,0.181701439608873,0.0833147219930252,0.151724697233564,0.163151429507259,0.152441755325374,0.155444764984237,0.157965583592797,0.178591274992213,0.177600589285308,0.16572552721175,0.0638692708626928,0.0208852845820205,0.0260767392616532,0.0307434280232245,0.135719464014948,0.124949691747334,0.130863788244817,0.165257591772922,0.104578189251583,0.169044668409265,0.0958398875241719,0.156984053861177,0.15926518956885,0.0301299067348937,0.149116421116316,0.169851145408296,0.1640009654639,0.163842446903636,0.149818021718401,0.173631649272954,0.178581509731426,0.173375849518579,0.159590013858879,0.163101484788838,0.172072796488932,0.168582195674015,0.16899754893937,0.0910836963916123,0.170532919192431,0.162410813767096,0.167298456160147,0.156806117455424,0.17065200529578,0.188111135610893,0.140263590407258,0.162253075593057,0.179640134945008,0.149113253666343,0.152568340648225,0.00748213446910985,0.160558122616698,0.149423868249969,0.159469204228733,0.151750742102186,0.146716253556744,0.158055077617409,0.153131888005815,0.162074020772821,0.154113334273668,0.162101025474768,0.16331357039503,0.148425361988056,0.150549644237625,0.156690712104218,0.160734882183331,0.166151388565423,0.152734366774368,0.165217863019632,0.149696268947684,0.163460687804665,0.15579969882836,0.0213820275401718,0.155657893887521,0.137843061861624,0.145402170790232,0.00852083688140981,0.153620413956065,0.161908562200296,0.153271360134355,0.15052860302186,0.155409943900471,0.145251831679175,0.151768707678122,0.15441568594432,0.159992567955501,0.170099070356216,0.138290160570916,0.13664071621374,0.04418847277419,0.151234656415936,0.150492826277957,0.15080552328258,0.149818180299559,0.149815325838714,0.149168197864433,0.156975937009796,0.15572206083191,0.153455802540779,0.163069155098529,0.143167566132894,0.162484424636769,0.173638514167824,0.74075297009061,0.147157255237826,0.146867268724317,0.24260889435511,0.153696691493106,0.151347136362094,0.14665176527685,0.189934735465158,0.164060316548909,0.152216328035961,0.17781310890309,0.167636054579779,0.155447423305229,0.174720584353673,0.171574392601809,0.174820674103558,0.170498348499967,0.175069667387701,0.17347482085398,0.174201272792813,0.147822603352534,0.16783971451865,0.164912110200459,0.202718530172396,0.170125899784251,0.19038378305342,0.202875396150066,0.190445220732615,0.157376337741219,0.177009273532298,0.163515193817976,0.188894021576064,0.153050928151422,0.163525272067891,0.159240968383546,0.171511919971898,0.152304123572905,0.173574159429959,0.173827926841598,0.173885696288214,0.174969936532016,0.174493638023693,0.173623749427369
FF68_CN61,0.13125056351621,0.13076290976233,0.128451555997664,0.128565780336561,0.128361648827404,0.128289402590329,0.128453738575182,0.128771284824692,0.128321139687889,0.128514304058007,0.13094784877817,0.128346712986225,0.130806824223556,0.128069492255942,0.128533701037555,0.128161865780529,0.128186278932498,0.128474124600373,0.128470197630116,0.128650617082951,0.128260878847815,0.136953939040098,0.12851778032392,0.136248265406163,0.150211023386843,0.174995718489771,0.0799916204397463,0.142662919155968,0.141765934047552,0.141077128441012,0.142068869964575,0.138242310793057,0.343542855208282,0.343082832134606,0.13856730201062,0.0780452662495544,0.0355777537616508,0.0416709092525583,0.0476897945100314,0.120401116736221,0.109920087371982,0.182873617278024,0.139123800853052,0.115607099824269,0.148588541999731,0.345969205351694,0.155704145334234,0.142544275410587,0.0401279980481123,0.146340299362796,0.139388339263876,0.127121256221144,0.127029425211045,0.338457871083554,0.128150664942942,0.153253644949721,0.128221208519162,0.143470706536147,0.138449718255085,0.130859105927465,0.152618256154328,0.131014657350798,0.334220044198094,0.132561378676226,0.132914267658048,0.15358202896943,0.142072350403677,0.139086016805543,0.151839418181877,0.164515790847262,0.152397431891688,0.150867929141477,0.137290327235102,0.158330353641911,0.0333937198009888,0.151620496893134,0.151618806751843,0.154505872718201,0.134607000498194,0.472252873454502,0.145803648204255,0.152384770438171,0.132507239903492,0.133623154647028,0.136437594616169,0.136465371357965,0.14423035618847,0.15568451048295,0.133622420165875,0.141103127404562,0.136016344635645,0.136353275345137,0.130458675983723,0.338656076665224,0.137316255254449,0.153886258574849,0.0541737816114284,0.144452182016319,0.129037392354343,0.156650298948035,0.0293627495166925,0.162676366262695,0.158043446941419,0.150257575303119,0.374702984436707,0.13150947646911,0.15398853507544,0.152282268585407,0.140470108980163,0.143938529298889,0.137122001682166,0.146195397916186,0.138766129397357,0.055116642579605,0.141374046620405,0.376559289568234,0.165624982584333,0.140439991079691,0.173786587237597,0.145212983468631,0.143104142016034,0.154714578041812,0.144526690121491,0.150707052729783,0.140718497151992,0.312790993171361,0.128255432836991,0.147157255237826,0.898844472752227,0.471749073634816,0.147104443538994,0.149107945370735,0.151948668080235,0.475114124077598,0.142831257228469,0.158294606110327,0.151024390319874,0.135631739422206,0.142666458019706,0.151150967296348,0.348461441793103,0.125332176981082,0.128213805282992,0.157826929409178,0.128361348357841,0.128208088014924,0.145966114600718,0.127531067492343,0.130045534508204,0.131835010201161,0.222585669468031,0.13785472592312,0.138769672434284,0.223026312254914,0.138726822136093,0.145362571405782,0.130518753203509,0.147216397663417,0.155622534462455,0.13709053584185,0.132647442339997,0.136739520621607,0.136568987452023,0.144958485749027,0.128211651917793,0.128424271692096,0.128474237276459,0.128429045819592,0.128382669177228,0.12820448655336
FF68_CN62,0.130689570149902,0.130124587215512,0.127768538603394,0.127828845348541,0.127603430578693,0.127539697645894,0.127738086847853,0.128039315930833,0.127685654909162,0.127798652330678,0.130217298768357,0.127650925635541,0.130175596096968,0.127356678296705,0.127816630426179,0.127434153538809,0.127465661111008,0.127738608496399,0.12771765491759,0.127958376942381,0.127554449866785,0.136622804889253,0.127777298125785,0.135993750993806,0.150162247161165,0.17494623282207,0.0799995995759112,0.142661675545834,0.141553986156576,0.141131930750697,0.142021512622944,0.138223331132346,0.345598993464945,0.345129747644969,0.138295051547687,0.078259693014422,0.035830490395762,0.0417902707863397,0.0479155723472676,0.120436764111284,0.109815974668508,0.183477527713537,0.138902630215777,0.115830749335436,0.148553954614514,0.348421921699232,0.155765332622127,0.142421717214513,0.0402906355452984,0.146390845020343,0.13890964117224,0.126566647833043,0.126512417250165,0.340617587875579,0.12749744411364,0.153141728383994,0.127525421168478,0.143570203693284,0.138429319710328,0.130261221575959,0.152595019841479,0.130636700026432,0.336628065698181,0.131973426513043,0.132444082870689,0.153533252743752,0.14199803426517,0.138728633299846,0.151890673281446,0.164869268248644,0.152428822614613,0.150818443473776,0.137396918812468,0.158472417320429,0.0337358461300026,0.151645502637851,0.151699148974358,0.154501081897951,0.134281541883534,0.475632830526145,0.145757000304647,0.152413323393004,0.131892328943434,0.13313452436707,0.136156830848959,0.136107987852268,0.144173066658515,0.155816641973146,0.133281353826708,0.140996886375018,0.135852638802236,0.13605903217949,0.130000551710755,0.340776774145982,0.137021302646779,0.153881467754599,0.0545173268244883,0.144369352573535,0.128919090810408,0.156715033446043,0.0296545054620708,0.162819139383236,0.158149329076763,0.150304573750551,0.377197557863603,0.131132228586768,0.154087322790553,0.152317915960471,0.140297889842477,0.143896138051419,0.136681613459774,0.146350231551119,0.138841505525711,0.0552530307219389,0.141356485843741,0.379085078444144,0.165828767718855,0.140286217434604,0.17404925606003,0.145060628707591,0.143105026731969,0.154836777343685,0.14446088728726,0.150815063191195,0.140826507613404,0.314439911706802,0.127568158790583,0.146867268724317,0.471749073634816,0.902014230683843,0.146756282779596,0.148999576015123,0.151976511593045,0.478420299178845,0.14279383207516,0.158413967644108,0.15106996988326,0.135237464931311,0.142311202840078,0.151250464453484,0.350500553441212,0.124815878462225,0.127521565142423,0.157981763044111,0.127648534398604,0.127536421693023,0.145776159412457,0.127479453498574,0.129646293923148,0.131309488936005,0.223337853286358,0.137704499488149,0.138432153305232,0.223782043283356,0.13845457167316,0.145359199469578,0.130228057247977,0.147234308987904,0.155501395150428,0.136910512841911,0.132254586733148,0.136678683881538,0.136069715541719,0.144962917675077,0.127517283451155,0.127668181769454,0.127739430614508,0.127726873490701,0.127670564660014,0.127461876029156
FF68_CN63,0.161949300865171,0.172229558136892,0.174089014025639,0.174148611328762,0.175326472880474,0.173934664480557,0.174186261834243,0.175247303323892,0.175205087350333,0.174126931615176,0.171863260700835,0.174638276559436,0.172184082903215,0.174987493135492,0.174095248769065,0.175064968377596,0.174504801302585,0.174156277475799,0.174148803295427,0.17409510688066,0.173955092237632,0.183822278978036,0.174137502301319,0.172431699035196,0.178052837709049,0.181608899156751,0.083285321880953,0.151601650774451,0.163196520807606,0.152308067235916,0.155359318952345,0.157804227264441,0.17828093583902,0.17730089176246,0.165661364440549,0.0637575754759488,0.0207558531447007,0.0260288936569822,0.0306757180419087,0.135520507259371,0.12488481953411,0.130749255089981,0.16526792041414,0.104490614893622,0.168884021522932,0.0957565698183493,0.156846109119581,0.159122988175116,0.0300600684275088,0.149014657917895,0.169993430265798,0.164325576921322,0.164092566948639,0.149732575686509,0.173832108376345,0.178417315634977,0.173639448962019,0.159483994008319,0.162930905714182,0.172361935845201,0.168517323460791,0.169019228652957,0.0910351413449181,0.170822767990724,0.162536072016046,0.167176828585081,0.156752596314568,0.170674394451389,0.187792283153423,0.140224967548886,0.162093138148747,0.179446853725615,0.148936999055503,0.152511981739277,0.0073583785679739,0.160462744396484,0.149349773290446,0.159349704979735,0.151916438546448,0.146603139285953,0.157990914846208,0.153118805060273,0.162383733947758,0.154399635861846,0.162134056260723,0.163393424354505,0.148390995781823,0.150466326531802,0.156771275505716,0.160652983361555,0.166010606055735,0.152814930175866,0.165326094660029,0.149620045662091,0.163515001851311,0.155692969535777,0.0213263780732475,0.155578832833836,0.137901632560408,0.14546854535127,0.00838147325576723,0.153482469214468,0.161796157371529,0.153188042428533,0.150419035961185,0.155556485410111,0.145181283929767,0.151716605421313,0.154378481969994,0.159785097895648,0.170228585257303,0.138245152734337,0.13659783670323,0.0441165061407357,0.15114353484786,0.150375455355029,0.150678929613352,0.149793036839625,0.14977386521225,0.149240247961654,0.156883396557674,0.155576312228061,0.15349025221078,0.162872326669021,0.143049485767942,0.162319521098297,0.173884377560689,0.24260889435511,0.147104443538994,0.146756282779596,0.740280243150135,0.153679351895425,0.151340438394759,0.146593987483856,0.189619430217804,0.163946492836096,0.152224528351109,0.177773067160672,0.167799622697972,0.155325086288139,0.174542201416764,0.17175853453867,0.175024680417064,0.17035543766421,0.17533042906305,0.173697982102108,0.174152717746119,0.147748508393011,0.167866360326397,0.165123920376218,0.202361367845682,0.169994340020862,0.190273506550722,0.202518943265375,0.190229946810508,0.157358998143539,0.176857849392264,0.163421234481807,0.188706415892855,0.153003791988774,0.163660462505163,0.159162616771885,0.171574037880797,0.152278980112971,0.173845562735653,0.174070243024347,0.174114533072526,0.175130666882117,0.174708285967545,0.173857552305842
FF68_CN64,0.151626956988732,0.141365320483521,0.141649105639112,0.141723601224718,0.141573387309312,0.141695528186548,0.141700949158242,0.141650294997797,0.14137680092473,0.141669996620096,0.141563029455776,0.141523688809004,0.141480179147051,0.141455753475516,0.141772398316338,0.141434616276418,0.141518622558322,0.14169011973442,0.141712442119015,0.141641009653672,0.141570520328901,0.15530274721079,0.141657865161502,0.160330074564988,0.155823928360041,0.14725278786601,0.120287017592975,0.171771125047984,0.170829445092117,0.172566221762328,0.179802471972631,0.172428702685946,0.138372021833997,0.138867617165347,0.168493494555194,0.108969643720536,0.0718335880357278,0.0774407757408578,0.0824848876586831,0.139555141603057,0.153261119130094,0.155565574614383,0.167265037267674,0.132756950976035,0.169418268924971,0.117718094642065,0.180000915426039,0.17726487714682,0.0838620606869837,0.174209819482596,0.150448340089924,0.149752256442866,0.147356867183978,0.144103190792435,0.141460306424029,0.160818934370307,0.141608179180759,0.180192644219358,0.170993042422628,0.141504792612062,0.159819601817097,0.159436832806541,0.113652190597917,0.140840366771984,0.161877747377366,0.169532213660247,0.158136755260202,0.151351359628725,0.159368526059288,0.175846089084086,0.173874879383957,0.165838374398484,0.169082352300253,0.181128072739046,0.0610653055963627,0.179648932026093,0.197669197595919,0.178494744972009,0.16292914462869,0.149129499888671,0.182656123219704,0.15925622556023,0.145123756528075,0.157638276255688,0.157485829684504,0.160158406288168,0.169352916795085,0.159420941305225,0.14659011059186,0.17379472495492,0.174614047027756,0.17817681061598,0.168271026056335,0.144030389521307,0.163677501633281,0.178723623488204,0.0689767985510005,0.182634151382931,0.182121191414771,0.184440361561256,0.0634994804679692,0.17370302331366,0.172748560881813,0.176835201498975,0.142332853341346,0.164240802772757,0.165552949179865,0.175024651204746,0.182854812891225,0.186351610890873,0.155197674673991,0.156844631810898,0.181552377493457,0.088219716503322,0.176044277973003,0.142234645699416,0.184692455524358,0.193364875126959,0.176013325434856,0.174282879491404,0.166135267538747,0.177530033189523,0.182503630743447,0.189156481739079,0.179785140721327,0.154485190396635,0.141491292347682,0.153696691493106,0.149107945370735,0.148999576015123,0.153679351895425,0.795111063653877,0.182095497093972,0.149059336072593,0.168881058559188,0.161069742991391,0.177105407099607,0.155290177567418,0.156918238507382,0.176987226578135,0.149305257890094,0.147474371648934,0.141417030460624,0.161206510893867,0.141519878688022,0.141547526060978,0.152523286906574,0.153113346529884,0.17809584241521,0.158316861723908,0.149112106039541,0.162326728194613,0.150499386530076,0.149084517091222,0.150448732369631,0.163127508791518,0.165467085829136,0.171511748871175,0.149099014747622,0.188136107970104,0.147782478146349,0.191152104591177,0.168236150721121,0.186683408578669,0.141624871934242,0.141682833347524,0.141669658591838,0.141462714353719,0.141629879760287,0.141612031033626
FF68_CN65,0.153299228686296,0.14195356476989,0.139467688267558,0.139559210461718,0.139335924017939,0.139536812959732,0.139450006468431,0.139821470311692,0.139411763370202,0.139468714871898,0.142161205930467,0.139425276154146,0.142088287810065,0.139348118074359,0.139558346611725,0.139354649114159,0.139406021063003,0.139490256870268,0.139485620457988,0.139532664810492,0.139488424840573,0.154413933205204,0.139495602724571,0.163612070212815,0.163840740069592,0.166851240601581,0.114639266496881,0.186020384929884,0.167637782279764,0.176519349563944,0.180775943277507,0.169724426543417,0.147612621033281,0.147617282484691,0.160752180049128,0.104625137620754,0.0638574482200383,0.0702251577738602,0.0703315532113732,0.130651761063262,0.149504740467406,0.163177294928782,0.163991788622673,0.13673561869048,0.174303603544853,0.13028242971926,0.176609899405214,0.175853204370258,0.0768614036529652,0.181667590877997,0.1514310341411,0.150071622202505,0.144730629663982,0.156636310420616,0.139588205774518,0.163420575118045,0.139638884974093,0.17033648304263,0.178189739153553,0.142035572094565,0.160622807036445,0.153684793733061,0.12832569680959,0.142289873674315,0.155402077440392,0.173705268489004,0.163047629792913,0.158846022009324,0.166179286329682,0.177091986125807,0.180647329785108,0.163442705535975,0.166967622478865,0.174893613089903,0.0494724303472493,0.188453224381211,0.184684397097614,0.180090396931085,0.171543306521635,0.152117077096938,0.175191491102621,0.172337743872216,0.15268297813277,0.160259071938048,0.16094092918595,0.158713389736523,0.168280357305533,0.166587132029159,0.146010613308316,0.184686905183825,0.171846630545177,0.174763801892441,0.164354313496443,0.156490436621116,0.168452872739592,0.180091544557887,0.0598435587957436,0.180463375641724,0.177669559569511,0.181149376865678,0.0536887235807155,0.181485009713587,0.17262310649301,0.177682392123752,0.158775707958464,0.160861137824301,0.17489925524058,0.18528046193899,0.179028199468258,0.179690776585887,0.153051729403589,0.176883648042772,0.171915433901846,0.0943394802432819,0.17181186371286,0.158666149244166,0.176431120015409,0.18310362255508,0.182211837239373,0.170317924873945,0.172403304661521,0.183866886188531,0.170592216025991,0.173276448344775,0.179833499628168,0.160871704337256,0.139539734191592,0.151347136362094,0.151948668080235,0.151976511593045,0.151340438394759,0.182095497093972,0.768525660569723,0.152012150621732,0.162471366730356,0.168536737133092,0.184690878059154,0.156810628672053,0.145066416919861,0.180613301607133,0.150749798698265,0.139322290211532,0.139437094623612,0.166047150666298,0.139415081054956,0.13963144000604,0.157402236548248,0.147997676951065,0.166143989502442,0.158226879436257,0.149720924144578,0.169054483748313,0.157386057096935,0.149755056652263,0.157524114514617,0.15868084304042,0.166357552417317,0.178404094974218,0.161716557976544,0.183657517327969,0.141196844695805,0.173504141675474,0.163663913731945,0.182760311040569,0.139529297047476,0.139465234432796,0.139455606887225,0.139401192684058,0.139464070113241,0.13951432782079
FF68_CN66,0.130144176161724,0.129455750315326,0.127100411145232,0.127182001151069,0.126979288525958,0.126924068897436,0.127118201447257,0.127369060146601,0.127020365219092,0.127151808133207,0.129588190621461,0.127016141952461,0.129563514558625,0.12670912465721,0.127164820134547,0.126799369855729,0.126838681290181,0.127120141979849,0.127094222306878,0.127328559353463,0.126935273908212,0.136302304022377,0.12712974448629,0.135764768147901,0.150006336843633,0.174998898459309,0.0799408828155343,0.142710084530935,0.141299463397842,0.141076761200435,0.142012456804179,0.138100764589896,0.347508268876462,0.347036894730417,0.138054717629413,0.0783925256002641,0.0359987950827559,0.0420110741830379,0.0480867148023533,0.120346831901894,0.109730299111256,0.184055180447821,0.138631790290514,0.116021046725143,0.148480339571653,0.351055537416266,0.155854889244564,0.142460194011292,0.0403809016097583,0.146430740701168,0.138543026573867,0.125938249128171,0.125903882921937,0.342500613932244,0.12684634326403,0.153105004326331,0.126882124181121,0.143446927708811,0.138337968616892,0.129571101415083,0.152462521110707,0.13019559401564,0.339147461249507,0.131332967293779,0.132020712910473,0.153473117099329,0.14180310463637,0.138419483505338,0.151765978412927,0.165178042456198,0.152444597266654,0.15065472929399,0.137382187457519,0.158573325015235,0.0340091482364052,0.15160452192805,0.151743301307321,0.154514728223924,0.133836179220603,0.478924808440554,0.145693317450109,0.152400720364124,0.131297274013644,0.13267993895784,0.135858322684797,0.135771169818862,0.144107964919931,0.155914711899859,0.132889199315505,0.14093320352048,0.135715173977303,0.135849204268207,0.129643159858681,0.342689596767615,0.136740530533193,0.153924910645539,0.0548970452343457,0.144372357269162,0.128788010963682,0.156832967749401,0.0298838221630453,0.162949134200986,0.158177873685219,0.1503267333808,0.379506958576111,0.13080676162573,0.154271235202053,0.152386189322217,0.140187383814419,0.143873602834216,0.136361822034921,0.146462490318293,0.13888494841665,0.055427010945117,0.141364456633529,0.381449815634449,0.16598572133348,0.140285674920116,0.174384279622437,0.144924582766703,0.14313002413031,0.154990893190219,0.144349671817179,0.150849992777859,0.140855052221861,0.316142030047594,0.126938341201664,0.14665176527685,0.475114124077598,0.478420299178845,0.146593987483856,0.149059336072593,0.152012150621732,0.905375831687355,0.142679778836986,0.158426195086034,0.151070846252818,0.134870850332937,0.141886413995816,0.151312352837023,0.352475806960872,0.124152717098224,0.126870464292813,0.15795709950084,0.1270314867661,0.126905894662081,0.145545757682506,0.127268916145267,0.129293158723212,0.130839295802269,0.223924728766941,0.137454233381553,0.138103139134079,0.224409356959252,0.138101436473224,0.145331698158215,0.129994817749934,0.147245826987808,0.15535116036908,0.136789365183508,0.131902870417259,0.136556117339088,0.135725803088083,0.144951733530243,0.12687682423189,0.127055390789088,0.127111031909636,0.12707790096716,0.127042165955141,0.126850503932836
FF68_CN67,0.156101862705535,0.15070841736238,0.152550846642574,0.152550850815763,0.152366583683251,0.152680273906706,0.152511172140733,0.152505922269763,0.152443841919559,0.152575994275697,0.151104770101084,0.152421173160329,0.15079773611308,0.152392966580131,0.152562756922185,0.152543514350607,0.152568636944599,0.152559935846846,0.152539691710059,0.152559777265688,0.152751072047416,0.195480322736747,0.152525552947859,0.170509603589003,0.177575166221753,0.174307814291919,0.0993929860081299,0.163851369180373,0.163399913662421,0.166383889409125,0.166570414236545,0.168045515303155,0.16539512336887,0.165086211446099,0.168359864890373,0.0902926184576696,0.0531636571930916,0.0565573857863576,0.0607686127691419,0.145309880729412,0.144387163741502,0.151791088487355,0.160344885210516,0.126025510497004,0.171376783786076,0.0963700201624777,0.162090796990071,0.16344469197364,0.0616399536350199,0.157154578684384,0.153766855309184,0.155708477103763,0.156058628474014,0.150306297277348,0.152762882170506,0.166946840000779,0.15251417683636,0.175661183453753,0.160537740764695,0.150976298497089,0.166825796672084,0.163304456151628,0.090060150999475,0.15068574860315,0.156255874222359,0.174501600467105,0.155205086256537,0.156426453297015,0.182264093904152,0.153404055004981,0.17888044773399,0.177004737276539,0.168520929095543,0.161393978861859,0.0419072786418797,0.162944865029282,0.160370738112473,0.167508780680847,0.152783869134822,0.142742138790811,0.17552881409182,0.156648771561092,0.151302741984205,0.148325885696862,0.178976702323762,0.161701188123775,0.150416235751788,0.152443324444201,0.147256731529021,0.173206342953334,0.189716394249599,0.157272846842812,0.160364040145138,0.150129917470857,0.16098065793924,0.164326661950298,0.042832895995708,0.173096158260781,0.157541608520267,0.159641561081635,0.0362850298999194,0.168031489217041,0.167798529322619,0.160950540038768,0.151998036898662,0.163245201049951,0.158041122475497,0.161659927810353,0.159291150973705,0.168081095907204,0.158188427678609,0.14554154693544,0.153766826096865,0.0757978415575405,0.160207149128339,0.151930335263722,0.166330422519718,0.169095318396521,0.175425652875294,0.153002911446028,0.166443620254276,0.159377285581678,0.187275083225878,0.169157765987302,0.165119300656691,0.15599250013109,0.152680357370473,0.189934735465158,0.142831257228469,0.14279383207516,0.189619430217804,0.168881058559188,0.162471366730356,0.142679778836986,0.79396986281716,0.189550038441574,0.161120714314152,0.170911126908098,0.160653196194161,0.162524286932086,0.163478236061764,0.157873827700089,0.152584102780701,0.190699889552942,0.152415234713277,0.152618114265923,0.169554606989045,0.147294957934497,0.170524422580908,0.156355709407753,0.184495981815862,0.170682991219433,0.180007663471634,0.184571971402905,0.180186868526652,0.163268433189611,0.169407072260572,0.179024485330608,0.173952642576058,0.158210169990021,0.150320607140271,0.183916960275792,0.160303624897094,0.165883732782886,0.152641542545437,0.152699503958718,0.152533089726057,0.152379353639665,0.15244506883694,0.152626573318751
FF68_CN68,0.158079428171552,0.157129927660678,0.147327575574803,0.147454569870114,0.147804512580946,0.147788312263691,0.147361683043357,0.148077226267789,0.147947039483374,0.147361945954225,0.157268043502997,0.147537724821591,0.157144754998959,0.148117510055132,0.147436679411569,0.148408527346169,0.147978897603396,0.14730757765613,0.147366791025923,0.147440794175302,0.147928635722659,0.156469875322013,0.147434238096372,0.187213766569146,0.25058490480196,0.19647964694358,0.0961334504601147,0.160950811296012,0.158146136587659,0.157863841260318,0.160414226908485,0.166927785222678,0.171671907494469,0.171465864665038,0.184216954095014,0.0796541764280848,0.0404791843690788,0.049626487769145,0.0485204467892942,0.139288487385729,0.144117216878549,0.157923146440255,0.154571796574894,0.132933698023103,0.191146445747746,0.100694419840689,0.163533443170721,0.164564542033809,0.048216242223006,0.163935066646337,0.152500851845892,0.158698416336649,0.15945791575419,0.168989803501754,0.14794328361384,0.149196951132307,0.147711604888248,0.162997284448408,0.148485380783205,0.157286426397771,0.183811608135371,0.158890658432137,0.0857513506993936,0.15709377950301,0.151037569248749,0.189226420202985,0.166064156408909,0.152856182142911,0.189607878832393,0.161406911572621,0.172622810196636,0.17194818508418,0.148698760077792,0.157252606879214,0.0302607194975644,0.158956732523612,0.153979016032766,0.156884527491722,0.141014576520522,0.158344538309183,0.161068607884155,0.16712119581091,0.154702029264381,0.156609681305623,0.163226730518222,0.159231970989419,0.161213584448156,0.165740037387715,0.158467684924817,0.162468579040525,0.184804568229939,0.158407595185466,0.151772338352005,0.168882239571497,0.164956721584142,0.162052541372276,0.0381310648148661,0.170372251440156,0.15076394998003,0.158435860190301,0.0292434589271136,0.152241079216188,0.155197770657323,0.166241199752351,0.164810910382467,0.170556351645133,0.157178082081288,0.160054101618028,0.161526243894083,0.162341351046665,0.167322134830963,0.142448020820815,0.149169992335432,0.0611049383663201,0.157006497268235,0.16490283320271,0.158927745557189,0.168764359519588,0.161215170259736,0.157577034716347,0.159432555288461,0.154474682308318,0.160771389235199,0.170499671400681,0.162086786556047,0.165694470343895,0.147871400444153,0.164060316548909,0.158294606110327,0.158413967644108,0.163946492836096,0.161069742991391,0.168536737133092,0.158426195086034,0.189550038441574,0.783212785669446,0.156120208041613,0.183789269058023,0.180464005793168,0.158515580607748,0.169796877266722,0.165036704912457,0.148431379725687,0.289658179567617,0.147926236139345,0.147873007121676,0.1696606643983,0.167290222459492,0.154214701019194,0.147688097318155,0.181526608055267,0.180822687160448,0.210758778507838,0.181577767171505,0.210930179700602,0.146415988480277,0.180784035089758,0.161480334648816,0.198455701715407,0.151992261205957,0.15175828722676,0.181460513097851,0.156783724126626,0.161437300730337,0.14780066072808,0.147759300258137,0.147400627237234,0.147817282537361,0.14759638315733,0.14774028721192
FF68_CN69,0.150662357882332,0.142281452180183,0.142957558774511,0.142954015737584,0.142739952040104,0.143145160284531,0.142942005301453,0.142947397060828,0.142820048044505,0.142920275509606,0.142026537141742,0.142855553531163,0.1423466499021,0.142902547805407,0.143026224415963,0.142979313605487,0.142987409590927,0.142960972442598,0.142918735603097,0.143035305273858,0.143169135251721,0.155825848026692,0.142902468514828,0.171010256824658,0.154049146463337,0.152990287551206,0.114150586138663,0.17643027285817,0.16807634264565,0.180995344482913,0.178869088315245,0.177747631577552,0.147145223935753,0.147247788386342,0.157085908869743,0.107119660969391,0.066913140208894,0.0696875259160519,0.071152502827674,0.134186326417666,0.138973198831127,0.158457502345192,0.167942796444597,0.128682158040657,0.160534877957473,0.119826798379445,0.167723553820349,0.164868329281261,0.0757626031549376,0.176255382879927,0.166785613041262,0.147340395609478,0.14373115104918,0.162563823718711,0.143251180135091,0.167530497953128,0.143234462342477,0.187710843382367,0.190803743518737,0.142318764657406,0.157982389022366,0.162070523640966,0.115174185782249,0.142734109576385,0.162252574810453,0.168184515861409,0.158264696869273,0.158067889305707,0.168511347455044,0.179348846396727,0.173458678961362,0.166218167925733,0.171547195933197,0.17063141061117,0.0507857327275351,0.185089175503638,0.185071168195818,0.177606056162073,0.172120208082012,0.151214792039291,0.176823332951249,0.18195577457413,0.147881599716532,0.165076308470095,0.155673447360579,0.161541350835985,0.164299093867921,0.159619117674576,0.142207419818485,0.183045381538177,0.165719304987889,0.196200427256068,0.163309430592166,0.162412274383026,0.16709796367125,0.17666577422431,0.0597493282023312,0.172158063073724,0.172770987596117,0.174362979668993,0.0563868567899624,0.179390152615221,0.166702228564425,0.174105510639269,0.157571200599005,0.183042677312113,0.166052638409006,0.176903495726663,0.178863734114565,0.181827741154915,0.153476810371037,0.177833716107265,0.17177579901896,0.0926305596054457,0.168309473640796,0.157472992957075,0.1825402504714,0.177850329570169,0.174014359858874,0.175146512478361,0.196781986094667,0.186070538307724,0.175315096768975,0.176439975521132,0.173411755631321,0.161870014459315,0.14316439868292,0.152216328035961,0.151024390319874,0.15106996988326,0.152224528351109,0.177105407099607,0.184690878059154,0.151070846252818,0.161120714314152,0.156120208041613,0.77527255650318,0.153518233438806,0.147060783642259,0.205149479169392,0.150506585280015,0.145703846404368,0.143012098173328,0.155194941235608,0.142790021954177,0.143193673599341,0.149963862132395,0.141692990888019,0.165295622038545,0.144839124215246,0.15024036090109,0.163884195480097,0.147471020578672,0.150243987401784,0.147599145808032,0.153607748329359,0.159962057775322,0.174715121650096,0.151858276820124,0.180433937970956,0.145937461489365,0.179338008626528,0.159183203110118,0.181845256026507,0.14315041432869,0.143001928113269,0.142934126321809,0.142769748605072,0.142880868091821,0.143147505616395
FF68_CN7,0.16904837002735,0.176839195240246,0.175455082199685,0.175452248604781,0.175898675430746,0.17568595967311,0.175470034733618,0.175754946650068,0.175795025951181,0.175476682622692,0.176894306365871,0.175607766642607,0.176825644897606,0.176027217978943,0.175421588189821,0.176041552880996,0.175839654027618,0.17547906968644,0.175494297650805,0.175420736859393,0.17562338271349,0.172528354251052,0.175511374337618,0.183380200614353,0.192039170030836,0.181630574697148,0.0858184221828889,0.147557514080845,0.160858592179395,0.1471579104284,0.154909215547426,0.157586111401054,0.154816533206899,0.154567214414063,0.178728969342507,0.0730019973157801,0.0302982406342062,0.0374002226818674,0.0399896651999972,0.132871133583048,0.132091014441767,0.135141093492264,0.165081019999766,0.109215891046731,0.177716966989404,0.0883234285807126,0.158715171687958,0.156527532092544,0.0390611516534396,0.150757439806172,0.16685170382549,0.170923070573215,0.169803258071741,0.141695699287271,0.175579856358783,0.168661461213929,0.175726310231467,0.158343603514988,0.152812526419364,0.176781442486383,0.172629641705999,0.165174445167823,0.0834544361664906,0.176998853080936,0.16685341900591,0.173277712820851,0.159777339938466,0.167302099353595,0.177763293553508,0.144084724433894,0.154050586213325,0.174461996909466,0.141477608463014,0.15498832667937,0.0202869328334178,0.156094392698352,0.150847797680776,0.157067112829321,0.157677500053185,0.135018343329526,0.158711390779294,0.156385468414025,0.170748447679028,0.169845290425012,0.169729734839025,0.168564230098078,0.153750513103524,0.153372593337854,0.1632729944845,0.155639039422462,0.177157751401342,0.158546195117636,0.165532934568438,0.141765495862773,0.168372943662727,0.154460351579452,0.0288234442103475,0.15559483283805,0.144847462245611,0.151611996108422,0.020229547320131,0.149164487899971,0.154585780929125,0.15403976513588,0.139023661024907,0.173253199512362,0.149523461390438,0.152349110543542,0.159115109195472,0.155626741036333,0.170397824738492,0.139148664709365,0.140285908618665,0.0492461642469737,0.15067924260248,0.138924034498931,0.155355963708895,0.155913076010018,0.149211669967691,0.158191670245973,0.152066677500984,0.149725226701788,0.157079002242989,0.15817905052434,0.148973718939977,0.153133348621745,0.175748474034905,0.17781310890309,0.135631739422206,0.135237464931311,0.177773067160672,0.155290177567418,0.156810628672053,0.134870850332937,0.170911126908098,0.183789269058023,0.153518233438806,0.719960838540953,0.180471358951077,0.152345822071106,0.15144883696269,0.181216498427434,0.17597430612359,0.186326788766443,0.1758742539324,0.17554008587361,0.169180630886385,0.15409698789482,0.166197435525907,0.171499358674902,0.167963044754572,0.174488338074463,0.201456833439503,0.167960995719082,0.201541682705458,0.145614577731928,0.179022749284245,0.153882469319808,0.191704910161901,0.151432770187462,0.165659352963754,0.155440566756736,0.169366646584824,0.151881375417756,0.175628782819242,0.175572524066816,0.175494790087033,0.175809995177867,0.175657202232047,0.175660636766076
FF68_CN70,0.183981306667281,0.193123618934056,0.183189310631897,0.183130431117173,0.182797181159825,0.183562076509929,0.183177304368954,0.18255838714806,0.182847480599258,0.183176857837798,0.192607629231139,0.18304048221503,0.192950444136234,0.183199568328912,0.183137371129434,0.183151472332939,0.183293652860732,0.183174278807385,0.183118562569447,0.183176248552296,0.183514397832793,0.163072802465166,0.183164726379205,0.170485983342825,0.186018736520477,0.173438539154285,0.0848016832609846,0.143515004930703,0.158403814276802,0.148435507008986,0.148514196648905,0.152163028074089,0.145609286129074,0.145283347597751,0.183075612114735,0.0659805411109215,0.0254100765926086,0.0333264980827121,0.034597087880023,0.129435906804623,0.125578937609446,0.133949831832693,0.160063737509977,0.107668489491598,0.171731296138174,0.0956518561757495,0.151164471733916,0.14645973184078,0.0360806772117787,0.15173636129506,0.170647819587844,0.187691333726734,0.186921985584638,0.142875392868678,0.183631205375291,0.160057949297706,0.183529354539914,0.157015419544972,0.144043005069752,0.193145323686773,0.18073561775828,0.174049456373072,0.0910198173972206,0.19136423610244,0.168299153345955,0.169836101064219,0.160839975586073,0.166169721381936,0.167315232377398,0.141011313087216,0.149154618309474,0.174141930054181,0.135709736312855,0.151909239796508,0.0159343975192102,0.148442951977039,0.144911787771158,0.14597558773832,0.167379720657292,0.142150255484182,0.154699387636142,0.160941396583048,0.184219224309488,0.182083056819439,0.160345836697465,0.167625529798708,0.145543579278176,0.151171086237484,0.175139722700882,0.154969217649821,0.165122668419706,0.150347774596565,0.165201516640784,0.14274654567773,0.172762152956336,0.142958768999138,0.0259472577460728,0.152836413749599,0.140781541508709,0.14821011310508,0.0169979304023165,0.145460382594816,0.156678526394175,0.151116046056062,0.132826576450813,0.172598276022204,0.147777416068855,0.143667560004786,0.156441823149784,0.145229050243859,0.178500963022681,0.137926897042804,0.132860070460677,0.0453973327691201,0.145256159275515,0.132550298861102,0.147105044478119,0.144085859541131,0.147115869728753,0.153394314783324,0.143899472428927,0.14584021368076,0.151738214190697,0.150668788765611,0.136703101206695,0.154821002691644,0.183466385300587,0.167636054579779,0.142666458019706,0.142311202840078,0.167799622697972,0.156918238507382,0.145066416919861,0.141886413995816,0.160653196194161,0.180464005793168,0.147060783642259,0.180471358951077,0.736158208177708,0.147615154158622,0.152417116821233,0.20469182646671,0.183193479647079,0.180163757409455,0.182794752364193,0.183663797976467,0.169486291895415,0.160039875218872,0.16329499970678,0.172977727348006,0.162085209090843,0.166671597361784,0.193891235202978,0.161961136027391,0.19392855185339,0.145608084250824,0.173532978407116,0.148247262827956,0.181758424496076,0.145276833250704,0.173707154770147,0.155458903746437,0.160938366848291,0.144349120956314,0.18364962582876,0.183330164085788,0.183177229251563,0.182873800898312,0.183022520812282,0.183629690507912
FF68_CN71,0.145994525667147,0.137851283042714,0.13834222526903,0.138354999398633,0.138069282056827,0.138331892454624,0.13832383402788,0.138283112055758,0.13815931024955,0.138347508525507,0.137796430654769,0.138253699424121,0.13799806659728,0.138025430193427,0.138419404214759,0.138044731189642,0.138172013434951,0.138322227350357,0.138360157459459,0.138422100094447,0.138339550255284,0.156918685038537,0.138289972777439,0.164373013553532,0.156926939605135,0.152030708790416,0.112753281649661,0.175204653338743,0.159250470733466,0.185614817791257,0.175228528149412,0.176601469564705,0.152318771464087,0.152691633325451,0.158717212377071,0.108946061033053,0.0687296080842337,0.0723006971832581,0.0701936335089072,0.145196453469495,0.149430670547013,0.165102432629297,0.161238865623306,0.136293348360133,0.170141728687742,0.123737539106779,0.173590226205186,0.164459277530345,0.0801649872042339,0.184220584768897,0.164034693172313,0.142740669828504,0.138453198694186,0.160029283666787,0.138363420892765,0.178804537437525,0.138428288932801,0.202095786137766,0.204821904748227,0.137974438004724,0.161306421196652,0.163867836581684,0.121723341393244,0.137506527605027,0.154835654756014,0.167139804057855,0.161295020046023,0.155765336795315,0.173206731059853,0.181496623696823,0.183141439988096,0.167303910517348,0.166496974467596,0.177281306989436,0.0527079074643067,0.184605632340304,0.191863662420714,0.179380666958054,0.171883550742693,0.151417988754253,0.178555377225848,0.195545432821708,0.14579187981305,0.162395623361427,0.153552512008084,0.15655781692055,0.160347798095999,0.163892383275681,0.142170825129662,0.178999729977192,0.160370408430592,0.187302192257535,0.158443664052554,0.15985857939648,0.17010274693517,0.181855638919173,0.0663665902475375,0.178754751300262,0.170139963429061,0.170598976591152,0.0586346654153062,0.186066298348339,0.172157424575903,0.178318473668415,0.159279833286843,0.171259141605903,0.170422388125242,0.182953204153443,0.18546893564538,0.188445712642144,0.151359422228657,0.173550401468564,0.163510386304973,0.0947535064347359,0.17436272927769,0.159244765984964,0.181881475128377,0.174014672848002,0.176036565920893,0.170880933890236,0.191982907105221,0.195425537119816,0.165405197445597,0.176405509158378,0.174585469033793,0.168580922851562,0.138305017121516,0.155447423305229,0.151150967296348,0.151250464453484,0.155325086288139,0.176987226578135,0.180613301607133,0.151312352837023,0.162524286932086,0.158515580607748,0.205149479169392,0.152345822071106,0.147615154158622,0.769905931108858,0.151943501673032,0.143010391339285,0.138136399445394,0.159024805572316,0.138115095318762,0.138336420364006,0.158611547247523,0.144700611920031,0.17752102327583,0.149132254192995,0.152618706858672,0.159407203169108,0.152176336371803,0.152669156532886,0.152295238854864,0.15085682846041,0.165208677832028,0.182197902963403,0.152356601416668,0.181511167258295,0.144006656599042,0.176763030379291,0.152255798051572,0.175374022188771,0.138337855940806,0.138294367144794,0.138318083374305,0.138135969606992,0.138276176216686,0.138289542939037
FF68_CN72,0.145553002337518,0.144111858504681,0.143757855281564,0.143785527693651,0.143579977300448,0.143512697157534,0.143730950736138,0.14386900815382,0.143656526094733,0.143770232958272,0.1442684198396,0.143622506263135,0.14412384807487,0.143324002272161,0.143750610626553,0.143387998115827,0.143461362767385,0.143700256935671,0.143731092624542,0.143900870447031,0.143528868262471,0.153201667888563,0.143739656007079,0.150930965151817,0.165063989218025,0.176424622361116,0.0788927823830235,0.146974995408921,0.151119305316179,0.147711917877375,0.148270190324866,0.146213689000815,0.272840660271758,0.27228202475688,0.149900725965533,0.0699953152511508,0.0275930714293659,0.0323248076780728,0.0386395302591506,0.125038826877746,0.113931360207169,0.158832133638426,0.147468345564926,0.110482887728855,0.154616049064378,0.242735546448975,0.153378682019687,0.148279492361744,0.0346717670859183,0.148479354699198,0.149329837969598,0.143384592794116,0.140341482968198,0.269625055877722,0.14353358396533,0.160634767394316,0.143416125405446,0.147721770775119,0.145705269461602,0.144275451662004,0.155009163408906,0.14532986612852,0.23530475888958,0.14477663906577,0.143321869772903,0.160699948423479,0.144700211293948,0.150151981117773,0.17212103437331,0.15237094049191,0.160262393795991,0.162638369382579,0.140378615998322,0.152767706376262,0.0199399489131403,0.154101503284637,0.150486624920038,0.154906085656147,0.143211910432522,0.35078016958162,0.150132041623738,0.15422869789299,0.14359377803439,0.139539279314059,0.146786313043112,0.145400171833003,0.143301074775252,0.151303793627675,0.141370324136378,0.147564812987305,0.14678647162427,0.140367385948416,0.14201983082803,0.269639515975427,0.147347143655074,0.152736340692467,0.0373395194838259,0.149645385261879,0.134048978442007,0.157453474955065,0.0184317544627505,0.159441398274618,0.158397546147869,0.149169378876742,0.295696061178554,0.138999852985252,0.149332554715228,0.149900049909017,0.144536718293146,0.148300975935477,0.14944722558528,0.143001577565446,0.138971955220993,0.0485125344241432,0.145413697136512,0.296879815272245,0.166297621259124,0.144932975048517,0.171691692580535,0.14340115617876,0.147343145740614,0.154547237361332,0.146959454455428,0.159969615419462,0.139889247064022,0.254860882975506,0.143548252722453,0.174720584353673,0.348461441793103,0.350500553441212,0.174542201416764,0.149305257890094,0.150749798698265,0.352475806960872,0.163478236061764,0.169796877266722,0.150506585280015,0.15144883696269,0.152417116821233,0.151943501673032,0.791788265413481,0.146380699999414,0.143441356502336,0.173010495223093,0.143613020605968,0.14350871176264,0.155125098755035,0.137811679485075,0.143735724863634,0.143940307077135,0.262374812966812,0.148783767924905,0.157237954814844,0.262924000383219,0.157317128544615,0.149706572549771,0.147286503054858,0.154108005112119,0.167668238208494,0.142627818468581,0.141651768133292,0.144432797556336,0.151937008191927,0.149570655977723,0.143528592832039,0.143670977846061,0.143752158879438,0.14366227257512,0.143679036272805,0.143441969961026
FF68_CN73,0.187291079056904,0.19702080931875,0.19982807975027,0.199674844446483,0.199390545988723,0.20016537352715,0.19977705417606,0.198921183319473,0.19937628620406,0.199800019231665,0.196954605858436,0.199656549188666,0.196908646534909,0.199796480367926,0.199681784458744,0.199671764633465,0.199883470479515,0.199742103723455,0.199665104224826,0.199671710382017,0.200035399575342,0.168808157131539,0.199702754730307,0.164245247218372,0.173329172406652,0.161224301195892,0.0786006758898221,0.139216011623293,0.167013118578483,0.145050984469266,0.148383175226816,0.14796477553395,0.142323376030556,0.141886055101616,0.172200800695829,0.0536797512257182,0.0126360888780422,0.01972317264322,0.0217372576806698,0.124133053034621,0.116774278013751,0.121334049689263,0.167964309230648,0.0961743351865833,0.15583789184833,0.0753166353796937,0.145779322689242,0.142472893023504,0.0256074099779096,0.141822134375341,0.177594901229558,0.192679645942853,0.189637245558959,0.141060865525931,0.200146531581656,0.160556202950048,0.199968770449814,0.154930594791449,0.142424993167385,0.197089337244987,0.167448703461061,0.179679104178014,0.0706306790074143,0.195439496434916,0.179274446794452,0.15468051647833,0.155388138991233,0.174407278063548,0.170163158010026,0.135695689360799,0.146801624471245,0.161577227736409,0.131055312551906,0.150835369925808,0.00352648188852913,0.143002466454569,0.147031825888154,0.14326929177262,0.17576838848981,0.1245031105134,0.150203878888352,0.14792619858065,0.18887126100669,0.183043157228775,0.165399417579703,0.174896826444948,0.14510678834416,0.150380993175997,0.175839457887764,0.147523139528235,0.158906053324037,0.155993030126014,0.174319490872981,0.140841919198058,0.172828356416651,0.142178608125973,0.0134222841815911,0.146384973344306,0.14100595054016,0.145886206389795,0.00428992079589212,0.142109203830179,0.154023310254134,0.144568830977659,0.128640384425065,0.169469152610776,0.135635541196811,0.138686792913241,0.154080316007278,0.142016212673713,0.180279050084575,0.130607099601318,0.131849340930026,0.0333675497367157,0.146354600879343,0.128356302973101,0.14353819533848,0.142127315467708,0.137271877569314,0.159683743669686,0.139523149941006,0.142222994157485,0.150530969219666,0.148868450263324,0.137009096070795,0.136917749150546,0.199947658289846,0.171574392601809,0.125332176981082,0.124815878462225,0.17175853453867,0.147474371648934,0.139322290211532,0.124152717098224,0.157873827700089,0.165036704912457,0.145703846404368,0.181216498427434,0.20469182646671,0.143010391339285,0.146380699999414,0.729225324998157,0.199630767230911,0.164041203346171,0.199306531360443,0.200213886841961,0.172352663020642,0.161744889752394,0.167030437310222,0.18882617805272,0.168447710505578,0.161458133286684,0.18257160363563,0.168299516413343,0.182535138315646,0.149129979805333,0.168432315613678,0.145338775885692,0.169985459476009,0.145124528567924,0.180991221372802,0.151921851171765,0.170803383530741,0.142085516812986,0.200255760614073,0.199818531495277,0.199778397942716,0.199467165727211,0.199586089076213,0.200255689669871
FF68_CN74,0.184767468585323,0.204899037788884,0.213542178301876,0.213620221097598,0.214707983512385,0.213907140317655,0.213637297784412,0.21432871998006,0.214794464494993,0.213557393746676,0.205512479786636,0.214224815936004,0.204688262563841,0.215140876688463,0.213361829793245,0.215193521459761,0.214607105029898,0.213604475657876,0.213633892462701,0.213492934679101,0.214184386087068,0.17894028290885,0.213630395330846,0.155262876569096,0.158260498641772,0.158936934917981,0.075687581747596,0.134339181961311,0.168320495031283,0.135305254203206,0.142721702687359,0.139732994545043,0.145004232239948,0.144395226341434,0.158971710096675,0.0510965476242028,0.0091909132185413,0.016791633008395,0.0196151913941258,0.114317797450303,0.111192972422897,0.116824710995212,0.166805665211383,0.0892692107807487,0.153236242754215,0.0762501358863545,0.143640229794145,0.137671973657987,0.020100595799474,0.132714901930011,0.187978169483023,0.190107083971683,0.191152488524507,0.12948832205056,0.214089070464679,0.168300346877829,0.213601283168772,0.148668224858483,0.143309542174456,0.204968984599167,0.162249787120621,0.181223434266506,0.0739365536390987,0.206204444496773,0.185054855202477,0.147776810956541,0.151396692973997,0.182536649009836,0.15921634239897,0.130061175618217,0.142802374591755,0.158723726724118,0.131560310076654,0.143535795755166,0.000233836263980226,0.143160546830054,0.140090519939145,0.143926819332321,0.17132006180974,0.127174743976492,0.145562583978017,0.140217985804742,0.189686994137527,0.184739307910197,0.172793097148106,0.176968981398578,0.141752421263607,0.139660489570289,0.171127218775126,0.14578913802829,0.151271622518524,0.158933542115836,0.180773159760864,0.129354508765451,0.167537212613217,0.142242332712395,0.0122487418798431,0.140913631267021,0.134354806378571,0.143320738838855,0.000305569198885703,0.135629744638164,0.146681879004133,0.138478855456289,0.127753456700622,0.166360961912216,0.133253819129837,0.136368211186316,0.148213105281142,0.139618882882232,0.178323702673444,0.123084051193422,0.128406293596595,0.0318428336335659,0.137013962008435,0.127548832755238,0.136667833591774,0.137973407227197,0.134714923322651,0.152359339028239,0.136861907716957,0.136826143492619,0.149172971991929,0.143454572989906,0.133961917386215,0.138782037591427,0.213986681288002,0.174820674103558,0.128213805282992,0.127521565142423,0.175024680417064,0.141417030460624,0.139437094623612,0.126870464292813,0.152584102780701,0.148431379725687,0.143012098173328,0.17597430612359,0.183193479647079,0.138136399445394,0.143441356502336,0.199630767230911,0.721466298229173,0.148491527889675,0.214736770165767,0.213793900851214,0.175136388323373,0.141488775915094,0.174536208718264,0.196502924988313,0.159993874163461,0.155239748759145,0.169630546497828,0.159857031143595,0.169428781186477,0.146408435009326,0.157979981092676,0.144927174316681,0.167341243860513,0.143289786300709,0.179394142183303,0.150434026053813,0.176418491947399,0.140669345339361,0.213959217535334,0.213818535182167,0.213656377601643,0.214716496816662,0.214118174280377,0.214023705815228
FF68_CN75,0.159293129064993,0.157380206286839,0.147360055499893,0.147417524476947,0.147832026411875,0.147797380602021,0.147360819193365,0.148099774004556,0.1480114442995,0.147357534894117,0.157444540158763,0.14757233307275,0.157436181262456,0.148125159509416,0.147442200539783,0.14846016220588,0.147978743195427,0.147351408653589,0.147407074813266,0.147469017448254,0.147968210067979,0.161410275162447,0.14741492875378,0.190142898274281,0.249254546600803,0.197624531960786,0.0920313022749662,0.157775194392945,0.156239711463799,0.156714390775034,0.158042407817515,0.166015288373087,0.177726131311066,0.177520797923658,0.186460764805899,0.0792978821245523,0.038965790125979,0.0482109965252238,0.0468233070622287,0.139683492184588,0.143926222566384,0.154989449267042,0.153630212602359,0.131114534268076,0.190652519691745,0.100885814778938,0.161864681124577,0.163656301836357,0.0472179028886284,0.162886356928324,0.152036722354859,0.158860014709931,0.160524762148862,0.169377713880384,0.148026843364588,0.153442807232192,0.147798002407088,0.161407979908843,0.150891653717364,0.157491300734458,0.182415981268095,0.158328625941925,0.0852794173461068,0.157391590744715,0.150701139321861,0.189752671776106,0.16589586424148,0.153746377473848,0.194717835316333,0.154587600439254,0.168742717364697,0.174043012970228,0.149048360587177,0.155981841807991,0.0281457184189323,0.160007971193778,0.152804025634653,0.155586803623625,0.141595455129417,0.157886084354334,0.164047400530902,0.166484671908279,0.155035312607237,0.155646104630374,0.164329049014046,0.158360621777164,0.160976476404493,0.16265593850562,0.15837246528576,0.161834183463963,0.188111832533351,0.154988639668498,0.151731745748722,0.169242481711229,0.165403515650683,0.156818123718366,0.0363998718706951,0.169615831835632,0.150902136766552,0.158461245695161,0.0276498977354111,0.152298389612084,0.155040829562263,0.165335797322991,0.164332592050973,0.168918805048002,0.156335110549955,0.159666591865483,0.160720163347948,0.162173058879236,0.166779966717396,0.141842002925174,0.147215325154006,0.0596823527021685,0.15500075026115,0.164379820023765,0.159103532770931,0.166879217656418,0.161396633009663,0.156487177360998,0.160810137289222,0.157339254789357,0.160231349447701,0.173064149905977,0.156728925990129,0.16809506774187,0.14793580526028,0.170498348499967,0.157826929409178,0.157981763044111,0.17035543766421,0.161206510893867,0.166047150666298,0.15795709950084,0.190699889552942,0.289658179567617,0.155194941235608,0.186326788766443,0.180163757409455,0.159024805572316,0.173010495223093,0.164041203346171,0.148491527889675,0.777792680520883,0.147938142245767,0.147941668589941,0.171202127506381,0.16757029765062,0.155996664973085,0.147397071680742,0.188427905647366,0.183085652805955,0.21563320024013,0.188489706393949,0.215904632758143,0.146642146077655,0.184734053866038,0.162466304652863,0.201489830839951,0.151429519273721,0.15177444998532,0.172049610254344,0.155945718689454,0.157572815622904,0.147812566834502,0.147744247567684,0.147389121756895,0.147807905383092,0.147591262655199,0.14778908430354
FF68_CN76,0.184981699210337,0.205281406173357,0.214032381873851,0.214161504495231,0.215199605968406,0.213758136626876,0.214043077755645,0.21460750982917,0.215022174518445,0.214060367275065,0.205954441301044,0.214592995480017,0.205084819788775,0.214937955403934,0.213847067271058,0.214830266278026,0.21446519575935,0.214069848759043,0.214062374578671,0.213907937396634,0.213830353651633,0.179351028974245,0.214130531091143,0.154952120097066,0.157702146903703,0.159104342369475,0.0755889484404525,0.13435334993583,0.168428309352842,0.135236417461029,0.142716715727256,0.139582571970218,0.145064513945964,0.14446260246768,0.158958209832295,0.0509879821287368,0.00906886832463747,0.0166717164405606,0.0194945653842681,0.114248960708127,0.111134777311066,0.116643072971374,0.166854595845031,0.0890301079530445,0.153049638636216,0.0760394107395718,0.143587000776476,0.137671243350022,0.0199239238697966,0.132714171622046,0.188348477353105,0.190232634343818,0.191488743177483,0.129512422213401,0.213636425588042,0.168481943169783,0.21333451210217,0.148710770513923,0.143286109721754,0.20532084697665,0.1621703087481,0.181584519390288,0.0737244096082699,0.206356953665783,0.18520807381351,0.147242580247255,0.151138435211671,0.182528114839618,0.15919574771436,0.129924941883853,0.142759787204431,0.158772657357765,0.131551775906436,0.143604590765459,4.22660518194361e-05,0.143050562450542,0.139937969038251,0.143930345676494,0.171410849522746,0.127232897356439,0.145603710749411,0.140162628461003,0.189975716174959,0.184801717942282,0.172820744521062,0.177246352363642,0.141641018000049,0.139410745112239,0.171044193192489,0.145774928321888,0.151008398662037,0.158751194649974,0.18073057237354,0.129348812363324,0.167317974162158,0.142273527295467,0.0120209901245075,0.140973203531014,0.134388129287712,0.143352642863949,9.27157260338507e-05,0.135677965829789,0.146583955139013,0.138468192960002,0.127562595930485,0.166324050061076,0.13319633346003,0.136397986885342,0.148226563813637,0.139702576175008,0.178558507117126,0.123117374102562,0.128454514788219,0.0316987960369482,0.136998333417986,0.127377126919722,0.136666393841786,0.137957069194725,0.13468936254388,0.152222395851852,0.136770368830044,0.136751631214259,0.14918997773454,0.143414823370674,0.133910816694615,0.138827421014959,0.213548934693849,0.175069667387701,0.128361348357841,0.127648534398604,0.17533042906305,0.141519878688022,0.139415081054956,0.1270314867661,0.152415234713277,0.147926236139345,0.142790021954177,0.1758742539324,0.182794752364193,0.138115095318762,0.143613020605968,0.199306531360443,0.214736770165767,0.147938142245767,0.721282245651191,0.213567567979924,0.175099476472234,0.140985051212799,0.1747695942779,0.19670864230905,0.160144964448426,0.154976524902658,0.169189252693559,0.160026566921158,0.168924347042159,0.146444595686559,0.157634461961517,0.144922896798601,0.167109944895062,0.143342264144471,0.179160714891783,0.150350291029153,0.176824981360655,0.140750910306068,0.213705925867169,0.213973172677246,0.21412387902888,0.21510950683148,0.214503380432942,0.21387257379838
FF68_CN77,0.185355554290534,0.205481447957911,0.214011787189241,0.213955745442609,0.21366435256462,0.21436752645872,0.214021064186989,0.21295661737563,0.213596175186206,0.214041191474501,0.205906887819559,0.213881404264972,0.205260740544545,0.214062483081569,0.213815121514079,0.213844830442091,0.214164371475642,0.214013072531259,0.213909114235754,0.213861802799195,0.214341840484298,0.179368034716856,0.213956696929558,0.155335197923562,0.157758881399604,0.158905677737084,0.0753356567722878,0.134669740212161,0.16851484041371,0.135391054956109,0.141592938696829,0.139967778122783,0.144922604675415,0.144329206501408,0.158462998434276,0.0516129796850875,0.00974636459069261,0.0171640483386039,0.0201997298892217,0.113673582361505,0.110596289949642,0.116489812628457,0.166348033374643,0.0896018973576675,0.152079810524787,0.0764317113123673,0.14380123140149,0.137782604881696,0.0205588536144697,0.132932658899198,0.187375811473584,0.190737026756253,0.191808680663929,0.129579088897624,0.214352941165364,0.167754744230232,0.21407869591839,0.148919325602753,0.14365287038172,0.205525145413342,0.1617311432699,0.181453251750085,0.0741677900067239,0.206456254683066,0.185348522468129,0.148082538736585,0.151488878705107,0.183023284505754,0.158194704153918,0.130044816719804,0.142951315684708,0.159258604277601,0.131724149452091,0.143842232977233,0.000828306947398471,0.14325627977128,0.140279189785388,0.144208426083581,0.171526467706559,0.127213721555876,0.145738483867846,0.140275408876724,0.190289268683198,0.18508476444353,0.172927139958575,0.177098767556909,0.141755926741839,0.139628522947368,0.171318016947438,0.145887708737608,0.150489775677258,0.158461011996612,0.181079596982931,0.12932254214253,0.167696795336516,0.142338065653621,0.0126750748038024,0.140450323894097,0.134751342737563,0.143459038301463,0.000794333020872083,0.135724768137367,0.146986897342154,0.138844885808291,0.127813717540697,0.166459532621534,0.133324012158234,0.136494450134533,0.148321608178782,0.139187500400344,0.178432915013107,0.123408933908087,0.128433210661586,0.0321726824423927,0.137093377783131,0.127558723211677,0.13681038970652,0.13807552514663,0.134760995322265,0.152467132483856,0.13635603382265,0.136922585875868,0.149316946990721,0.143614155713205,0.134196700963956,0.138270488160936,0.214127818518702,0.17347482085398,0.128208088014924,0.127536421693023,0.173697982102108,0.141547526060978,0.13963144000604,0.126905894662081,0.152618114265923,0.147873007121676,0.143193673599341,0.17554008587361,0.183663797976467,0.138336420364006,0.14350871176264,0.200213886841961,0.213793900851214,0.147941668589941,0.213567567979924,0.72106882757508,0.173972152231692,0.141408567234608,0.174810721049294,0.196939190100594,0.160015825134292,0.154767928081944,0.168327969211655,0.159860536621826,0.168209918059022,0.146418325465765,0.158037404164659,0.14522935488661,0.166200419355592,0.143342952720553,0.179670782840403,0.150514860712555,0.176782393973332,0.140706194592675,0.214479196806334,0.214051899875861,0.214044400656358,0.213688473593403,0.213790370333852,0.214525949035652
FF68_CN78,0.159514111908791,0.169082798831409,0.17401413867989,0.174095019243705,0.175055791536368,0.173989617025024,0.173960984779612,0.174981588073947,0.175174197410013,0.174030773008736,0.169282636129732,0.174588941126517,0.169058606858423,0.175011230230945,0.173980644670026,0.175063875002243,0.174548402774683,0.174025356210231,0.174029233102227,0.174076277454731,0.174055449071573,0.176572816453351,0.174020060434189,0.162406189874382,0.176249052153169,0.182349172695467,0.091670542659877,0.157094476425468,0.165484796840581,0.152592878995845,0.157736984680223,0.161585878755902,0.160047891913733,0.159849652946555,0.170423464807842,0.06999744357722,0.0282053198952437,0.0316707021328364,0.0367822110428498,0.142969264567891,0.123339270874614,0.146522605096774,0.170639431479218,0.120234168335448,0.161778575728923,0.0970381476206404,0.164573677143153,0.154716259836726,0.0400677831131102,0.161627443712075,0.172686088251902,0.161314321042238,0.162938630285856,0.149614424377356,0.174076481940961,0.170166120973769,0.173783081759365,0.161502682072542,0.161427214134044,0.169205244351396,0.168042322814051,0.172321297336847,0.0936426662882587,0.170166859628111,0.161929824595045,0.158677329215811,0.163975041617741,0.16814839691606,0.179491427550603,0.150491628572895,0.158283050551728,0.160912296940538,0.152246162159623,0.160950410669929,0.0182862395574493,0.157394023713535,0.155184549996565,0.156122069283627,0.157860469324114,0.145626563128929,0.158824125289942,0.153392975189857,0.162711821671093,0.165077063817191,0.158558084531305,0.16626415228839,0.158422831496207,0.161093384103512,0.163771665455679,0.162440393326269,0.169094166596531,0.153427504150437,0.162884520725441,0.149425984056473,0.166715620325907,0.164650000585266,0.0313319644327795,0.162678544667024,0.147468074307682,0.148692575412626,0.0190915355441716,0.146694144004755,0.163145132166008,0.160514066267068,0.144846694378951,0.155190029392896,0.150203749519513,0.159554846400478,0.157236439947466,0.157018599514511,0.170464445517643,0.139893512062537,0.147974774493286,0.053697136728471,0.156385218022723,0.144748486737021,0.153089939116312,0.15737162203836,0.15406986217041,0.166086983749297,0.162298183586157,0.156181082340378,0.154140426612571,0.159141696578582,0.148452212282034,0.156051216891467,0.173925141264695,0.174201272792813,0.145966114600718,0.145776159412457,0.174152717746119,0.152523286906574,0.157402236548248,0.145545757682506,0.169554606989045,0.1696606643983,0.149963862132395,0.169180630886385,0.169486291895415,0.158611547247523,0.155125098755035,0.172352663020642,0.175136388323373,0.171202127506381,0.175099476472234,0.173972152231692,0.744930718898311,0.15616068796881,0.169316075888147,0.166697788291999,0.164685355837144,0.167474727463741,0.183629198071684,0.164634355302064,0.183732492830238,0.145586133279993,0.168893269308361,0.157704876168898,0.176424171656772,0.154443575362202,0.165801174597347,0.153031944317524,0.183468158905644,0.155024846250803,0.173999127721321,0.174037224757958,0.174077967596021,0.175082750333244,0.174536926506664,0.173984867936658
FF68_CN79,0.144182164209164,0.140744650523511,0.141004314650318,0.141020635990037,0.140925758552427,0.141298332463794,0.141007206669859,0.141098440914021,0.141008692324919,0.140986895762059,0.139996673279062,0.140931396529916,0.140739613485148,0.141177744012631,0.141041764842758,0.141400654869457,0.141264024682197,0.140971546775231,0.141034307355139,0.141026015229846,0.141449297553107,0.140821708446778,0.141005270310455,0.159167390899381,0.169314060238164,0.157575970553313,0.18028249296498,0.145616217794958,0.146624793960409,0.144587339068083,0.150792060576896,0.153534934538666,0.136553813739107,0.136325778206962,0.153026331379165,0.21187501041369,0.219627479852271,0.215310283097187,0.203339846976603,0.159714028497693,0.21685630332697,0.130457803787354,0.138700155462404,0.237726793956216,0.153972389009633,0.141146090378839,0.148352798588665,0.14714489842706,0.184124046402315,0.149511396702858,0.14538301585561,0.146920965139084,0.144015487065635,0.134165418743928,0.141462526560242,0.144551520592297,0.141238651696903,0.151936369694107,0.137962223082363,0.140766355276228,0.163617336776539,0.15273979191925,0.18512147180844,0.140707792923821,0.14143668617785,0.158045729675458,0.245887021457317,0.146951492012016,0.158453437659719,0.13597412031571,0.1439705710392,0.150837314631588,0.136812764250703,0.146186726030751,0.212986731102913,0.140056483414792,0.145322400294525,0.147812888170007,0.142380248241673,0.127387322018912,0.1457340143831,0.146050763553631,0.139326288125991,0.146212094842857,0.149252846817346,0.14948139565166,0.286991975422595,0.248872449473574,0.283521026151716,0.149216197877074,0.15569544840967,0.136502149667077,0.144296943582114,0.134093326914823,0.152816036070784,0.149622403513521,0.202617322008028,0.156377084478588,0.143167950066224,0.132890977093751,0.21491578325412,0.14309423904003,0.149650639306037,0.144545039630757,0.125873890217117,0.142415620186304,0.14425133480641,0.142314499658891,0.156519707364348,0.14982962735526,0.150637473160077,0.133842484908232,0.129645434246343,0.139020823256815,0.1492586767615,0.125735244379874,0.157714595524613,0.15435984451073,0.143091050724115,0.144279249263422,0.136651658313648,0.154827270820577,0.143742648183141,0.151119839484291,0.13781251412275,0.135839017515394,0.141404832231016,0.147822603352534,0.127531067492343,0.127479453498574,0.147748508393011,0.153113346529884,0.147997676951065,0.127268916145267,0.147294957934497,0.167290222459492,0.141692990888019,0.15409698789482,0.160039875218872,0.144700611920031,0.137811679485075,0.161744889752394,0.141488775915094,0.16757029765062,0.140985051212799,0.141408567234608,0.15616068796881,0.88818366837485,0.139362528093803,0.145490951199632,0.148775922330767,0.151514214131706,0.170045315516812,0.148661072013615,0.170142225297158,0.232157728326853,0.156020957102591,0.144224572149388,0.160770846720711,0.13310691037962,0.28976887756234,0.145149137859747,0.141118530642838,0.142468945187306,0.141326998094713,0.14127641487847,0.141017063740791,0.14087751649486,0.14095600164855,0.141314866636119
FF68_CN8,0.163050688739989,0.16957728826784,0.175154220357282,0.175149258436309,0.174778408051739,0.174906933907182,0.175150017956592,0.174704914031341,0.174876240106715,0.175133254258907,0.169332305417721,0.175033060179313,0.169369350810889,0.174579188385295,0.175066099311644,0.174572240026657,0.174791040292937,0.175159052909415,0.175176409199849,0.175106395618553,0.174936584410557,0.170928504064474,0.175192067002616,0.158506395420144,0.157105476950014,0.154624186781701,0.0951120542599885,0.156145960787049,0.172525307823541,0.155087285495207,0.167951539274233,0.160860127912715,0.146384046896487,0.146215604494277,0.169286947033319,0.0753941773928112,0.0335878648703745,0.0428465506680573,0.046991090100676,0.126115768215087,0.130114450540959,0.141360003841537,0.177447954920646,0.109880579797676,0.156169025999175,0.0853891179488096,0.162530492463194,0.157122695525231,0.0424430033526022,0.151996776595774,0.168507483082612,0.165758983662919,0.165988529889254,0.136190370763895,0.174983157192775,0.168733765875642,0.17510407115263,0.171731425507013,0.187930557576901,0.169287547972445,0.154440908694833,0.175219376347315,0.0827577056752348,0.17035699843666,0.169160466040178,0.163187260502611,0.153132647526099,0.165126891686338,0.161741196480685,0.15659567608545,0.166216039599664,0.16117763660353,0.14362290271603,0.167193508818999,0.0235538549248489,0.167767493320705,0.175908069277769,0.160756152924457,0.165514647656998,0.129705273594392,0.167217542210826,0.160552672432686,0.16628103283535,0.161414932440669,0.166498877441494,0.168556367811188,0.15719621458476,0.148729236872463,0.155662751478785,0.158686743928776,0.167474518804322,0.17609915122689,0.173445992468715,0.136375096947128,0.165022190563303,0.161468870900362,0.0341129855094471,0.164602559779867,0.155801898098632,0.163132566695824,0.0236780865694587,0.155529543305989,0.156365003098255,0.161459051388125,0.13277909391353,0.173068686161736,0.153286992897992,0.158226069837713,0.158441080848953,0.161330596476884,0.165067018952782,0.13964024960669,0.159921786507544,0.053851803435869,0.153925590875243,0.132505654091911,0.164569428837392,0.161333864083378,0.162851343877893,0.155158037730845,0.157930157396718,0.153856249177274,0.163251798860765,0.167115123821831,0.149630603828669,0.145916845938813,0.175034716935096,0.16783971451865,0.130045534508204,0.129646293923148,0.167866360326397,0.17809584241521,0.166143989502442,0.129293158723212,0.170524422580908,0.154214701019194,0.165295622038545,0.166197435525907,0.16329499970678,0.17752102327583,0.143735724863634,0.167030437310222,0.174536208718264,0.155996664973085,0.1747695942779,0.174810721049294,0.169316075888147,0.139362528093803,0.75260736105019,0.170818235908153,0.158161335339706,0.163571385799388,0.162432497653871,0.158050741674692,0.162401707870071,0.149461113956178,0.166162635308083,0.16636220552235,0.158795964614816,0.197857178866081,0.157175077385661,0.182434067866494,0.180793570825185,0.164734278124414,0.17490012743695,0.175071599573917,0.175155618375386,0.174820265131098,0.174995943841943,0.174920630311415
FF68_CN80,0.177496610123861,0.190210962976609,0.197101781692709,0.197036517199778,0.196830257364552,0.197054557893105,0.197111058690457,0.196286403282883,0.196598908320841,0.197087910014564,0.190584613570576,0.196886975167699,0.19009241521456,0.196721846277056,0.196951229749044,0.196581522818088,0.196906739387823,0.197126478621487,0.197087079550078,0.196975918331446,0.196945867201988,0.175648684754582,0.197039597012795,0.158057581530431,0.155792562676246,0.156311502823342,0.0841209319080003,0.143527378434223,0.163731327416887,0.13897682950501,0.147651828138025,0.142646176324224,0.142273093283876,0.142072016548607,0.156462626493813,0.0620718285531356,0.0242093042367411,0.0306550524130966,0.033451652001952,0.119577103999656,0.120407418250661,0.122024424414631,0.163986555444456,0.097043489301755,0.16364822671686,0.0858285254719347,0.155494509389616,0.151587891772393,0.0349700039928368,0.140584955124127,0.178185244629678,0.181368389964566,0.179034012719658,0.132385896105235,0.196850551579599,0.164318461635149,0.196757923490521,0.160253625927224,0.152827629188078,0.190243309359671,0.163139640250112,0.171507838593672,0.0852289551523273,0.190553656859241,0.178401920743077,0.152267791794949,0.152427725066071,0.175707063486701,0.154286642613518,0.138324259693094,0.150138217942526,0.156836823775456,0.137031739790894,0.148788717326312,0.0159730203775816,0.146740604110887,0.148657954641902,0.155478876625979,0.180398294769081,0.131025098668101,0.151869026953367,0.148427152285867,0.18062337568386,0.180277839859947,0.171705735359403,0.174403142433873,0.148708713132056,0.14360732837703,0.165547670096576,0.152458815319433,0.160420799680169,0.162018408864592,0.1757937990338,0.132208097414698,0.169451500023968,0.151460325750274,0.028572506220424,0.156297384927083,0.149053239044383,0.15283244087427,0.0162788691800884,0.142555530499623,0.15609567804037,0.14645532495386,0.134451511672687,0.162528059494374,0.142932240040665,0.15183426012105,0.156845808650018,0.149073829555804,0.169333866190172,0.12834690495289,0.135400895334287,0.0479218404762006,0.152523286906574,0.134280940944408,0.149319526021134,0.155400353913595,0.148027106275456,0.155447043545087,0.140888913472301,0.14717640599926,0.156632967696732,0.149625512538857,0.149405973618235,0.138845390764084,0.196714109185816,0.164912110200459,0.131835010201161,0.131309488936005,0.165123920376218,0.158316861723908,0.158226879436257,0.130839295802269,0.156355709407753,0.147688097318155,0.144839124215246,0.171499358674902,0.172977727348006,0.149132254192995,0.143940307077135,0.18882617805272,0.196502924988313,0.147397071680742,0.19670864230905,0.196939190100594,0.166697788291999,0.145490951199632,0.170818235908153,0.746486975140353,0.157264154091436,0.155645762428927,0.164694461734169,0.157155688752491,0.164577120023559,0.155766897567766,0.162469543047038,0.151059803996388,0.165110970972703,0.15482836419593,0.172280070408932,0.157856421331394,0.16437947364913,0.15362467895458,0.197089608502231,0.196953892243225,0.197074802029891,0.196710361662659,0.197071914183539,0.19707109206543
FF68_CN81,0.160614272866227,0.158653108030507,0.160311082384713,0.160283418319003,0.160129657193481,0.160078694217098,0.160312555520208,0.160267576895948,0.160206205987767,0.160307142894891,0.158811088249472,0.160197726068997,0.158619693311222,0.159886452121609,0.160297452751494,0.159932002472676,0.160030907037064,0.160277605067603,0.16027935363353,0.160310790261527,0.160114729698679,0.170329543030369,0.160277275385721,0.166090138679705,0.180132354166965,0.177714913780725,0.0782214666089456,0.151313049759481,0.160519228501083,0.154447886265789,0.154490394362534,0.154233038008896,0.199889972306997,0.199038337236606,0.161513398820278,0.0620451243207508,0.0199117590256956,0.0233849451255416,0.0297727402349919,0.1296046121177,0.118195632587334,0.133883711836147,0.156392233152374,0.105229995370027,0.161129252657559,0.134932100218655,0.15125513842446,0.154269127741926,0.0295125210741317,0.150513850800969,0.159955676970303,0.160576317717995,0.154608887873134,0.198067712046199,0.160092486604663,0.168000720299183,0.159871449509416,0.1519711448728,0.153250001756274,0.158811025651646,0.157746716555503,0.16026485597713,0.131976472940554,0.158145180927522,0.154229357256753,0.16770195757053,0.14728452496357,0.161731310197435,0.192651393457583,0.140040654511302,0.168045498610402,0.17443265939522,0.143756795291718,0.146925267696294,0.0066930638387734,0.156636156012647,0.149164041368815,0.155665714442528,0.152499741777786,0.223265586183341,0.154807080935239,0.156175223183905,0.155532084777707,0.146300078173279,0.15800453613305,0.154713543091096,0.142483613944429,0.146593624416468,0.149219407058931,0.154082273232624,0.157955743214619,0.145116916672336,0.15415536245375,0.197939574297274,0.157533128601498,0.151668446827514,0.0201339479209329,0.155093716378486,0.139205728887148,0.157928617490209,0.00785449972105809,0.155873430720495,0.158333512745508,0.148096518917627,0.213467999878586,0.147184501984699,0.14454718464958,0.147351550541993,0.148874772643706,0.152946218682011,0.162263112111089,0.140093391092744,0.139612397747504,0.0421912223786278,0.149480744634274,0.213978493492419,0.166667766374859,0.15009965768198,0.169102755018198,0.142218332706075,0.151671977344876,0.154544215972952,0.149887138064198,0.169151739903294,0.139055469066669,0.193073974685197,0.160033373391391,0.202718530172396,0.222585669468031,0.223337853286358,0.202361367845682,0.149112106039541,0.149720924144578,0.223924728766941,0.184495981815862,0.181526608055267,0.15024036090109,0.167963044754572,0.162085209090843,0.152618706858672,0.262374812966812,0.168447710505578,0.159993874163461,0.188427905647366,0.160144964448426,0.160015825134292,0.164685355837144,0.148775922330767,0.158161335339706,0.157264154091436,0.780533684905987,0.159850170421913,0.1765480736195,0.301342940078278,0.176599579110373,0.154219859080021,0.164459073044115,0.161244808243546,0.180027953513493,0.148789138818338,0.151518504169352,0.152691937968202,0.168109264928707,0.154576295271958,0.160076853841026,0.160219948297072,0.160286940489988,0.160123981657297,0.160232972817977,0.160030669165326
FF68_CN82,0.154895306310586,0.159205608958481,0.154398438156783,0.154441008851354,0.154920070010378,0.154616545673794,0.154351669234712,0.155028193147877,0.155100197340026,0.154407268623376,0.159098967302854,0.154703652634657,0.159223274064854,0.155029457623953,0.154410348436394,0.155244564618525,0.154853244744997,0.154386953542387,0.154431978071719,0.154509528431214,0.154717140379472,0.164289908680316,0.154429190381888,0.179680055664962,0.18823260877799,0.178112046905654,0.11471713819188,0.159489214666971,0.161344864607924,0.15763099821517,0.160526172686532,0.158490954623172,0.152599831527671,0.15244770629199,0.177998548701534,0.0982442491380576,0.0763392042457522,0.0838200283337132,0.0879723716285854,0.13303531933312,0.151652054543593,0.142401118356715,0.173391019058307,0.119987653925197,0.17838982266999,0.136832540990392,0.167922614905635,0.15805171820077,0.0856107851955004,0.158279958219145,0.156860936457862,0.15478640696005,0.157847336300311,0.14424715744485,0.154821177965555,0.163378551111151,0.154643416833714,0.160086297766309,0.160681252539578,0.15928406907304,0.17034270526649,0.162591671404709,0.112480851739628,0.158982877548755,0.154473960346729,0.175477997177029,0.158888713726357,0.15592721059903,0.174354019833561,0.151209245871946,0.158547334398061,0.169452221985556,0.1465518424545,0.160148403155643,0.0681270414153763,0.16569486679679,0.163538601231547,0.160471320298586,0.156356114207025,0.137686859420905,0.163263475441827,0.161982561176486,0.156087423473772,0.160278059945135,0.154069816265338,0.158744438258002,0.164876287551484,0.15305364907024,0.153365941275591,0.161656831304582,0.178320122077821,0.1629790935203,0.159143294909728,0.144102702529396,0.163512151563653,0.160163151203345,0.0789529222006348,0.170273492937361,0.148773819043829,0.157535432201479,0.0681427284304621,0.153861298735203,0.160436853935832,0.165110203106043,0.142161827735535,0.175858575263691,0.155672500046819,0.159882980028884,0.157773858972667,0.167041258387668,0.160363071965436,0.181983659818824,0.149408218793578,0.0934574768811168,0.175231207336346,0.141999770311532,0.161139639723414,0.161905327979308,0.158074324362175,0.160422460609141,0.175935449566669,0.159996123511993,0.159012536398506,0.164142215370686,0.17044457696781,0.155637274163781,0.154730139861247,0.170125899784251,0.13785472592312,0.137704499488149,0.169994340020862,0.162326728194613,0.169054483748313,0.137454233381553,0.170682991219433,0.180822687160448,0.163884195480097,0.174488338074463,0.166671597361784,0.159407203169108,0.148783767924905,0.161458133286684,0.155239748759145,0.183085652805955,0.154976524902658,0.154767928081944,0.167474727463741,0.151514214131706,0.163571385799388,0.155645762428927,0.159850170421913,0.741726966084155,0.193850500711291,0.159858053574746,0.194092136664336,0.145075706437174,0.176723042888322,0.16224425764603,0.183250084774141,0.164383938960687,0.154712257749078,0.161288801995351,0.162303746446256,0.157475630412125,0.154631731906275,0.154548514356974,0.154431761065924,0.154934258850839,0.154667245739311,0.154604702165198
FF68_CN83,0.166616473716594,0.177850221067271,0.167869089591592,0.168013819937479,0.169116480634749,0.168348981215102,0.167955695769851,0.169190550555142,0.169134855183146,0.167954539796672,0.178045801713456,0.168441763712149,0.17780119862348,0.16940251931206,0.167904411457962,0.169647422871599,0.168913442500946,0.16792429252736,0.167989181433338,0.168003591452782,0.168468021413378,0.180076178878306,0.168009805330266,0.204820318936646,0.227825624942909,0.209078248070488,0.0778890596356475,0.141856508927951,0.152723491445474,0.143417803027171,0.14696708304377,0.154674632282727,0.166958704375317,0.166534862844815,0.20150212922608,0.0616070104860206,0.0207442558542183,0.026789878729583,0.028767072781835,0.136717799176137,0.131846327888023,0.137524889633858,0.163436604334577,0.111482629254525,0.197057846365541,0.0890847308156297,0.157244569318412,0.156976679837326,0.0302754925843971,0.151997615406636,0.16150471024209,0.168191080286716,0.173111457169348,0.142728008374987,0.16843371780497,0.17081752646613,0.168185012470825,0.155824445835399,0.151703030039543,0.177985436543673,0.192623207743327,0.165671834970171,0.0832686333006584,0.177678569483204,0.154985943788811,0.185148167694448,0.168040991566961,0.165062461831081,0.196118757959652,0.142042311793784,0.146270206490921,0.181818981632524,0.13946002629371,0.149291578178615,0.00972412149667661,0.153524155193104,0.144736735038569,0.149639325792364,0.1478340629278,0.138221545007724,0.154725106996072,0.159302764956941,0.168872044472307,0.16923169401929,0.163356888090318,0.164594972923409,0.158636511260357,0.157606614275519,0.168940088308693,0.153636355535641,0.194126256652456,0.145683372742221,0.16052079761991,0.1426041272782,0.172413996370127,0.146406127236157,0.0223448906002093,0.154476823153952,0.136254771406833,0.143164740884367,0.0108798818427768,0.142667488797234,0.153589085830965,0.153338197919302,0.140903753330148,0.171387437935986,0.144506358347748,0.146660875347063,0.154337088114544,0.151457421211168,0.172442507593076,0.132406198666659,0.134567167415195,0.0414757167128917,0.145957976883395,0.140838889463301,0.148558870630415,0.151178330892495,0.142509642120298,0.14511885303174,0.152724401200539,0.154962398660023,0.147769774960948,0.157320696620672,0.140945034509511,0.162337010930759,0.168424265533311,0.19038378305342,0.138769672434284,0.138432153305232,0.190273506550722,0.150499386530076,0.157386057096935,0.138103139134079,0.180007663471634,0.210758778507838,0.147471020578672,0.201456833439503,0.193891235202978,0.152176336371803,0.157237954814844,0.18257160363563,0.169630546497828,0.21563320024013,0.169189252693559,0.168327969211655,0.183629198071684,0.170045315516812,0.162432497653871,0.164694461734169,0.1765480736195,0.193850500711291,0.742387367347381,0.176514099692974,0.245711614003716,0.144320626426118,0.198249408494674,0.148612095474896,0.222636653310357,0.146606507048969,0.168070107902224,0.146537849753893,0.162678098135868,0.14372641030719,0.168292513803257,0.168271017709959,0.167971228376967,0.169007936005225,0.168503259815981,0.168352745431012
FF68_CN84,0.160518577483697,0.15850207617018,0.160179914901031,0.160159345255551,0.159987848079454,0.159938303987116,0.160130308210867,0.160116545035621,0.160033181424726,0.160183779273462,0.158650124200822,0.16004669420867,0.158497039131817,0.159726906957005,0.160152805869374,0.159790902800671,0.159891935691128,0.160138633721667,0.16011838958488,0.160162596169292,0.159963697838352,0.170307629618234,0.160134756829671,0.166102278484676,0.180174999978926,0.177761816244824,0.078143507276991,0.151327317890521,0.160473194060164,0.154491241519773,0.154481250906813,0.154232407857452,0.200138356305638,0.199250539692072,0.161453175538899,0.0620544263576293,0.0199004872439062,0.0233644505974524,0.0297721100835477,0.129637325741339,0.118170881407107,0.133841934047367,0.156351874247641,0.105258452341528,0.161105920361378,0.135221631854632,0.151286433164052,0.154264950380367,0.029477128263559,0.15052386227987,0.159864947681934,0.160430961393852,0.154443667172346,0.198343764283738,0.159949968048612,0.168016407314269,0.159748085887987,0.151960582533034,0.153258594351129,0.158694756450448,0.157706357650769,0.160184058877083,0.132191513164112,0.158011885117771,0.154097480331047,0.167736799520238,0.147254807689182,0.161687404082586,0.192757179609594,0.14001945054119,0.168097367168662,0.17446111636672,0.143761840676458,0.146909739262367,0.00664844828190126,0.156631978651088,0.149185403920086,0.155651604892646,0.152445903474614,0.223736734977214,0.154857530609453,0.156194457409106,0.155374667939173,0.146224956609416,0.157946441177741,0.154661833113994,0.142469504394547,0.146562488258034,0.149113779488078,0.154114986856263,0.157965045251497,0.145098550470316,0.154100105266533,0.198258902498218,0.157499154674971,0.151694066030922,0.0200999739944064,0.155167577639461,0.139204389293681,0.157995384330953,0.00782549188869284,0.15600120957522,0.158373320789376,0.148087375461907,0.213877427216455,0.147118603167136,0.144552939476343,0.147370784767194,0.148881946354516,0.152971837885419,0.162195084967457,0.140117591412106,0.139629503646636,0.0422069093937137,0.149513458257913,0.214392177482426,0.166781356389124,0.150133080747642,0.169212797822347,0.142205642040239,0.151690502128053,0.154620205559995,0.149886507912754,0.16925397884519,0.139064061661525,0.193291852676847,0.159929164704584,0.202875396150066,0.223026312254914,0.223782043283356,0.202518943265375,0.149084517091222,0.149755056652263,0.224409356959252,0.184571971402905,0.181577767171505,0.150243987401784,0.167960995719082,0.161961136027391,0.152669156532886,0.262924000383219,0.168299516413343,0.159857031143595,0.188489706393949,0.160026566921158,0.159860536621826,0.164634355302064,0.148661072013615,0.158050741674692,0.157155688752491,0.301342940078278,0.159858053574746,0.176514099692974,0.781095164746103,0.176567024067892,0.154263214334005,0.164449220146371,0.161293839033714,0.180028032804072,0.148790636992963,0.151422099344798,0.152701949447104,0.168073872118134,0.154579212330629,0.159916599234399,0.160084524161251,0.160136618071684,0.160015516318352,0.160086907051811,0.159852678508124
FF68_CN85,0.166540989085343,0.177797438580757,0.167686479214863,0.167734725445618,0.168818940650289,0.168123094874968,0.167695046770588,0.168950475374548,0.168984879139477,0.167705951311801,0.177790828250378,0.168276179943973,0.177713653477837,0.169146836406959,0.167701936704588,0.169436434813949,0.168697488349134,0.167697696745204,0.167746268484651,0.16777344846051,0.168266965544051,0.180073766775427,0.167774696243833,0.205052022701369,0.22817154887334,0.209203535531756,0.0778930325109765,0.141899501114547,0.152667161748845,0.143409715388108,0.146951191542454,0.154804176396133,0.167089667372769,0.1666175837847,0.201659341578384,0.0617110146865974,0.0208134973956664,0.0266980769318025,0.028767498447049,0.136734542007881,0.131842496901098,0.137697000268646,0.163442705535975,0.111645517143013,0.19726755742755,0.0891369457485249,0.157364181243495,0.157012577603692,0.0302510877788046,0.152112970679581,0.161275276691841,0.168173060459331,0.173060803008903,0.142796540474412,0.168370293688111,0.170850586464403,0.168039293079294,0.155943348318459,0.151927639384035,0.177870223159132,0.192747785762572,0.165619052483658,0.0832584173355266,0.177654164677612,0.154907621389468,0.185369939270848,0.168142157999446,0.165072819684617,0.196356846702582,0.1421229044076,0.146278436018388,0.181923695275124,0.139545585001687,0.149401257915376,0.00977917419766361,0.153625321625589,0.144919487303702,0.149700763471559,0.147744389456089,0.138303556505586,0.1548645832978,0.159381938686711,0.168821390311863,0.169145567757694,0.163299848951666,0.164535805458688,0.158691563961344,0.157631160969516,0.168887305822179,0.153660192787615,0.194332420504349,0.145589442618371,0.16044318466259,0.142625126762082,0.172371855513959,0.146405843459348,0.0223509918016074,0.154606367267358,0.136285703079038,0.143229725773676,0.0108788886239445,0.142616125194766,0.153597315358432,0.153473417568892,0.140973704313619,0.1713786408549,0.14453445225186,0.14663150444731,0.154298494468491,0.151549364897354,0.172266991636578,0.132450609737301,0.134581072478847,0.0414271908785162,0.145936409845895,0.140864145599321,0.14869763749012,0.151171662137479,0.142498716713143,0.14503414565419,0.152766683945111,0.155029511875402,0.147795740538991,0.157414768632926,0.141110050724069,0.162484291094741,0.168270032837503,0.190445220732615,0.138726822136093,0.13845457167316,0.190229946810508,0.150448732369631,0.157524114514617,0.138101436473224,0.180186868526652,0.210930179700602,0.147599145808032,0.201541682705458,0.19392855185339,0.152295238854864,0.157317128544615,0.182535138315646,0.169428781186477,0.215904632758143,0.168924347042159,0.168209918059022,0.183732492830238,0.170142225297158,0.162401707870071,0.164577120023559,0.176599579110373,0.194092136664336,0.245711614003716,0.176567024067892,0.742864165152009,0.144233081280476,0.198359088231435,0.148731707399979,0.222959165654028,0.146581392801353,0.16795418507566,0.146538275419106,0.162640213931838,0.143615453574788,0.168144666085657,0.168033780297456,0.167778685811915,0.168816102882197,0.168271697939663,0.168125440206832
FF68_CN86,0.145519141087077,0.146552531030581,0.146502168993322,0.146599366723666,0.146415809033177,0.146554267076943,0.146582390193374,0.146539539895183,0.146329895604188,0.146530154394537,0.146598419409906,0.146376042721192,0.146492866956444,0.146301012967474,0.146576510170959,0.146380616535646,0.146474555005873,0.146635410551625,0.146603105900446,0.146519612920712,0.146558377667488,0.143472571951349,0.146563427225417,0.171627709256434,0.14483586078194,0.148775020922079,0.152323770943755,0.147589564167532,0.149061405974024,0.151957410909872,0.153381202625463,0.144736822675525,0.157613278857347,0.157563313272984,0.15523379361934,0.159454727438275,0.174532895206697,0.152327117840828,0.157405282975759,0.185159973644349,0.172000800643159,0.125126735090776,0.14386882870672,0.151119209332847,0.147298346563454,0.15797018661957,0.159365145776707,0.144403293114555,0.229241399963639,0.144407349453651,0.145692011242148,0.147944368642817,0.145892349323076,0.146523577449664,0.146426880501925,0.141835455192621,0.146329995760709,0.163045910439304,0.143627505742803,0.146624606166933,0.171369797868743,0.145841565793792,0.214326040793126,0.145382694520106,0.150306518456332,0.150775046487908,0.191379560050138,0.15951255113634,0.150574762658429,0.140246058842912,0.16035481322565,0.157461762907169,0.191651601853653,0.148397735481042,0.20409922954487,0.142678259796419,0.151875904367802,0.152890752835375,0.15156010668422,0.14524436584518,0.159330858861053,0.1595156518153,0.144204799582887,0.140398605570618,0.150504690652495,0.147364808761447,0.186589290661342,0.188969681481226,0.185018227128147,0.162879020463168,0.147562793164134,0.148047287814417,0.156828915583493,0.146535199779277,0.157459722218056,0.150957252065365,0.211053685210436,0.155831911669394,0.197568352498939,0.153192758131392,0.210360844130741,0.151156016854277,0.153042869724678,0.151046754436353,0.143065477425779,0.145554579802722,0.149063868155163,0.158400776195668,0.165500922040446,0.149331277719586,0.150668367273586,0.133465449858496,0.139846889202058,0.145775099422611,0.148626242583472,0.142983586950379,0.146443368769178,0.148559125194905,0.154645411617755,0.153758492239689,0.140888124739699,0.15967953292262,0.153849747349793,0.153943097400459,0.150597047484329,0.143040242155701,0.146506108483144,0.157376337741219,0.145362571405782,0.145359199469578,0.157358998143539,0.163127508791518,0.15868084304042,0.145331698158215,0.163268433189611,0.146415988480277,0.153607748329359,0.145614577731928,0.145608084250824,0.15085682846041,0.149706572549771,0.149129979805333,0.146408435009326,0.146642146077655,0.146444595686559,0.146418325465765,0.145586133279993,0.232157728326853,0.149461113956178,0.155766897567766,0.154219859080021,0.145075706437174,0.144320626426118,0.154263214334005,0.144233081280476,0.849334628688067,0.144856146650611,0.153927998804933,0.147712535509254,0.165214516122559,0.145162988671949,0.156451646835209,0.144732106972666,0.178546588491139,0.146427564904818,0.146591942621555,0.146512080315703,0.146292366121169,0.14647159204213,0.146482120996389
FF68_CN87,0.15243461917326,0.158820039738527,0.157692744710304,0.157786395230533,0.157609222518251,0.158136454790639,0.157782188656655,0.15763788814917,0.157499188060478,0.157718601785449,0.158814848292194,0.157593577235049,0.158803651627795,0.157888876217354,0.157818165713599,0.157991181930264,0.157992892937496,0.157740143783819,0.157815674320142,0.157744951296822,0.158172490272221,0.187909729193742,0.157799407231873,0.181637773447088,0.189972527859044,0.16996376306967,0.102501623237846,0.168358316637487,0.160363364088622,0.160879900479216,0.15916583012693,0.178403940566249,0.154610048019501,0.154155700482008,0.180600439840574,0.0851568299377151,0.0582707926016926,0.0600526689186268,0.0626960290305072,0.140657222227144,0.138514974401639,0.144003405685301,0.160687407992425,0.126522691639934,0.166924897376325,0.0925161933781444,0.166284171073005,0.172256533626521,0.0672273812932141,0.162839909341757,0.159377694554138,0.153995746344945,0.154912741891599,0.137780251203455,0.158131801685606,0.168757907770367,0.157971067162317,0.166805790407034,0.171765941948028,0.15890630371534,0.168216874764036,0.166445727714403,0.0942712611329848,0.157794219958728,0.158155622244826,0.168204455355445,0.171715792743376,0.15992315531333,0.182107878943868,0.15615087680295,0.168246483535527,0.173096283456432,0.150508767857533,0.171164986129881,0.0474592341989224,0.162452374550081,0.155991214789072,0.16176216257906,0.147793516229589,0.130106838645371,0.165094912543852,0.161789250744775,0.155034978752167,0.155862150592329,0.159664843299555,0.163466142161865,0.158062464160825,0.162750669881636,0.157997546042529,0.165836521502848,0.180194125701229,0.155434544845917,0.164781597907351,0.137682619461521,0.162934323555458,0.167201892754436,0.0606198886819837,0.16471751025354,0.153888553828453,0.159024208806379,0.0487384374570305,0.153771566838854,0.166656899392342,0.170374630157527,0.143305815517241,0.164246795471258,0.159656384246728,0.161974782353363,0.161845004541409,0.1648842124362,0.169134980378797,0.148731060555782,0.141217368436212,0.0731933421757689,0.163062515555832,0.14325868770097,0.160177294138734,0.166377308291064,0.158221546101519,0.15789508592165,0.163082855675951,0.166096982708633,0.157694760360287,0.168871723136803,0.156881831612035,0.152893519659265,0.158162787609259,0.177009273532298,0.130518753203509,0.130228057247977,0.176857849392264,0.165467085829136,0.166357552417317,0.129994817749934,0.169407072260572,0.180784035089758,0.159962057775322,0.179022749284245,0.173532978407116,0.165208677832028,0.147286503054858,0.168432315613678,0.157979981092676,0.184734053866038,0.157634461961517,0.158037404164659,0.168893269308361,0.156020957102591,0.166162635308083,0.162469543047038,0.164459073044115,0.176723042888322,0.198249408494674,0.164449220146371,0.198359088231435,0.144856146650611,0.784363728942013,0.163346388348377,0.181193779589944,0.162026830358724,0.158093825671432,0.163367124921392,0.155377121773935,0.156377071959023,0.158086372357001,0.158008120901861,0.157763668046665,0.157519123381326,0.15763379007819,0.158167887245448
FF68_CN88,0.148556316639132,0.142892573885201,0.145153573958985,0.145114558820906,0.144852253065861,0.145175875477638,0.14510609559489,0.144972436717751,0.144953632330952,0.145109905715873,0.142375165298237,0.145072851976329,0.142995372034338,0.144878635962741,0.145163355912526,0.144878782024334,0.144992584871205,0.145116549431759,0.145099143063065,0.145152572393776,0.145173601089976,0.161285296517119,0.145085713742887,0.15801995606408,0.153034227051562,0.151186468609818,0.113714571417683,0.182384202438652,0.165147348655731,0.188600855093016,0.193224230332487,0.17003274170025,0.15288277369921,0.153148509815096,0.158586670871644,0.105676238575704,0.0668793791149743,0.0726625084418168,0.0725518146202817,0.142440976478845,0.150548747002125,0.152284229983942,0.160649315128977,0.131499644437308,0.170510634366531,0.11973557248166,0.171019204140525,0.168282456419283,0.0810205701108236,0.17293619577734,0.15527024224657,0.147479738369179,0.144024442727878,0.155356184887878,0.145242876016931,0.164837038714856,0.145192105007212,0.177974753181444,0.184178556588815,0.142983094514151,0.156790109104833,0.15763822200424,0.116240769266054,0.142649268656807,0.161535621048352,0.164464494015808,0.16024149446863,0.166097646245584,0.162434559208926,0.166811169646844,0.182798065875759,0.16735072951768,0.166846725211764,0.175841844951513,0.0522744342150451,0.176995443586037,0.179323561048388,0.17801356800648,0.16525664863235,0.147323794666139,0.182348759549819,0.172761698078804,0.146541046416185,0.154714490404856,0.165895380151629,0.162325576394623,0.160178946721329,0.160474287435518,0.144736163311762,0.185303118178655,0.163765084337618,0.175938345759399,0.164186593055821,0.155261390914036,0.164527947344986,0.181001466550253,0.0603129172918055,0.182555228044463,0.172326459570861,0.1757715142079,0.0544120623210236,0.187874661891863,0.173419517761691,0.17634763955524,0.154829499303167,0.171729497493986,0.175251555802842,0.17719394963727,0.174488187839681,0.182067824681886,0.156500034954369,0.15895504655551,0.15868688581718,0.0896639651883064,0.173734868914117,0.154758959900135,0.172452277027052,0.187060598036374,0.18271028285838,0.169698289864651,0.175317400368956,0.18645676689144,0.175853145945621,0.173967862194047,0.160555539413097,0.157679632552443,0.145109980833264,0.163515193817976,0.147216397663417,0.147234308987904,0.163421234481807,0.171511748871175,0.178404094974218,0.147245826987808,0.179024485330608,0.161480334648816,0.174715121650096,0.153882469319808,0.148247262827956,0.182197902963403,0.154108005112119,0.145338775885692,0.144927174316681,0.162466304652863,0.144922896798601,0.14522935488661,0.157704876168898,0.144224572149388,0.16636220552235,0.151059803996388,0.161244808243546,0.16224425764603,0.148612095474896,0.161293839033714,0.148731707399979,0.153927998804933,0.163346388348377,0.760892675125062,0.150168678044445,0.168074331168855,0.145430502566082,0.186502246298304,0.167898281044245,0.177587477127447,0.145157008493014,0.145123451885324,0.145130141506283,0.144909008427703,0.144999554095784,0.145120046563614
FF68_CN89,0.167870833984331,0.176135566468613,0.165911805821057,0.165969984240134,0.16702724064793,0.166062516345879,0.1658685841091,0.167166579234442,0.167276893295836,0.165938372338225,0.176032472023102,0.166514985948605,0.176080868488638,0.167085548435847,0.165922297216621,0.167328323669317,0.166612079349239,0.1658861323662,0.165918386939117,0.165989552320404,0.166223413623515,0.173494042559616,0.165925531437608,0.194767592241278,0.210684862995414,0.227616744345386,0.0813334674284884,0.148313916992615,0.160416747514261,0.144652298918263,0.150725064210791,0.153429628303317,0.16822157794733,0.167601220976448,0.185283641908529,0.0669073186111167,0.0242191696540496,0.0306564045261285,0.0344611212297145,0.130177519936807,0.130998611441512,0.137535598035218,0.157812924189006,0.112033223035413,0.198351225944545,0.0983309554728373,0.157870363953741,0.158589308326695,0.0300726589368237,0.15724826259012,0.164346801757375,0.168139357790049,0.170161664008589,0.157546900123122,0.166330288977691,0.168563695929967,0.166018443303495,0.153959389527858,0.153688115591004,0.17622041156138,0.1885255373893,0.162596470571336,0.0925354317765337,0.175763142792028,0.156707116907704,0.185599439592111,0.164239867978562,0.166932617774811,0.18093392766966,0.140898048581645,0.149342157221669,0.180991839004681,0.146110402588638,0.147374732603393,0.0157643776517962,0.15437839015985,0.143642132768042,0.155638434310148,0.147741192793797,0.155430546931457,0.154726592651132,0.161286431624356,0.168667791940688,0.164694879053006,0.162702849316096,0.163479087392192,0.15768450683646,0.154258114697816,0.164662219680816,0.157123329849864,0.182981698683639,0.147194551022296,0.158178996272891,0.157308089418603,0.169646529809288,0.153051537436924,0.0286547347240818,0.157990046823027,0.138115704604264,0.146614824213392,0.0146712067848811,0.146654619737695,0.153079063787418,0.152399672893843,0.155455185435598,0.165204717476264,0.148440281136482,0.155680787998923,0.152659324501085,0.1519292669275,0.169763011843093,0.138339329076301,0.140624450178868,0.0474634741583071,0.145318126949633,0.155396706546959,0.150108358779733,0.153738773924637,0.147923460969079,0.144459848163356,0.151394264178365,0.15238577200338,0.151483770722542,0.153358529693044,0.142468982746001,0.168470203990896,0.16618036718547,0.188894021576064,0.155622534462455,0.155501395150428,0.188706415892855,0.149099014747622,0.161716557976544,0.15535116036908,0.173952642576058,0.198455701715407,0.151858276820124,0.191704910161901,0.181758424496076,0.152356601416668,0.167668238208494,0.169985459476009,0.167341243860513,0.201489830839951,0.167109944895062,0.166200419355592,0.176424171656772,0.160770846720711,0.158795964614816,0.165110970972703,0.180027953513493,0.183250084774141,0.222636653310357,0.180028032804072,0.222959165654028,0.147712535509254,0.181193779589944,0.150168678044445,0.735991653981847,0.150722046995599,0.160161315000462,0.150484542499041,0.169982579976034,0.145403598020655,0.166050743781485,0.166042017644602,0.165958608128635,0.167066259959197,0.166531077762962,0.166020876272316
FF68_CN9,0.153515320553323,0.143351587047292,0.143544563623933,0.143639633028208,0.143413508816337,0.143484569867915,0.143580089976534,0.143616697184922,0.143336818133647,0.143560488510756,0.143149880160578,0.143423403445965,0.143364286059504,0.143202938077524,0.143641606946308,0.143274737783444,0.143362291275463,0.143590543813403,0.143633440016666,0.143589675790222,0.143415607930088,0.158107000427118,0.143609369066143,0.154727439808371,0.150797360526127,0.152490427221342,0.120042088994306,0.172569785665197,0.168244776701483,0.161083022076787,0.180046348927831,0.169867445882072,0.13889470950425,0.139239903126716,0.162101960268963,0.0949643776431117,0.102898464239589,0.104304336284315,0.11935370905298,0.134459048450885,0.137651804638591,0.148892391845008,0.16700733871259,0.157785185005905,0.160319503878845,0.103731983499262,0.176087462126263,0.168591777314514,0.115402263046277,0.166935739319712,0.153784674823527,0.148761704277988,0.148813889998565,0.156721864955406,0.143394074278095,0.153838563204959,0.143683125997409,0.171966492861563,0.234860389445482,0.143168263055351,0.148090935191587,0.157534647642065,0.122664770957809,0.142809606727201,0.160929052291847,0.16410055443118,0.150345491862526,0.147306659554689,0.153574341956451,0.171379271006344,0.167123657992049,0.155178127459662,0.151254612602725,0.177434546466411,0.111166639604277,0.177628270043771,0.186072487186693,0.176329356816988,0.171764364482824,0.137010640150492,0.168146443863902,0.162612424670477,0.148802751758803,0.152265500714534,0.151558270481337,0.158895428386445,0.159753285680697,0.150012150095033,0.140713631214351,0.17218624878798,0.165383325765346,0.17436267919943,0.163602726444053,0.156976116456896,0.158525362561289,0.174075188252567,0.120892885253834,0.170010168924353,0.189843296734766,0.17228957693204,0.109701011675269,0.164656047535216,0.171704800565208,0.175763063501449,0.151609346133807,0.160777135715585,0.169069482187318,0.172239920163616,0.167915211669466,0.176300065207813,0.155559319005015,0.159585035245152,0.176226425125822,0.137728666422004,0.167933056222939,0.151528874542453,0.169156213561228,0.173414484896516,0.177065966296315,0.164248360416897,0.163752790124678,0.168917945371198,0.17192426019525,0.178638123204864,0.166284287922279,0.145169336091461,0.143616609547967,0.153050928151422,0.13709053584185,0.136910512841911,0.153003791988774,0.188136107970104,0.183657517327969,0.136789365183508,0.158210169990021,0.151992261205957,0.180433937970956,0.151432770187462,0.145276833250704,0.181511167258295,0.142627818468581,0.145124528567924,0.143289786300709,0.151429519273721,0.143342264144471,0.143342952720553,0.154443575362202,0.13310691037962,0.197857178866081,0.15482836419593,0.148789138818338,0.164383938960687,0.146606507048969,0.148790636992963,0.146581392801353,0.165214516122559,0.162026830358724,0.168074331168855,0.150722046995599,0.816163442612251,0.139904662821863,0.184888979311115,0.165982082313221,0.192181413156454,0.143400434217172,0.143571906354139,0.143560150482498,0.14332057191132,0.143507601694533,0.143432288164006
FF68_CN90,0.1606049165779,0.17505740238708,0.179465174022562,0.179485042572396,0.179242601193995,0.179781184538752,0.179541138570476,0.178920093023512,0.179070135838196,0.179512314358399,0.175116770164842,0.179258171359806,0.174943111277169,0.179439250176403,0.179433098896744,0.179433720701812,0.179608535562664,0.179521795842377,0.17951786887212,0.17946346301533,0.179796646201665,0.161754383755937,0.179488122385413,0.154624003161413,0.160192643125562,0.153903777619629,0.129419635543165,0.14122252232385,0.158202766753851,0.141801948663192,0.146526064669933,0.149011411177342,0.141711336224097,0.141391782670981,0.156942330323846,0.10754576436799,0.10811797109145,0.109613232831078,0.0951306625069337,0.116707532038949,0.160443480958964,0.126452882544868,0.156006163149816,0.179340303880132,0.151125986590761,0.0923980796276861,0.148278186153784,0.140092923695646,0.0764519095440819,0.141588227167159,0.169408858385195,0.164090050516051,0.164904886411389,0.129783783787211,0.179694236159046,0.162464101209403,0.179527826099573,0.153092639169188,0.143165149856827,0.17509400542228,0.161577569937855,0.167673425481639,0.0895467403269709,0.175589517289861,0.164312523188098,0.150734808605637,0.175579067626181,0.166441162246326,0.164775863946529,0.136031464097113,0.143474550042637,0.160269225305354,0.136478496035391,0.147535254294075,0.102453414565786,0.14551764708564,0.145072555679954,0.148505182562024,0.160111921142906,0.131986513631774,0.14598006974263,0.143235576583772,0.16379978857211,0.16767188557513,0.154936775283426,0.16243426708574,0.210457248955295,0.168254174721694,0.223663862761884,0.148268262311838,0.152172947742846,0.149024389793176,0.165623359214056,0.129647842176033,0.165522021680849,0.149747853729135,0.103300283855058,0.145248655882825,0.136584916512035,0.13773492620456,0.103801433700129,0.140672792392955,0.148702703740802,0.143745377448336,0.129794145813936,0.153738193851453,0.138660101200421,0.138459270683265,0.155792408268276,0.146198582058913,0.164562280165712,0.13159272323073,0.128335683249361,0.131849662265531,0.142828173242263,0.129683877657615,0.147394930835107,0.144396319716787,0.139689155201208,0.150165368706067,0.138929555627146,0.146803360517607,0.147567129106851,0.150840198304753,0.13800252356246,0.142904939042343,0.179659243974557,0.163525272067891,0.132647442339997,0.132254586733148,0.163660462505163,0.147782478146349,0.141196844695805,0.131902870417259,0.150320607140271,0.15175828722676,0.145937461489365,0.165659352963754,0.173707154770147,0.144006656599042,0.141651768133292,0.180991221372802,0.179394142183303,0.15177444998532,0.179160714891783,0.179670782840403,0.165801174597347,0.28976887756234,0.157175077385661,0.172280070408932,0.151518504169352,0.154712257749078,0.168070107902224,0.151422099344798,0.16795418507566,0.145162988671949,0.158093825671432,0.145430502566082,0.160161315000462,0.139904662821863,0.779984365836861,0.149199930788804,0.157381658556392,0.144319048960914,0.179805593517532,0.179681937772918,0.179527584054647,0.179117739397941,0.179258655449657,0.179833900254251
FF68_CN91,0.152923804487271,0.148968398124805,0.150444045879091,0.150471008849154,0.15030731553531,0.150508913919126,0.150428492406033,0.150442397469684,0.150404438148264,0.150430174200946,0.148894390802237,0.15038318827308,0.148998833187593,0.150337955084329,0.150439638992171,0.150404788696087,0.150405080819273,0.150422629076372,0.150446370345013,0.150474969204918,0.150546368284754,0.154923892650926,0.150444292097205,0.150351759991459,0.158225377088444,0.149350595408555,0.111741066463951,0.173246042494306,0.171421816661785,0.177642266917567,0.177725213209624,0.170896295396629,0.14370630388562,0.143806030568117,0.156313071942169,0.103736077397054,0.0666794792188255,0.0747406268816278,0.078312646601659,0.139653741524693,0.146023379091542,0.157276026812351,0.169626047800764,0.120107587185785,0.160424659879412,0.0985525058702539,0.165994389045726,0.172517278609116,0.0761646022175069,0.159430001297178,0.152353179402204,0.155083700726396,0.148684930131531,0.145363147305777,0.150623447073962,0.156096166303409,0.150430078217614,0.193758582064236,0.174526760619792,0.149056080985663,0.152106535623114,0.177648197018241,0.0972193724988301,0.148595265006196,0.162673728807644,0.162484604083869,0.151753892859406,0.150953350134238,0.153885945585721,0.188650086196226,0.179599354548248,0.164833082532281,0.152801354794096,0.177307005483423,0.0618463887441573,0.185061962142272,0.176182314524743,0.169057025220031,0.157329506221322,0.136678070422847,0.168764526447123,0.183121133253483,0.148673082449746,0.152717573864364,0.171453311714419,0.158447929051069,0.154583030797988,0.161264768603523,0.146001261193177,0.176363602000758,0.16739404303978,0.189000755041835,0.164681946342245,0.145252745607428,0.150732300519426,0.174718101306593,0.0651528935272856,0.176544997979671,0.171377388898389,0.171409317962614,0.056157452452032,0.16527980565462,0.164207575846949,0.166043156925027,0.145434521346483,0.196124533652357,0.160893321453016,0.161435986176,0.173823603418445,0.170069903942692,0.159228711729301,0.15349960015273,0.171584704550273,0.0913057767839518,0.165594893896179,0.145305807697563,0.181690084363316,0.178839037185787,0.170908168117543,0.162050667610698,0.172520233226482,0.152956367876129,0.179343054011268,0.177976372378532,0.176217344267927,0.142946812814456,0.150445857042844,0.159240968383546,0.136739520621607,0.136678683881538,0.159162616771885,0.191152104591177,0.173504141675474,0.136556117339088,0.183916960275792,0.181460513097851,0.179338008626528,0.155440566756736,0.155458903746437,0.176763030379291,0.144432797556336,0.151921851171765,0.150434026053813,0.172049610254344,0.150350291029153,0.150514860712555,0.153031944317524,0.145149137859747,0.182434067866494,0.157856421331394,0.152691937968202,0.161288801995351,0.146537849753893,0.152701949447104,0.146538275419106,0.156451646835209,0.163367124921392,0.186502246298304,0.150484542499041,0.184888979311115,0.149199930788804,0.815910139280151,0.166125548183032,0.183969780321001,0.150451737065258,0.150484158565711,0.150422032310435,0.150325051585886,0.150405665065645,0.150456632215217
FF68_CN92,0.161211239116291,0.169348272036428,0.177205350787899,0.177133701316761,0.176950853068295,0.17716167419841,0.177194053966979,0.176629763781859,0.176709571836261,0.1772021207401,0.169866648803093,0.177038076878433,0.169347491650203,0.176721836836883,0.17715199240139,0.176447428835562,0.17678967201385,0.177177549006973,0.177146663239841,0.177107865107557,0.17676211227785,0.168780447160757,0.177160902158562,0.163657078049394,0.159499267877756,0.178130262872893,0.0928519055166321,0.158880993327871,0.180573351674859,0.161058792545106,0.174026624859496,0.155654375889724,0.147185849924543,0.146976259884997,0.165676020678107,0.0711766781079059,0.0300301466668901,0.0370484145558335,0.0423514728120658,0.131472189031017,0.126100561116664,0.13694102302209,0.178561912438836,0.11543919159017,0.169193096200049,0.0854268519180582,0.159815591383073,0.157092323060269,0.0398813417494567,0.164263872158071,0.172116548195811,0.165335580317196,0.161369486419311,0.143782952836426,0.176614297945756,0.162412770992442,0.176727408043358,0.153071814959218,0.163613146895415,0.1694579476,0.158455774645206,0.172129180437009,0.0839057164105306,0.170551519092999,0.169848048902525,0.1655732475681,0.149559321598108,0.180135271225636,0.163069405489832,0.160775132585167,0.159396306974272,0.164026889310059,0.14996402905993,0.169374467139831,0.0211234400959645,0.162068679091706,0.166281784009257,0.156436493988235,0.158872984979387,0.135932179772583,0.160813542610932,0.15228425919626,0.16499991408378,0.164267022915291,0.159844444807469,0.173126726865597,0.153551944454465,0.147760272611028,0.154400078219813,0.157643288254922,0.16526899709674,0.168520315636853,0.169495952826493,0.143669003927962,0.160540069403806,0.163522129657048,0.0298848445941962,0.158003463623639,0.154762699076916,0.160037404691357,0.0206999824987927,0.151126170211049,0.156538949935926,0.153748259581804,0.139922599185481,0.169002298027736,0.158994587515323,0.156250407345593,0.151838437482609,0.158793765344545,0.167495572539653,0.140530732887625,0.169049601117919,0.0557461471793957,0.152114518932467,0.139787500558354,0.157748986769977,0.18165454549115,0.151944515757806,0.161585716001555,0.155993514215865,0.166050272211199,0.158998118032685,0.160785615634355,0.147121440935228,0.145433849463155,0.176555184732484,0.171511919971898,0.136568987452023,0.136069715541719,0.171574037880797,0.168236150721121,0.163663913731945,0.135725803088083,0.160303624897094,0.156783724126626,0.159183203110118,0.169366646584824,0.160938366848291,0.152255798051572,0.151937008191927,0.170803383530741,0.176418491947399,0.155945718689454,0.176824981360655,0.176782393973332,0.183468158905644,0.141118530642838,0.180793570825185,0.16437947364913,0.168109264928707,0.162303746446256,0.162678098135868,0.168073872118134,0.162640213931838,0.144732106972666,0.155377121773935,0.167898281044245,0.169982579976034,0.165982082313221,0.157381658556392,0.166125548183032,0.761140669635736,0.157664112464892,0.176964027823982,0.176937565636522,0.177151412328207,0.176879199423969,0.176993866120833,0.176940545293019
FF68_CN93,0.153481505207955,0.139593201080998,0.140768754859541,0.140851763749424,0.140805837811404,0.140837879551715,0.140908569189528,0.140996965665597,0.140577326535785,0.14080241579694,0.139903001892892,0.140689451760931,0.139761267896255,0.140742121571359,0.141041030361605,0.140664938452441,0.140753201386483,0.140897739765705,0.14093637931683,0.140805353721553,0.140714290578114,0.152552307258504,0.140854134120419,0.155420093094589,0.151698589767116,0.144642107992261,0.119163328199505,0.179389889704353,0.166399046429288,0.177449377977881,0.175568588750182,0.16912418851367,0.14437325867785,0.144743282771123,0.154448737596216,0.110437546037206,0.0968109801116767,0.0993860126103623,0.103450385094378,0.1349452541084,0.14104388482245,0.15742579836979,0.17210917417196,0.131445968888483,0.160109037469741,0.108743010379684,0.178822598996794,0.164885890057925,0.113565755520381,0.181361061845786,0.149629001324335,0.154546022963516,0.156317896147926,0.149915716058161,0.140628907144048,0.164476174770058,0.140731375611304,0.174914462339003,0.172256625436665,0.139705714412663,0.155111101881239,0.15273976688012,0.126430727087807,0.13972306235672,0.158249727642587,0.163958903898311,0.15546932002461,0.151372000218407,0.166097650418773,0.171309983559824,0.177898191867593,0.165722092677721,0.165982157430611,0.172456629662523,0.103626218213193,0.181136698719408,0.177882926344533,0.178401874838005,0.169607189162516,0.144973655288755,0.174102447519004,0.172683192059173,0.150202009299962,0.147565685183675,0.15609964674251,0.156318972830525,0.159935850152354,0.161904055156855,0.13982777599932,0.175851464150707,0.159866233023952,0.170996614671874,0.159464079553413,0.149876968004138,0.160832705891931,0.178622949491947,0.111252515474571,0.17825696087183,0.186421895729413,0.178923097719139,0.105868134296557,0.166224861719879,0.175963818901214,0.175988903936511,0.149973610700429,0.156730006845917,0.174931839495379,0.174949517121318,0.17945452404584,0.178816693935249,0.153780276282984,0.182869160312844,0.169843813116328,0.122927815367196,0.17540442803924,0.149881078594684,0.176507689675636,0.182594902546304,0.183174499986369,0.173313848458954,0.169202252175334,0.174818612548503,0.178225052673547,0.175080509331088,0.181665938295403,0.155932518894637,0.140737222248212,0.152304123572905,0.144958485749027,0.144962917675077,0.152278980112971,0.186683408578669,0.182760311040569,0.144951733530243,0.165883732782886,0.161437300730337,0.181845256026507,0.151881375417756,0.144349120956314,0.175374022188771,0.149570655977723,0.142085516812986,0.140669345339361,0.157572815622904,0.140750910306068,0.140706194592675,0.155024846250803,0.142468945187306,0.164734278124414,0.15362467895458,0.154576295271958,0.157475630412125,0.14372641030719,0.154579212330629,0.143615453574788,0.178546588491139,0.156377071959023,0.177587477127447,0.145403598020655,0.192181413156454,0.144319048960914,0.183969780321001,0.157664112464892,0.782486928135095,0.14074168338658,0.140886906168695,0.140816976051166,0.140656145544544,0.140793514386145,0.140789854499944
FF68_CN94,0.185242060259602,0.205536801128461,0.21426578412624,0.214118224358638,0.213880039632375,0.214591726830752,0.214238170138791,0.213213452080721,0.213721053675013,0.214236304723589,0.206062272315357,0.214048139833139,0.20528204049799,0.21429803452597,0.214086145059631,0.214071159140192,0.214364450818891,0.214227340714969,0.214102808600796,0.214088840939319,0.214497934422119,0.179565276292012,0.214137621338185,0.155289810326841,0.15763545518035,0.158870222328686,0.0751256786262235,0.134637832013878,0.168592186286974,0.135438604264406,0.14164616354131,0.139908201685602,0.144939647976722,0.144366823621383,0.158411935301371,0.0511901689321129,0.00913555170161421,0.016691576644017,0.0196882388833683,0.113609039830163,0.110503369737378,0.116393345206078,0.166376427748318,0.089280536813987,0.152000369710961,0.0762160576301187,0.143806923630428,0.137837958052246,0.020129657883288,0.132831225382658,0.187578728584925,0.190615019421045,0.191685254444675,0.12951880301842,0.214396233821523,0.16785408280621,0.214279484703661,0.14890160624493,0.143641536002105,0.205582626909961,0.161707038933871,0.181581677449008,0.0739131170132084,0.206515864505754,0.185460631000522,0.148022962299404,0.151438525014226,0.183082184886419,0.158275597237298,0.12996821367407,0.143025114347857,0.159253654876193,0.131714943398545,0.143823804177388,0.000182731399191483,0.143275451398655,0.1402040056237,0.144293575819099,0.171627225166583,0.127185360567708,0.145688130176964,0.140197386946944,0.190175065210243,0.185139408172057,0.173023640766461,0.17716121514769,0.141726146869625,0.139627120756076,0.171354924625389,0.145869989379786,0.150476312971574,0.158478055297918,0.181169712812609,0.129289215060201,0.167782654514056,0.142372845005503,0.0121685498921101,0.14042692900009,0.134666226387552,0.143348382038623,0.000196999530231382,0.135747486974858,0.146930158673065,0.138758350574234,0.127734986168893,0.166398537300306,0.133303455032319,0.136544837210922,0.148338651480088,0.139202415375581,0.178567725690237,0.123289764340971,0.12837718143452,0.0317534188995334,0.137067145121032,0.127543841621946,0.136765711551822,0.138133006643249,0.134766687551202,0.152495526857531,0.13637378656598,0.136921893126599,0.149333280850004,0.143611334637866,0.134097395773484,0.138195303999248,0.214239217609072,0.173574159429959,0.128211651917793,0.127517283451155,0.173845562735653,0.141624871934242,0.139529297047476,0.12687682423189,0.152641542545437,0.14780066072808,0.14315041432869,0.175628782819242,0.18364962582876,0.138337855940806,0.143528592832039,0.200255760614073,0.213959217535334,0.147812566834502,0.213705925867169,0.214479196806334,0.173999127721321,0.141326998094713,0.17490012743695,0.197089608502231,0.160076853841026,0.154631731906275,0.168292513803257,0.159916599234399,0.168144666085657,0.146427564904818,0.158086372357001,0.145157008493014,0.166050743781485,0.143400434217172,0.179805593517532,0.150451737065258,0.176964027823982,0.14074168338658,0.721201974198363,0.214251269777087,0.214240223347469,0.213855209161569,0.213974132510571,0.214684171299542
FF68_CN95,0.185207794209889,0.205469191303666,0.214267699619702,0.214371282328254,0.213934453835542,0.214298514442632,0.214337279189408,0.213489212195074,0.213823000493723,0.214283624506525,0.206222393379956,0.214092621847983,0.205239261144001,0.214019010978311,0.214085222785001,0.213970205540314,0.214247180052483,0.214292396548481,0.214325360563422,0.214181565011729,0.214408331894609,0.179603373328649,0.21441621922063,0.155222909944069,0.157493353943136,0.15918145454419,0.0750985069967412,0.134570931631106,0.168674978171062,0.135407885424808,0.141635309078358,0.139769647658503,0.145173551011716,0.144540424084419,0.158552901431348,0.0511445518100318,0.009103413977971,0.0167353492168385,0.0196780938624388,0.11375710038037,0.110625890374756,0.116349146968043,0.166312365133638,0.0892540746265278,0.152000866320377,0.0761725688341068,0.143720158871011,0.137912946074081,0.0201358300288882,0.1327955404489,0.187778578402814,0.190484978698223,0.191668724445538,0.129558318939103,0.214200924432581,0.167904240357239,0.213889788200409,0.148888623455909,0.143573216735287,0.205483801636152,0.161711792195425,0.181699941434248,0.0738071973191696,0.206620649092556,0.185458289841846,0.147802822439656,0.151343246950532,0.182886875497478,0.158061132913735,0.12992756264615,0.14302490151525,0.159076790979851,0.131701251167501,0.143791666453744,0.000112283806304362,0.143246151443104,0.140074674342901,0.144250087023087,0.17168163936975,0.127297949016763,0.145685079576265,0.140216329048959,0.190139380276485,0.184971057579992,0.173016333513624,0.177366031059739,0.141805391543597,0.139585760286133,0.17131427359747,0.145870485989202,0.15040444649464,0.15841683045133,0.181016260503027,0.129484808225952,0.167782441681449,0.142467697403983,0.0121122911396836,0.140480633761234,0.134644020852232,0.143342493669832,0.000192530045486467,0.135821765554669,0.146915047557974,0.138705639031923,0.127785143719922,0.166443019315151,0.133329491554565,0.13662762909501,0.148358303024126,0.139296558332038,0.178778926580494,0.123288842066341,0.128510343702243,0.0317929348202165,0.137095309969347,0.12759045196286,0.136786781979906,0.138188839730462,0.134733840385536,0.152481834626487,0.13645941621816,0.13692593694613,0.149321716945029,0.143647303348434,0.134012049898113,0.138241204898138,0.214156709501793,0.173827926841598,0.128424271692096,0.127668181769454,0.174070243024347,0.141682833347524,0.139465234432796,0.127055390789088,0.152699503958718,0.147759300258137,0.143001928113269,0.175572524066816,0.183330164085788,0.138294367144794,0.143670977846061,0.199818531495277,0.213818535182167,0.147744247567684,0.213973172677246,0.214051899875861,0.174037224757958,0.14127641487847,0.175071599573917,0.196953892243225,0.160219948297072,0.154548514356974,0.168271017709959,0.160084524161251,0.168033780297456,0.146591942621555,0.158008120901861,0.145123451885324,0.166042017644602,0.143571906354139,0.179681937772918,0.150484158565711,0.176937565636522,0.140886906168695,0.214251269777087,0.720941795884936,0.214358487332709,0.213871313495492,0.213998750148771,0.214382445607145
FF68_CN96,0.185332960648694,0.205710706234248,0.214548233861552,0.214539724730464,0.21420079923693,0.214252705353886,0.214551125881093,0.213544143873599,0.213986476801772,0.214557064328144,0.206362458101244,0.214326332916312,0.205499221567182,0.21394411476662,0.214384911961473,0.213712273286681,0.214146743927964,0.214539587015247,0.214510120132161,0.214389736167229,0.214178777321898,0.179820767230449,0.214590337159024,0.155062880689615,0.157207753450605,0.15916260425232,0.0750888794511698,0.134619478331423,0.168681667792021,0.1353663329882,0.141612202134349,0.139747250156517,0.145192301147066,0.144554208125608,0.158478714661681,0.0511831663220268,0.00909165810633059,0.0166760607296548,0.0196216431433471,0.113599199451984,0.110551703605089,0.116316107835711,0.166351689087656,0.0892011711175514,0.15187772805112,0.0760891593181398,0.143734652354223,0.137882035267818,0.0200488733028063,0.13283770217101,0.187871819950582,0.190654839984479,0.191892503325544,0.129660783233171,0.214002585308883,0.168004576325238,0.213833337481318,0.148962710069055,0.143626020087743,0.205789166348808,0.1617035835339,0.181859870532181,0.0737422332958015,0.206723113386624,0.185614671729664,0.147586747265382,0.151259127992542,0.182968765972878,0.158147280041273,0.129926448404855,0.143014564527656,0.159187059136172,0.131761148940187,0.143843760364177,7.92446739729361e-05,0.143165579695229,0.14009555280432,0.144234783941331,0.171713868903537,0.127403251078923,0.145701701385545,0.140205282619341,0.190409982330012,0.185048691403253,0.173027279786721,0.177435861020748,0.141739718078206,0.139439919872139,0.171315287682244,0.145831061878663,0.150236613377933,0.158251835102715,0.181013727377686,0.129504977245348,0.167621702984972,0.14241337501096,0.0120444893482234,0.140494417802422,0.134638649958798,0.143337122776399,0.000102735551312104,0.135807171914937,0.146863562933044,0.138735740239641,0.127669809312918,0.166396500784381,0.133312769588763,0.136544929021066,0.148352932130693,0.139296862974789,0.178760785730646,0.123347320954981,0.128472338475751,0.0316818570653514,0.137067946373199,0.127463766483488,0.136754452289598,0.138097626352242,0.134682355760605,0.152413323393004,0.136300096405728,0.136912762190443,0.149315636609573,0.143671019577945,0.134049245526062,0.138328770909723,0.213898067806137,0.173885696288214,0.128474237276459,0.127739430614508,0.174114533072526,0.141669658591838,0.139455606887225,0.127111031909636,0.152533089726057,0.147400627237234,0.142934126321809,0.175494790087033,0.183177229251563,0.138318083374305,0.143752158879438,0.199778397942716,0.213656377601643,0.147389121756895,0.21412387902888,0.214044400656358,0.174077967596021,0.141017063740791,0.175155618375386,0.197074802029891,0.160286940489988,0.154431761065924,0.167971228376967,0.160136618071684,0.167778685811915,0.146512080315703,0.157763668046665,0.145130141506283,0.165958608128635,0.143560150482498,0.179527584054647,0.150422032310435,0.177151412328207,0.140816976051166,0.214240223347469,0.214358487332709,0.720870760169167,0.214128436150581,0.214265095550159,0.214316772141754
FF68_CN97,0.184951493672909,0.205346975309039,0.214133423110684,0.214084475784283,0.215236087981143,0.213785395893314,0.214212225426689,0.214548926610821,0.215096966400426,0.214102524823987,0.205922107437547,0.214781298085683,0.205173091069194,0.215069502647758,0.213936047993499,0.214735501516502,0.214449888504406,0.214129032916518,0.214082539424879,0.213942291083302,0.213749068288546,0.1794712251457,0.214076913966955,0.154937522284145,0.157652786431654,0.159006030397836,0.0756091132866601,0.134367839245853,0.16843215703252,0.13524097458273,0.142700699030289,0.139612669004748,0.145123698103438,0.144454389632967,0.158917362664522,0.0510067280908985,0.00904220999732505,0.0166315787148106,0.0194572654266103,0.114173350881225,0.11105349194798,0.116676717216019,0.166880436227423,0.089002740183709,0.15296622494706,0.0760978854550232,0.143651151028112,0.13761904510988,0.0199001033105761,0.132715890975655,0.188306211301285,0.190289690175224,0.191522387422128,0.129602821819889,0.213675745368872,0.168445352654148,0.213461802693855,0.148795494584226,0.143341746669113,0.205439624264059,0.162162805355409,0.181598299258289,0.073798492048228,0.206329585896447,0.185342458825426,0.147272677281785,0.151160018941924,0.182638378822751,0.159295370067148,0.129960714454568,0.142765053768155,0.158868023058414,0.131564846332413,0.143647457756404,3.12154490134052e-05,0.143034545753575,0.13999360598561,0.143978888203623,0.171386319521503,0.127391403397138,0.145574214654006,0.14009127528624,0.190015745397812,0.184833943302881,0.172766417954851,0.17715442537021,0.141568955383262,0.13932875030713,0.171096282929733,0.145705703473193,0.15092924162502,0.158750785677514,0.180699657394089,0.129430698665536,0.167232432146933,0.142288726047513,0.0119808523987575,0.140936613015379,0.134392686409413,0.143252912008264,3.48419497078255e-05,0.135605193770979,0.146569357326092,0.138494033342394,0.127641644464604,0.166291716197579,0.133181026205086,0.136311025986072,0.148163014501127,0.139690106688156,0.178475093427971,0.123031832087338,0.128410120410331,0.0316494355648987,0.136902149772416,0.127405805070206,0.136631222210197,0.137869398853432,0.134635035977669,0.152162393749457,0.136678441836612,0.136726391770992,0.149210852022771,0.143417961608329,0.13395368368556,0.138839781998913,0.213486804265384,0.174969936532016,0.128429045819592,0.127726873490701,0.175130666882117,0.141462714353719,0.139401192684058,0.12707790096716,0.152379353639665,0.147817282537361,0.142769748605072,0.175809995177867,0.182873800898312,0.138135969606992,0.14366227257512,0.199467165727211,0.214716496816662,0.147807905383092,0.21510950683148,0.213688473593403,0.175082750333244,0.14087751649486,0.174820265131098,0.196710361662659,0.160123981657297,0.154934258850839,0.169007936005225,0.160015516318352,0.168816102882197,0.146292366121169,0.157519123381326,0.144909008427703,0.167066259959197,0.14332057191132,0.179117739397941,0.150325051585886,0.176879199423969,0.140656145544544,0.213855209161569,0.213871313495492,0.214128436150581,0.721553312230689,0.214717222951438,0.213923244651578
FF68_CN98,0.185151293412537,0.205514850157631,0.214221840452696,0.214190629176871,0.214627123814513,0.213918508082777,0.214348175384245,0.213959826820836,0.214449692364552,0.214232799245358,0.2061041711266,0.214536277676869,0.205292014418196,0.214466923459335,0.21404291082811,0.21411660516155,0.214197773675361,0.214262145105981,0.214182307839259,0.214081078808949,0.213847417818881,0.179575250212219,0.214227762206994,0.155028777394249,0.157412732117001,0.159070326711065,0.0754052405151823,0.134516559159823,0.168502128881933,0.135291791497521,0.142187509536768,0.139691154158437,0.145136914591009,0.144471153330652,0.158701429378653,0.0511448063745226,0.00913772175956699,0.0167114827525459,0.0196116608767642,0.11389285837126,0.110841105872226,0.116518958176038,0.166596396507342,0.0890890291996517,0.152475028156254,0.076099750870225,0.143677137472097,0.137845803646383,0.0200431476883617,0.13281211217992,0.188056934240333,0.19044692339347,0.191669688452052,0.12962313272769,0.21372585284164,0.168215230527818,0.213576469390719,0.148891715788492,0.143493304351175,0.205558547613061,0.161924879366826,0.181673946643886,0.073762757036209,0.206430773194874,0.185440808355761,0.147404370587202,0.151202322552439,0.182780713758513,0.158793531645996,0.129930654978733,0.142941441921023,0.159070660566135,0.131732721181005,0.143781988829912,7.21001754821855e-05,0.143152759660554,0.140058611740861,0.144127608117592,0.171583281493039,0.127349283406912,0.145670435858271,0.140157699925537,0.190212707369348,0.184898949058133,0.172888888513969,0.177238586060084,0.141700648688679,0.139408654344865,0.171210949626597,0.145845910082886,0.150635269716617,0.158534852391644,0.180837735677713,0.12947513060212,0.167455643473321,0.142409068280562,0.012064303646608,0.140781691743491,0.13457120288835,0.143336363256115,0.000120421523627479,0.135707090511428,0.146764190971559,0.138639915488272,0.127692461379395,0.16635175585867,0.133282213503512,0.136515082377838,0.148345787632202,0.139576333053603,0.178621685015871,0.123255043413726,0.12845597123096,0.0317882232905458,0.137060092432686,0.127455203100951,0.13677852324012,0.138091191295774,0.134705717269105,0.152294087054873,0.136527067774839,0.136844605677972,0.149343964212233,0.143638335166625,0.134052033215894,0.138527364597911,0.213607855940456,0.174493638023693,0.128382669177228,0.127670564660014,0.174708285967545,0.141629879760287,0.139464070113241,0.127042165955141,0.15244506883694,0.14759638315733,0.142880868091821,0.175657202232047,0.183022520812282,0.138276176216686,0.143679036272805,0.199586089076213,0.214118174280377,0.147591262655199,0.214503380432942,0.213790370333852,0.174536926506664,0.14095600164855,0.174995943841943,0.197071914183539,0.160232972817977,0.154667245739311,0.168503259815981,0.160086907051811,0.168271697939663,0.14647159204213,0.15763379007819,0.144999554095784,0.166531077762962,0.143507601694533,0.179258655449657,0.150405665065645,0.176993866120833,0.140793514386145,0.213974132510571,0.213998750148771,0.214265095550159,0.214717222951438,0.720991089616208,0.214046424652718
FF68_CN99,0.185229928801008,0.205505514735245,0.214314664681627,0.214248690746673,0.213977162245328,0.214666147298968,0.214307624512846,0.213277940360615,0.213730914919133,0.214309306307759,0.206137402225596,0.21408637875818,0.205280550669741,0.21434762452338,0.214130059520857,0.214130681325924,0.21446299231589,0.214327301096014,0.214258814901661,0.214134883726614,0.214598604245187,0.179575846978156,0.214271634936336,0.155250010629349,0.157603459345111,0.158867313616391,0.0750951016750308,0.134583843475925,0.16853323165486,0.135420087827604,0.141642545386993,0.139830801560889,0.144943124242634,0.144340503322328,0.158450174226413,0.0512071245964634,0.00910497475042153,0.0167134984025291,0.0196782357508433,0.113637346566882,0.110550831408719,0.116329424479803,0.166339465818918,0.0892655675873009,0.15193290177457,0.0761641974182349,0.14371888187537,0.137830083245791,0.0201473229896611,0.132762338562222,0.187685783386201,0.19059082744806,0.191670994660012,0.129426504611223,0.214447952145002,0.1678660723764,0.214257421056745,0.148829881656402,0.14355420368907,0.205532185582123,0.161684265844931,0.18158728204099,0.0738577095912095,0.206478902576354,0.185458431730251,0.147996642000349,0.151347645491075,0.183040966304881,0.158200325438654,0.129964595519752,0.142994537396664,0.159252874489968,0.13172125743255,0.143762011777182,0.000151445005975811,0.143235651701163,0.140155692621931,0.144218304020455,0.171627154222381,0.127106541558949,0.145658972109817,0.140193768792626,0.190138812722866,0.185136499459763,0.173055494713296,0.177164691413602,0.141734589229699,0.13960505710916,0.171344921492865,0.145860695689284,0.150477660911418,0.158536868041627,0.181190925129098,0.129245158710571,0.16779819129436,0.142357875778817,0.0121968566288292,0.140404865353174,0.134627845574106,0.143352567746559,0.000184158629614475,0.135737483842333,0.146921574424586,0.138719969760788,0.127724983036369,0.166448127297716,0.133289904689679,0.136553279570996,0.148349222166231,0.139213695503747,0.178604545731232,0.123176182673083,0.128375691606272,0.0317959144767133,0.137056432546484,0.127519649648961,0.1367095946878,0.138118746858586,0.134707023477065,0.152506097543674,0.136368749527616,0.136909052225982,0.149327534369618,0.14358004824465,0.134049082771716,0.138189557518862,0.214319313613472,0.173623749427369,0.12820448655336,0.127461876029156,0.173857552305842,0.141612031033626,0.13951432782079,0.126850503932836,0.152626573318751,0.14774028721192,0.143147505616395,0.175660636766076,0.183629690507912,0.138289542939037,0.143441969961026,0.200255689669871,0.214023705815228,0.14778908430354,0.21387257379838,0.214525949035652,0.173984867936658,0.141314866636119,0.174920630311415,0.19707109206543,0.160030669165326,0.154604702165198,0.168352745431012,0.159852678508124,0.168125440206832,0.146482120996389,0.158167887245448,0.145120046563614,0.166020876272316,0.143432288164006,0.179833900254251,0.150456632215217,0.176940545293019,0.140789854499944,0.214684171299542,0.214382445607145,0.214316772141754,0.213923244651578,0.214046424652718,0.721191108964055